ISO-10303-21;
HEADER;
FILE_DESCRIPTION(('Open CASCADE Model'),'2;1');
FILE_NAME('Open CASCADE Shape Model','2026-09-11T10:18:19',('Author'),(
    'Open CASCADE'),'Open CASCADE STEP processor 7.9','Open CASCADE 7.9'
  ,'Unknown');
FILE_SCHEMA(('AUTOMOTIVE_DESIGN { 1 0 10303 214 1 1 1 1 }'));
ENDSEC;
DATA;
#1 = APPLICATION_PROTOCOL_DEFINITION('international standard',
  'automotive_design',2000,#2);
#2 = APPLICATION_CONTEXT(
  'core data for automotive mechanical design processes');
#3 = SHAPE_DEFINITION_REPRESENTATION(#4,#10);
#4 = PRODUCT_DEFINITION_SHAPE('','',#5);
#5 = PRODUCT_DEFINITION('design','',#6,#9);
#6 = PRODUCT_DEFINITION_FORMATION('','',#7);
#7 = PRODUCT('Robur_8049_M30','Robur_8049_M30','',(#8));
#8 = PRODUCT_CONTEXT('',#2,'mechanical');
#9 = PRODUCT_DEFINITION_CONTEXT('part definition',#2,'design');
#10 = SHAPE_REPRESENTATION('',(#11,#15,#19),#23);
#11 = AXIS2_PLACEMENT_3D('',#12,#13,#14);
#12 = CARTESIAN_POINT('',(0.,0.,0.));
#13 = DIRECTION('',(0.,0.,1.));
#14 = DIRECTION('',(1.,0.,-0.));
#15 = AXIS2_PLACEMENT_3D('',#16,#17,#18);
#16 = CARTESIAN_POINT('',(0.,0.,0.));
#17 = DIRECTION('',(0.,0.,1.));
#18 = DIRECTION('',(1.,0.,-0.));
#19 = AXIS2_PLACEMENT_3D('',#20,#21,#22);
#20 = CARTESIAN_POINT('',(0.,0.,0.));
#21 = DIRECTION('',(0.,0.,1.));
#22 = DIRECTION('',(1.,0.,-0.));
#23 = ( GEOMETRIC_REPRESENTATION_CONTEXT(3) 
GLOBAL_UNCERTAINTY_ASSIGNED_CONTEXT((#27)) GLOBAL_UNIT_ASSIGNED_CONTEXT(
(#24,#25,#26)) REPRESENTATION_CONTEXT('Context #1',
  '3D Context with UNIT and UNCERTAINTY') );
#24 = ( LENGTH_UNIT() NAMED_UNIT(*) SI_UNIT(.MILLI.,.METRE.) );
#25 = ( NAMED_UNIT(*) PLANE_ANGLE_UNIT() SI_UNIT($,.RADIAN.) );
#26 = ( NAMED_UNIT(*) SI_UNIT($,.STERADIAN.) SOLID_ANGLE_UNIT() );
#27 = UNCERTAINTY_MEASURE_WITH_UNIT(LENGTH_MEASURE(2.E-05),#24,
  'distance_accuracy_value','confusion accuracy');
#28 = PRODUCT_RELATED_PRODUCT_CATEGORY('part',$,(#7));
#29 = SHAPE_DEFINITION_REPRESENTATION(#30,#36);
#30 = PRODUCT_DEFINITION_SHAPE('','',#31);
#31 = PRODUCT_DEFINITION('design','',#32,#35);
#32 = PRODUCT_DEFINITION_FORMATION('','',#33);
#33 = PRODUCT('corpo_girevole_M30','corpo_girevole_M30','',(#34));
#34 = PRODUCT_CONTEXT('',#2,'mechanical');
#35 = PRODUCT_DEFINITION_CONTEXT('part definition',#2,'design');
#36 = ADVANCED_BREP_SHAPE_REPRESENTATION('',(#11,#37),#421);
#37 = MANIFOLD_SOLID_BREP('',#38);
#38 = CLOSED_SHELL('',(#39,#127,#180,#215,#219,#274,#309,#364,#417));
#39 = ADVANCED_FACE('',(#40),#54,.T.);
#40 = FACE_BOUND('',#41,.F.);
#41 = EDGE_LOOP('',(#42,#72,#99,#100));
#42 = ORIENTED_EDGE('',*,*,#43,.F.);
#43 = EDGE_CURVE('',#44,#46,#48,.T.);
#44 = VERTEX_POINT('',#45);
#45 = CARTESIAN_POINT('',(23.,0.,42.));
#46 = VERTEX_POINT('',#47);
#47 = CARTESIAN_POINT('',(23.,0.,14.));
#48 = SEAM_CURVE('',#49,(#53,#65),.PCURVE_S1.);
#49 = LINE('',#50,#51);
#50 = CARTESIAN_POINT('',(23.,0.,44.));
#51 = VECTOR('',#52,1.);
#52 = DIRECTION('',(0.,0.,-1.));
#53 = PCURVE('',#54,#59);
#54 = CYLINDRICAL_SURFACE('',#55,23.);
#55 = AXIS2_PLACEMENT_3D('',#56,#57,#58);
#56 = CARTESIAN_POINT('',(0.,0.,14.));
#57 = DIRECTION('',(-0.,-0.,-1.));
#58 = DIRECTION('',(1.,0.,0.));
#59 = DEFINITIONAL_REPRESENTATION('',(#60),#64);
#60 = LINE('',#61,#62);
#61 = CARTESIAN_POINT('',(-0.,-30.));
#62 = VECTOR('',#63,1.);
#63 = DIRECTION('',(0.,1.));
#64 = ( GEOMETRIC_REPRESENTATION_CONTEXT(2) 
PARAMETRIC_REPRESENTATION_CONTEXT() REPRESENTATION_CONTEXT('2D SPACE',''
  ) );
#65 = PCURVE('',#54,#66);
#66 = DEFINITIONAL_REPRESENTATION('',(#67),#71);
#67 = LINE('',#68,#69);
#68 = CARTESIAN_POINT('',(-6.28318530718,-30.));
#69 = VECTOR('',#70,1.);
#70 = DIRECTION('',(0.,1.));
#71 = ( GEOMETRIC_REPRESENTATION_CONTEXT(2) 
PARAMETRIC_REPRESENTATION_CONTEXT() REPRESENTATION_CONTEXT('2D SPACE',''
  ) );
#72 = ORIENTED_EDGE('',*,*,#73,.T.);
#73 = EDGE_CURVE('',#44,#44,#74,.T.);
#74 = SURFACE_CURVE('',#75,(#80,#87),.PCURVE_S1.);
#75 = CIRCLE('',#76,23.);
#76 = AXIS2_PLACEMENT_3D('',#77,#78,#79);
#77 = CARTESIAN_POINT('',(0.,0.,42.));
#78 = DIRECTION('',(0.,0.,1.));
#79 = DIRECTION('',(1.,0.,-0.));
#80 = PCURVE('',#54,#81);
#81 = DEFINITIONAL_REPRESENTATION('',(#82),#86);
#82 = LINE('',#83,#84);
#83 = CARTESIAN_POINT('',(-0.,-28.));
#84 = VECTOR('',#85,1.);
#85 = DIRECTION('',(-1.,0.));
#86 = ( GEOMETRIC_REPRESENTATION_CONTEXT(2) 
PARAMETRIC_REPRESENTATION_CONTEXT() REPRESENTATION_CONTEXT('2D SPACE',''
  ) );
#87 = PCURVE('',#88,#93);
#88 = CONICAL_SURFACE('',#89,23.,0.785398163397);
#89 = AXIS2_PLACEMENT_3D('',#90,#91,#92);
#90 = CARTESIAN_POINT('',(0.,0.,42.));
#91 = DIRECTION('',(-0.,-0.,-1.));
#92 = DIRECTION('',(1.,0.,0.));
#93 = DEFINITIONAL_REPRESENTATION('',(#94),#98);
#94 = LINE('',#95,#96);
#95 = CARTESIAN_POINT('',(-0.,-0.));
#96 = VECTOR('',#97,1.);
#97 = DIRECTION('',(-1.,-0.));
#98 = ( GEOMETRIC_REPRESENTATION_CONTEXT(2) 
PARAMETRIC_REPRESENTATION_CONTEXT() REPRESENTATION_CONTEXT('2D SPACE',''
  ) );
#99 = ORIENTED_EDGE('',*,*,#43,.T.);
#100 = ORIENTED_EDGE('',*,*,#101,.F.);
#101 = EDGE_CURVE('',#46,#46,#102,.T.);
#102 = SURFACE_CURVE('',#103,(#108,#115),.PCURVE_S1.);
#103 = CIRCLE('',#104,23.);
#104 = AXIS2_PLACEMENT_3D('',#105,#106,#107);
#105 = CARTESIAN_POINT('',(0.,0.,14.));
#106 = DIRECTION('',(0.,0.,1.));
#107 = DIRECTION('',(1.,0.,0.));
#108 = PCURVE('',#54,#109);
#109 = DEFINITIONAL_REPRESENTATION('',(#110),#114);
#110 = LINE('',#111,#112);
#111 = CARTESIAN_POINT('',(-0.,0.));
#112 = VECTOR('',#113,1.);
#113 = DIRECTION('',(-1.,0.));
#114 = ( GEOMETRIC_REPRESENTATION_CONTEXT(2) 
PARAMETRIC_REPRESENTATION_CONTEXT() REPRESENTATION_CONTEXT('2D SPACE',''
  ) );
#115 = PCURVE('',#116,#121);
#116 = PLANE('',#117);
#117 = AXIS2_PLACEMENT_3D('',#118,#119,#120);
#118 = CARTESIAN_POINT('',(-1.446548239381E-15,1.658244289621E-15,14.));
#119 = DIRECTION('',(0.,0.,1.));
#120 = DIRECTION('',(1.,0.,-0.));
#121 = DEFINITIONAL_REPRESENTATION('',(#122),#126);
#122 = CIRCLE('',#123,23.);
#123 = AXIS2_PLACEMENT_2D('',#124,#125);
#124 = CARTESIAN_POINT('',(1.446548239381E-15,-1.658244289621E-15));
#125 = DIRECTION('',(1.,0.));
#126 = ( GEOMETRIC_REPRESENTATION_CONTEXT(2) 
PARAMETRIC_REPRESENTATION_CONTEXT() REPRESENTATION_CONTEXT('2D SPACE',''
  ) );
#127 = ADVANCED_FACE('',(#128),#88,.T.);
#128 = FACE_BOUND('',#129,.T.);
#129 = EDGE_LOOP('',(#130,#151,#152,#153));
#130 = ORIENTED_EDGE('',*,*,#131,.F.);
#131 = EDGE_CURVE('',#44,#132,#134,.T.);
#132 = VERTEX_POINT('',#133);
#133 = CARTESIAN_POINT('',(21.,0.,44.));
#134 = SEAM_CURVE('',#135,(#139,#145),.PCURVE_S1.);
#135 = LINE('',#136,#137);
#136 = CARTESIAN_POINT('',(23.,0.,42.));
#137 = VECTOR('',#138,1.);
#138 = DIRECTION('',(-0.707106781187,0.,0.707106781187));
#139 = PCURVE('',#88,#140);
#140 = DEFINITIONAL_REPRESENTATION('',(#141),#144);
#141 = B_SPLINE_CURVE_WITH_KNOTS('',1,(#142,#143),.UNSPECIFIED.,.F.,.F.,
  (2,2),(0.,2.828427124746),.PIECEWISE_BEZIER_KNOTS.);
#142 = CARTESIAN_POINT('',(0.,0.));
#143 = CARTESIAN_POINT('',(0.,-2.));
#144 = ( GEOMETRIC_REPRESENTATION_CONTEXT(2) 
PARAMETRIC_REPRESENTATION_CONTEXT() REPRESENTATION_CONTEXT('2D SPACE',''
  ) );
#145 = PCURVE('',#88,#146);
#146 = DEFINITIONAL_REPRESENTATION('',(#147),#150);
#147 = B_SPLINE_CURVE_WITH_KNOTS('',1,(#148,#149),.UNSPECIFIED.,.F.,.F.,
  (2,2),(0.,2.828427124746),.PIECEWISE_BEZIER_KNOTS.);
#148 = CARTESIAN_POINT('',(-6.28318530718,0.));
#149 = CARTESIAN_POINT('',(-6.28318530718,-2.));
#150 = ( GEOMETRIC_REPRESENTATION_CONTEXT(2) 
PARAMETRIC_REPRESENTATION_CONTEXT() REPRESENTATION_CONTEXT('2D SPACE',''
  ) );
#151 = ORIENTED_EDGE('',*,*,#73,.T.);
#152 = ORIENTED_EDGE('',*,*,#131,.T.);
#153 = ORIENTED_EDGE('',*,*,#154,.F.);
#154 = EDGE_CURVE('',#132,#132,#155,.T.);
#155 = SURFACE_CURVE('',#156,(#161,#168),.PCURVE_S1.);
#156 = CIRCLE('',#157,21.);
#157 = AXIS2_PLACEMENT_3D('',#158,#159,#160);
#158 = CARTESIAN_POINT('',(0.,0.,44.));
#159 = DIRECTION('',(0.,0.,1.));
#160 = DIRECTION('',(1.,0.,-0.));
#161 = PCURVE('',#88,#162);
#162 = DEFINITIONAL_REPRESENTATION('',(#163),#167);
#163 = LINE('',#164,#165);
#164 = CARTESIAN_POINT('',(-0.,-2.));
#165 = VECTOR('',#166,1.);
#166 = DIRECTION('',(-1.,-0.));
#167 = ( GEOMETRIC_REPRESENTATION_CONTEXT(2) 
PARAMETRIC_REPRESENTATION_CONTEXT() REPRESENTATION_CONTEXT('2D SPACE',''
  ) );
#168 = PCURVE('',#169,#174);
#169 = PLANE('',#170);
#170 = AXIS2_PLACEMENT_3D('',#171,#172,#173);
#171 = CARTESIAN_POINT('',(-1.426894051345E-15,1.914892223345E-15,44.));
#172 = DIRECTION('',(0.,0.,1.));
#173 = DIRECTION('',(1.,0.,-0.));
#174 = DEFINITIONAL_REPRESENTATION('',(#175),#179);
#175 = CIRCLE('',#176,21.);
#176 = AXIS2_PLACEMENT_2D('',#177,#178);
#177 = CARTESIAN_POINT('',(1.426894051345E-15,-1.914892223345E-15));
#178 = DIRECTION('',(1.,0.));
#179 = ( GEOMETRIC_REPRESENTATION_CONTEXT(2) 
PARAMETRIC_REPRESENTATION_CONTEXT() REPRESENTATION_CONTEXT('2D SPACE',''
  ) );
#180 = ADVANCED_FACE('',(#181,#212),#116,.T.);
#181 = FACE_BOUND('',#182,.T.);
#182 = EDGE_LOOP('',(#183));
#183 = ORIENTED_EDGE('',*,*,#184,.T.);
#184 = EDGE_CURVE('',#185,#185,#187,.T.);
#185 = VERTEX_POINT('',#186);
#186 = CARTESIAN_POINT('',(30.25,0.,14.));
#187 = SURFACE_CURVE('',#188,(#193,#200),.PCURVE_S1.);
#188 = CIRCLE('',#189,30.25);
#189 = AXIS2_PLACEMENT_3D('',#190,#191,#192);
#190 = CARTESIAN_POINT('',(0.,0.,14.));
#191 = DIRECTION('',(0.,0.,1.));
#192 = DIRECTION('',(1.,0.,0.));
#193 = PCURVE('',#116,#194);
#194 = DEFINITIONAL_REPRESENTATION('',(#195),#199);
#195 = CIRCLE('',#196,30.25);
#196 = AXIS2_PLACEMENT_2D('',#197,#198);
#197 = CARTESIAN_POINT('',(1.446548239381E-15,-1.658244289621E-15));
#198 = DIRECTION('',(1.,0.));
#199 = ( GEOMETRIC_REPRESENTATION_CONTEXT(2) 
PARAMETRIC_REPRESENTATION_CONTEXT() REPRESENTATION_CONTEXT('2D SPACE',''
  ) );
#200 = PCURVE('',#201,#206);
#201 = CYLINDRICAL_SURFACE('',#202,30.25);
#202 = AXIS2_PLACEMENT_3D('',#203,#204,#205);
#203 = CARTESIAN_POINT('',(0.,0.,0.));
#204 = DIRECTION('',(-0.,-0.,-1.));
#205 = DIRECTION('',(1.,0.,0.));
#206 = DEFINITIONAL_REPRESENTATION('',(#207),#211);
#207 = LINE('',#208,#209);
#208 = CARTESIAN_POINT('',(-0.,-14.));
#209 = VECTOR('',#210,1.);
#210 = DIRECTION('',(-1.,0.));
#211 = ( GEOMETRIC_REPRESENTATION_CONTEXT(2) 
PARAMETRIC_REPRESENTATION_CONTEXT() REPRESENTATION_CONTEXT('2D SPACE',''
  ) );
#212 = FACE_BOUND('',#213,.T.);
#213 = EDGE_LOOP('',(#214));
#214 = ORIENTED_EDGE('',*,*,#101,.F.);
#215 = ADVANCED_FACE('',(#216),#169,.T.);
#216 = FACE_BOUND('',#217,.T.);
#217 = EDGE_LOOP('',(#218));
#218 = ORIENTED_EDGE('',*,*,#154,.T.);
#219 = ADVANCED_FACE('',(#220),#201,.T.);
#220 = FACE_BOUND('',#221,.F.);
#221 = EDGE_LOOP('',(#222,#245,#246,#247));
#222 = ORIENTED_EDGE('',*,*,#223,.T.);
#223 = EDGE_CURVE('',#224,#185,#226,.T.);
#224 = VERTEX_POINT('',#225);
#225 = CARTESIAN_POINT('',(30.25,0.,0.));
#226 = SEAM_CURVE('',#227,(#231,#238),.PCURVE_S1.);
#227 = LINE('',#228,#229);
#228 = CARTESIAN_POINT('',(30.25,0.,0.));
#229 = VECTOR('',#230,1.);
#230 = DIRECTION('',(0.,0.,1.));
#231 = PCURVE('',#201,#232);
#232 = DEFINITIONAL_REPRESENTATION('',(#233),#237);
#233 = LINE('',#234,#235);
#234 = CARTESIAN_POINT('',(-0.,0.));
#235 = VECTOR('',#236,1.);
#236 = DIRECTION('',(-0.,-1.));
#237 = ( GEOMETRIC_REPRESENTATION_CONTEXT(2) 
PARAMETRIC_REPRESENTATION_CONTEXT() REPRESENTATION_CONTEXT('2D SPACE',''
  ) );
#238 = PCURVE('',#201,#239);
#239 = DEFINITIONAL_REPRESENTATION('',(#240),#244);
#240 = LINE('',#241,#242);
#241 = CARTESIAN_POINT('',(-6.28318530718,0.));
#242 = VECTOR('',#243,1.);
#243 = DIRECTION('',(-0.,-1.));
#244 = ( GEOMETRIC_REPRESENTATION_CONTEXT(2) 
PARAMETRIC_REPRESENTATION_CONTEXT() REPRESENTATION_CONTEXT('2D SPACE',''
  ) );
#245 = ORIENTED_EDGE('',*,*,#184,.T.);
#246 = ORIENTED_EDGE('',*,*,#223,.F.);
#247 = ORIENTED_EDGE('',*,*,#248,.F.);
#248 = EDGE_CURVE('',#224,#224,#249,.T.);
#249 = SURFACE_CURVE('',#250,(#255,#262),.PCURVE_S1.);
#250 = CIRCLE('',#251,30.25);
#251 = AXIS2_PLACEMENT_3D('',#252,#253,#254);
#252 = CARTESIAN_POINT('',(0.,0.,0.));
#253 = DIRECTION('',(0.,0.,1.));
#254 = DIRECTION('',(1.,0.,0.));
#255 = PCURVE('',#201,#256);
#256 = DEFINITIONAL_REPRESENTATION('',(#257),#261);
#257 = LINE('',#258,#259);
#258 = CARTESIAN_POINT('',(-0.,0.));
#259 = VECTOR('',#260,1.);
#260 = DIRECTION('',(-1.,0.));
#261 = ( GEOMETRIC_REPRESENTATION_CONTEXT(2) 
PARAMETRIC_REPRESENTATION_CONTEXT() REPRESENTATION_CONTEXT('2D SPACE',''
  ) );
#262 = PCURVE('',#263,#268);
#263 = PLANE('',#264);
#264 = AXIS2_PLACEMENT_3D('',#265,#266,#267);
#265 = CARTESIAN_POINT('',(-1.446548239381E-15,1.658244289621E-15,0.));
#266 = DIRECTION('',(0.,0.,1.));
#267 = DIRECTION('',(1.,0.,-0.));
#268 = DEFINITIONAL_REPRESENTATION('',(#269),#273);
#269 = CIRCLE('',#270,30.25);
#270 = AXIS2_PLACEMENT_2D('',#271,#272);
#271 = CARTESIAN_POINT('',(1.446548239381E-15,-1.658244289621E-15));
#272 = DIRECTION('',(1.,0.));
#273 = ( GEOMETRIC_REPRESENTATION_CONTEXT(2) 
PARAMETRIC_REPRESENTATION_CONTEXT() REPRESENTATION_CONTEXT('2D SPACE',''
  ) );
#274 = ADVANCED_FACE('',(#275,#278),#263,.F.);
#275 = FACE_BOUND('',#276,.F.);
#276 = EDGE_LOOP('',(#277));
#277 = ORIENTED_EDGE('',*,*,#248,.T.);
#278 = FACE_BOUND('',#279,.F.);
#279 = EDGE_LOOP('',(#280));
#280 = ORIENTED_EDGE('',*,*,#281,.F.);
#281 = EDGE_CURVE('',#282,#282,#284,.T.);
#282 = VERTEX_POINT('',#283);
#283 = CARTESIAN_POINT('',(15.,0.,0.));
#284 = SURFACE_CURVE('',#285,(#290,#297),.PCURVE_S1.);
#285 = CIRCLE('',#286,15.);
#286 = AXIS2_PLACEMENT_3D('',#287,#288,#289);
#287 = CARTESIAN_POINT('',(0.,0.,0.));
#288 = DIRECTION('',(0.,0.,1.));
#289 = DIRECTION('',(1.,0.,0.));
#290 = PCURVE('',#263,#291);
#291 = DEFINITIONAL_REPRESENTATION('',(#292),#296);
#292 = CIRCLE('',#293,15.);
#293 = AXIS2_PLACEMENT_2D('',#294,#295);
#294 = CARTESIAN_POINT('',(1.446548239381E-15,-1.658244289621E-15));
#295 = DIRECTION('',(1.,0.));
#296 = ( GEOMETRIC_REPRESENTATION_CONTEXT(2) 
PARAMETRIC_REPRESENTATION_CONTEXT() REPRESENTATION_CONTEXT('2D SPACE',''
  ) );
#297 = PCURVE('',#298,#303);
#298 = CYLINDRICAL_SURFACE('',#299,15.);
#299 = AXIS2_PLACEMENT_3D('',#300,#301,#302);
#300 = CARTESIAN_POINT('',(0.,0.,0.));
#301 = DIRECTION('',(0.,0.,1.));
#302 = DIRECTION('',(1.,0.,0.));
#303 = DEFINITIONAL_REPRESENTATION('',(#304),#308);
#304 = LINE('',#305,#306);
#305 = CARTESIAN_POINT('',(0.,0.));
#306 = VECTOR('',#307,1.);
#307 = DIRECTION('',(1.,0.));
#308 = ( GEOMETRIC_REPRESENTATION_CONTEXT(2) 
PARAMETRIC_REPRESENTATION_CONTEXT() REPRESENTATION_CONTEXT('2D SPACE',''
  ) );
#309 = ADVANCED_FACE('',(#310),#298,.T.);
#310 = FACE_BOUND('',#311,.T.);
#311 = EDGE_LOOP('',(#312,#335,#362,#363));
#312 = ORIENTED_EDGE('',*,*,#313,.T.);
#313 = EDGE_CURVE('',#282,#314,#316,.T.);
#314 = VERTEX_POINT('',#315);
#315 = CARTESIAN_POINT('',(15.,0.,-41.5));
#316 = SEAM_CURVE('',#317,(#321,#328),.PCURVE_S1.);
#317 = LINE('',#318,#319);
#318 = CARTESIAN_POINT('',(15.,0.,0.));
#319 = VECTOR('',#320,1.);
#320 = DIRECTION('',(-0.,-0.,-1.));
#321 = PCURVE('',#298,#322);
#322 = DEFINITIONAL_REPRESENTATION('',(#323),#327);
#323 = LINE('',#324,#325);
#324 = CARTESIAN_POINT('',(0.,0.));
#325 = VECTOR('',#326,1.);
#326 = DIRECTION('',(0.,-1.));
#327 = ( GEOMETRIC_REPRESENTATION_CONTEXT(2) 
PARAMETRIC_REPRESENTATION_CONTEXT() REPRESENTATION_CONTEXT('2D SPACE',''
  ) );
#328 = PCURVE('',#298,#329);
#329 = DEFINITIONAL_REPRESENTATION('',(#330),#334);
#330 = LINE('',#331,#332);
#331 = CARTESIAN_POINT('',(6.28318530718,0.));
#332 = VECTOR('',#333,1.);
#333 = DIRECTION('',(0.,-1.));
#334 = ( GEOMETRIC_REPRESENTATION_CONTEXT(2) 
PARAMETRIC_REPRESENTATION_CONTEXT() REPRESENTATION_CONTEXT('2D SPACE',''
  ) );
#335 = ORIENTED_EDGE('',*,*,#336,.T.);
#336 = EDGE_CURVE('',#314,#314,#337,.T.);
#337 = SURFACE_CURVE('',#338,(#343,#350),.PCURVE_S1.);
#338 = CIRCLE('',#339,15.);
#339 = AXIS2_PLACEMENT_3D('',#340,#341,#342);
#340 = CARTESIAN_POINT('',(0.,0.,-41.5));
#341 = DIRECTION('',(0.,0.,1.));
#342 = DIRECTION('',(1.,0.,-0.));
#343 = PCURVE('',#298,#344);
#344 = DEFINITIONAL_REPRESENTATION('',(#345),#349);
#345 = LINE('',#346,#347);
#346 = CARTESIAN_POINT('',(0.,-41.5));
#347 = VECTOR('',#348,1.);
#348 = DIRECTION('',(1.,0.));
#349 = ( GEOMETRIC_REPRESENTATION_CONTEXT(2) 
PARAMETRIC_REPRESENTATION_CONTEXT() REPRESENTATION_CONTEXT('2D SPACE',''
  ) );
#350 = PCURVE('',#351,#356);
#351 = CONICAL_SURFACE('',#352,15.,0.785398163397);
#352 = AXIS2_PLACEMENT_3D('',#353,#354,#355);
#353 = CARTESIAN_POINT('',(0.,0.,-41.5));
#354 = DIRECTION('',(0.,0.,1.));
#355 = DIRECTION('',(1.,0.,-0.));
#356 = DEFINITIONAL_REPRESENTATION('',(#357),#361);
#357 = LINE('',#358,#359);
#358 = CARTESIAN_POINT('',(0.,-0.));
#359 = VECTOR('',#360,1.);
#360 = DIRECTION('',(1.,-0.));
#361 = ( GEOMETRIC_REPRESENTATION_CONTEXT(2) 
PARAMETRIC_REPRESENTATION_CONTEXT() REPRESENTATION_CONTEXT('2D SPACE',''
  ) );
#362 = ORIENTED_EDGE('',*,*,#313,.F.);
#363 = ORIENTED_EDGE('',*,*,#281,.F.);
#364 = ADVANCED_FACE('',(#365),#351,.T.);
#365 = FACE_BOUND('',#366,.F.);
#366 = EDGE_LOOP('',(#367,#388,#389,#390));
#367 = ORIENTED_EDGE('',*,*,#368,.F.);
#368 = EDGE_CURVE('',#314,#369,#371,.T.);
#369 = VERTEX_POINT('',#370);
#370 = CARTESIAN_POINT('',(11.5,0.,-45.));
#371 = SEAM_CURVE('',#372,(#376,#382),.PCURVE_S1.);
#372 = LINE('',#373,#374);
#373 = CARTESIAN_POINT('',(15.,0.,-41.5));
#374 = VECTOR('',#375,1.);
#375 = DIRECTION('',(-0.707106781187,-0.,-0.707106781187));
#376 = PCURVE('',#351,#377);
#377 = DEFINITIONAL_REPRESENTATION('',(#378),#381);
#378 = B_SPLINE_CURVE_WITH_KNOTS('',1,(#379,#380),.UNSPECIFIED.,.F.,.F.,
  (2,2),(0.,4.949747468306),.PIECEWISE_BEZIER_KNOTS.);
#379 = CARTESIAN_POINT('',(0.,0.));
#380 = CARTESIAN_POINT('',(0.,-3.5));
#381 = ( GEOMETRIC_REPRESENTATION_CONTEXT(2) 
PARAMETRIC_REPRESENTATION_CONTEXT() REPRESENTATION_CONTEXT('2D SPACE',''
  ) );
#382 = PCURVE('',#351,#383);
#383 = DEFINITIONAL_REPRESENTATION('',(#384),#387);
#384 = B_SPLINE_CURVE_WITH_KNOTS('',1,(#385,#386),.UNSPECIFIED.,.F.,.F.,
  (2,2),(0.,4.949747468306),.PIECEWISE_BEZIER_KNOTS.);
#385 = CARTESIAN_POINT('',(6.28318530718,0.));
#386 = CARTESIAN_POINT('',(6.28318530718,-3.5));
#387 = ( GEOMETRIC_REPRESENTATION_CONTEXT(2) 
PARAMETRIC_REPRESENTATION_CONTEXT() REPRESENTATION_CONTEXT('2D SPACE',''
  ) );
#388 = ORIENTED_EDGE('',*,*,#336,.T.);
#389 = ORIENTED_EDGE('',*,*,#368,.T.);
#390 = ORIENTED_EDGE('',*,*,#391,.F.);
#391 = EDGE_CURVE('',#369,#369,#392,.T.);
#392 = SURFACE_CURVE('',#393,(#398,#405),.PCURVE_S1.);
#393 = CIRCLE('',#394,11.5);
#394 = AXIS2_PLACEMENT_3D('',#395,#396,#397);
#395 = CARTESIAN_POINT('',(0.,0.,-45.));
#396 = DIRECTION('',(0.,0.,1.));
#397 = DIRECTION('',(1.,0.,-0.));
#398 = PCURVE('',#351,#399);
#399 = DEFINITIONAL_REPRESENTATION('',(#400),#404);
#400 = LINE('',#401,#402);
#401 = CARTESIAN_POINT('',(0.,-3.5));
#402 = VECTOR('',#403,1.);
#403 = DIRECTION('',(1.,-0.));
#404 = ( GEOMETRIC_REPRESENTATION_CONTEXT(2) 
PARAMETRIC_REPRESENTATION_CONTEXT() REPRESENTATION_CONTEXT('2D SPACE',''
  ) );
#405 = PCURVE('',#406,#411);
#406 = PLANE('',#407);
#407 = AXIS2_PLACEMENT_3D('',#408,#409,#410);
#408 = CARTESIAN_POINT('',(-7.29301404021E-16,1.169780044473E-16,-45.));
#409 = DIRECTION('',(0.,0.,1.));
#410 = DIRECTION('',(1.,0.,-0.));
#411 = DEFINITIONAL_REPRESENTATION('',(#412),#416);
#412 = CIRCLE('',#413,11.5);
#413 = AXIS2_PLACEMENT_2D('',#414,#415);
#414 = CARTESIAN_POINT('',(7.29301404021E-16,-1.169780044473E-16));
#415 = DIRECTION('',(1.,0.));
#416 = ( GEOMETRIC_REPRESENTATION_CONTEXT(2) 
PARAMETRIC_REPRESENTATION_CONTEXT() REPRESENTATION_CONTEXT('2D SPACE',''
  ) );
#417 = ADVANCED_FACE('',(#418),#406,.F.);
#418 = FACE_BOUND('',#419,.F.);
#419 = EDGE_LOOP('',(#420));
#420 = ORIENTED_EDGE('',*,*,#391,.T.);
#421 = ( GEOMETRIC_REPRESENTATION_CONTEXT(3) 
GLOBAL_UNCERTAINTY_ASSIGNED_CONTEXT((#425)) GLOBAL_UNIT_ASSIGNED_CONTEXT
((#422,#423,#424)) REPRESENTATION_CONTEXT('Context #1',
  '3D Context with UNIT and UNCERTAINTY') );
#422 = ( LENGTH_UNIT() NAMED_UNIT(*) SI_UNIT(.MILLI.,.METRE.) );
#423 = ( NAMED_UNIT(*) PLANE_ANGLE_UNIT() SI_UNIT($,.RADIAN.) );
#424 = ( NAMED_UNIT(*) SI_UNIT($,.STERADIAN.) SOLID_ANGLE_UNIT() );
#425 = UNCERTAINTY_MEASURE_WITH_UNIT(LENGTH_MEASURE(1.E-07),#422,
  'distance_accuracy_value','confusion accuracy');
#426 = CONTEXT_DEPENDENT_SHAPE_REPRESENTATION(#427,#429);
#427 = ( REPRESENTATION_RELATIONSHIP('','',#36,#10) 
REPRESENTATION_RELATIONSHIP_WITH_TRANSFORMATION(#428) 
SHAPE_REPRESENTATION_RELATIONSHIP() );
#428 = ITEM_DEFINED_TRANSFORMATION('','',#11,#15);
#429 = PRODUCT_DEFINITION_SHAPE('Placement','Placement of an item',#430
  );
#430 = NEXT_ASSEMBLY_USAGE_OCCURRENCE('1','corpo_girevole_M30','',#5,#31
  ,$);
#431 = PRODUCT_RELATED_PRODUCT_CATEGORY('part',$,(#33));
#432 = SHAPE_DEFINITION_REPRESENTATION(#433,#439);
#433 = PRODUCT_DEFINITION_SHAPE('','',#434);
#434 = PRODUCT_DEFINITION('design','',#435,#438);
#435 = PRODUCT_DEFINITION_FORMATION('','',#436);
#436 = PRODUCT('staffa_anello','staffa_anello','',(#437));
#437 = PRODUCT_CONTEXT('',#2,'mechanical');
#438 = PRODUCT_DEFINITION_CONTEXT('part definition',#2,'design');
#439 = ADVANCED_BREP_SHAPE_REPRESENTATION('',(#11,#440),#2421);
#440 = MANIFOLD_SOLID_BREP('',#441);
#441 = CLOSED_SHELL('',(#442,#528,#582,#1833,#2251,#2305,#2359,#2413,
    #2417));
#442 = ADVANCED_FACE('',(#443),#457,.T.);
#443 = FACE_BOUND('',#444,.T.);
#444 = EDGE_LOOP('',(#445,#474,#500,#501));
#445 = ORIENTED_EDGE('',*,*,#446,.T.);
#446 = EDGE_CURVE('',#447,#449,#451,.T.);
#447 = VERTEX_POINT('',#448);
#448 = CARTESIAN_POINT('',(8.,12.,30.));
#449 = VERTEX_POINT('',#450);
#450 = CARTESIAN_POINT('',(26.,12.,30.));
#451 = SEAM_CURVE('',#452,(#456,#467),.PCURVE_S1.);
#452 = LINE('',#453,#454);
#453 = CARTESIAN_POINT('',(8.,12.,30.));
#454 = VECTOR('',#455,1.);
#455 = DIRECTION('',(1.,0.,0.));
#456 = PCURVE('',#457,#462);
#457 = CYLINDRICAL_SURFACE('',#458,12.);
#458 = AXIS2_PLACEMENT_3D('',#459,#460,#461);
#459 = CARTESIAN_POINT('',(8.,0.,30.));
#460 = DIRECTION('',(1.,0.,0.));
#461 = DIRECTION('',(-0.,1.,0.));
#462 = DEFINITIONAL_REPRESENTATION('',(#463),#466);
#463 = B_SPLINE_CURVE_WITH_KNOTS('',1,(#464,#465),.UNSPECIFIED.,.F.,.F.,
  (2,2),(0.,18.),.PIECEWISE_BEZIER_KNOTS.);
#464 = CARTESIAN_POINT('',(6.28318530718,0.));
#465 = CARTESIAN_POINT('',(6.28318530718,18.));
#466 = ( GEOMETRIC_REPRESENTATION_CONTEXT(2) 
PARAMETRIC_REPRESENTATION_CONTEXT() REPRESENTATION_CONTEXT('2D SPACE',''
  ) );
#467 = PCURVE('',#457,#468);
#468 = DEFINITIONAL_REPRESENTATION('',(#469),#473);
#469 = LINE('',#470,#471);
#470 = CARTESIAN_POINT('',(0.,0.));
#471 = VECTOR('',#472,1.);
#472 = DIRECTION('',(0.,1.));
#473 = ( GEOMETRIC_REPRESENTATION_CONTEXT(2) 
PARAMETRIC_REPRESENTATION_CONTEXT() REPRESENTATION_CONTEXT('2D SPACE',''
  ) );
#474 = ORIENTED_EDGE('',*,*,#475,.F.);
#475 = EDGE_CURVE('',#449,#449,#476,.T.);
#476 = SURFACE_CURVE('',#477,(#482,#489),.PCURVE_S1.);
#477 = CIRCLE('',#478,12.);
#478 = AXIS2_PLACEMENT_3D('',#479,#480,#481);
#479 = CARTESIAN_POINT('',(26.,0.,30.));
#480 = DIRECTION('',(1.,0.,0.));
#481 = DIRECTION('',(-0.,1.,0.));
#482 = PCURVE('',#457,#483);
#483 = DEFINITIONAL_REPRESENTATION('',(#484),#488);
#484 = LINE('',#485,#486);
#485 = CARTESIAN_POINT('',(0.,18.));
#486 = VECTOR('',#487,1.);
#487 = DIRECTION('',(1.,0.));
#488 = ( GEOMETRIC_REPRESENTATION_CONTEXT(2) 
PARAMETRIC_REPRESENTATION_CONTEXT() REPRESENTATION_CONTEXT('2D SPACE',''
  ) );
#489 = PCURVE('',#490,#495);
#490 = TOROIDAL_SURFACE('',#491,18.,12.);
#491 = AXIS2_PLACEMENT_3D('',#492,#493,#494);
#492 = CARTESIAN_POINT('',(26.,0.,48.));
#493 = DIRECTION('',(0.,-1.,-0.));
#494 = DIRECTION('',(-3.947459643112E-16,0.,-1.));
#495 = DEFINITIONAL_REPRESENTATION('',(#496),#499);
#496 = B_SPLINE_CURVE_WITH_KNOTS('',1,(#497,#498),.UNSPECIFIED.,.F.,.F.,
  (2,2),(0.,6.28318530718),.PIECEWISE_BEZIER_KNOTS.);
#497 = CARTESIAN_POINT('',(0.,10.995574287564));
#498 = CARTESIAN_POINT('',(0.,4.712388980385));
#499 = ( GEOMETRIC_REPRESENTATION_CONTEXT(2) 
PARAMETRIC_REPRESENTATION_CONTEXT() REPRESENTATION_CONTEXT('2D SPACE',''
  ) );
#500 = ORIENTED_EDGE('',*,*,#446,.F.);
#501 = ORIENTED_EDGE('',*,*,#502,.T.);
#502 = EDGE_CURVE('',#447,#447,#503,.T.);
#503 = SURFACE_CURVE('',#504,(#509,#516),.PCURVE_S1.);
#504 = CIRCLE('',#505,12.);
#505 = AXIS2_PLACEMENT_3D('',#506,#507,#508);
#506 = CARTESIAN_POINT('',(8.,0.,30.));
#507 = DIRECTION('',(1.,0.,0.));
#508 = DIRECTION('',(-0.,1.,0.));
#509 = PCURVE('',#457,#510);
#510 = DEFINITIONAL_REPRESENTATION('',(#511),#515);
#511 = LINE('',#512,#513);
#512 = CARTESIAN_POINT('',(0.,0.));
#513 = VECTOR('',#514,1.);
#514 = DIRECTION('',(1.,0.));
#515 = ( GEOMETRIC_REPRESENTATION_CONTEXT(2) 
PARAMETRIC_REPRESENTATION_CONTEXT() REPRESENTATION_CONTEXT('2D SPACE',''
  ) );
#516 = PCURVE('',#517,#522);
#517 = PLANE('',#518);
#518 = AXIS2_PLACEMENT_3D('',#519,#520,#521);
#519 = CARTESIAN_POINT('',(8.,-6.837200662697E-16,30.));
#520 = DIRECTION('',(1.,0.,0.));
#521 = DIRECTION('',(-0.,0.,1.));
#522 = DEFINITIONAL_REPRESENTATION('',(#523),#527);
#523 = CIRCLE('',#524,12.);
#524 = AXIS2_PLACEMENT_2D('',#525,#526);
#525 = CARTESIAN_POINT('',(0.,-6.837200662697E-16));
#526 = DIRECTION('',(0.,-1.));
#527 = ( GEOMETRIC_REPRESENTATION_CONTEXT(2) 
PARAMETRIC_REPRESENTATION_CONTEXT() REPRESENTATION_CONTEXT('2D SPACE',''
  ) );
#528 = ADVANCED_FACE('',(#529),#490,.T.);
#529 = FACE_BOUND('',#530,.T.);
#530 = EDGE_LOOP('',(#531,#554,#580,#581));
#531 = ORIENTED_EDGE('',*,*,#532,.T.);
#532 = EDGE_CURVE('',#449,#533,#535,.T.);
#533 = VERTEX_POINT('',#534);
#534 = CARTESIAN_POINT('',(44.,12.,48.));
#535 = SEAM_CURVE('',#536,(#541,#547),.PCURVE_S1.);
#536 = CIRCLE('',#537,18.);
#537 = AXIS2_PLACEMENT_3D('',#538,#539,#540);
#538 = CARTESIAN_POINT('',(26.,12.,48.));
#539 = DIRECTION('',(0.,-1.,-0.));
#540 = DIRECTION('',(-3.947459643112E-16,0.,-1.));
#541 = PCURVE('',#490,#542);
#542 = DEFINITIONAL_REPRESENTATION('',(#543),#546);
#543 = B_SPLINE_CURVE_WITH_KNOTS('',1,(#544,#545),.UNSPECIFIED.,.F.,.F.,
  (2,2),(0.,1.570796326795),.PIECEWISE_BEZIER_KNOTS.);
#544 = CARTESIAN_POINT('',(0.,4.712388980385));
#545 = CARTESIAN_POINT('',(1.570796326795,4.712388980385));
#546 = ( GEOMETRIC_REPRESENTATION_CONTEXT(2) 
PARAMETRIC_REPRESENTATION_CONTEXT() REPRESENTATION_CONTEXT('2D SPACE',''
  ) );
#547 = PCURVE('',#490,#548);
#548 = DEFINITIONAL_REPRESENTATION('',(#549),#553);
#549 = LINE('',#550,#551);
#550 = CARTESIAN_POINT('',(0.,10.995574287564));
#551 = VECTOR('',#552,1.);
#552 = DIRECTION('',(1.,0.));
#553 = ( GEOMETRIC_REPRESENTATION_CONTEXT(2) 
PARAMETRIC_REPRESENTATION_CONTEXT() REPRESENTATION_CONTEXT('2D SPACE',''
  ) );
#554 = ORIENTED_EDGE('',*,*,#555,.T.);
#555 = EDGE_CURVE('',#533,#533,#556,.T.);
#556 = SURFACE_CURVE('',#557,(#562,#569),.PCURVE_S1.);
#557 = CIRCLE('',#558,12.);
#558 = AXIS2_PLACEMENT_3D('',#559,#560,#561);
#559 = CARTESIAN_POINT('',(44.,0.,48.));
#560 = DIRECTION('',(4.322001154316E-16,0.,-1.));
#561 = DIRECTION('',(1.,0.,4.322001154316E-16));
#562 = PCURVE('',#490,#563);
#563 = DEFINITIONAL_REPRESENTATION('',(#564),#568);
#564 = LINE('',#565,#566);
#565 = CARTESIAN_POINT('',(1.570796326795,0.));
#566 = VECTOR('',#567,1.);
#567 = DIRECTION('',(0.,1.));
#568 = ( GEOMETRIC_REPRESENTATION_CONTEXT(2) 
PARAMETRIC_REPRESENTATION_CONTEXT() REPRESENTATION_CONTEXT('2D SPACE',''
  ) );
#569 = PCURVE('',#570,#575);
#570 = CYLINDRICAL_SURFACE('',#571,12.);
#571 = AXIS2_PLACEMENT_3D('',#572,#573,#574);
#572 = CARTESIAN_POINT('',(44.,0.,48.));
#573 = DIRECTION('',(0.,0.,1.));
#574 = DIRECTION('',(-0.,1.,0.));
#575 = DEFINITIONAL_REPRESENTATION('',(#576),#579);
#576 = B_SPLINE_CURVE_WITH_KNOTS('',1,(#577,#578),.UNSPECIFIED.,.F.,.F.,
  (2,2),(4.712388980385,10.995574287564),.PIECEWISE_BEZIER_KNOTS.);
#577 = CARTESIAN_POINT('',(6.28318530718,0.));
#578 = CARTESIAN_POINT('',(0.,0.));
#579 = ( GEOMETRIC_REPRESENTATION_CONTEXT(2) 
PARAMETRIC_REPRESENTATION_CONTEXT() REPRESENTATION_CONTEXT('2D SPACE',''
  ) );
#580 = ORIENTED_EDGE('',*,*,#532,.F.);
#581 = ORIENTED_EDGE('',*,*,#475,.T.);
#582 = ADVANCED_FACE('',(#583),#570,.T.);
#583 = FACE_BOUND('',#584,.T.);
#584 = EDGE_LOOP('',(#585,#607,#1633,#1831,#1832));
#585 = ORIENTED_EDGE('',*,*,#586,.T.);
#586 = EDGE_CURVE('',#533,#587,#589,.T.);
#587 = VERTEX_POINT('',#588);
#588 = CARTESIAN_POINT('',(44.,12.,70.));
#589 = SEAM_CURVE('',#590,(#594,#600),.PCURVE_S1.);
#590 = LINE('',#591,#592);
#591 = CARTESIAN_POINT('',(44.,12.,48.));
#592 = VECTOR('',#593,1.);
#593 = DIRECTION('',(0.,0.,1.));
#594 = PCURVE('',#570,#595);
#595 = DEFINITIONAL_REPRESENTATION('',(#596),#599);
#596 = B_SPLINE_CURVE_WITH_KNOTS('',1,(#597,#598),.UNSPECIFIED.,.F.,.F.,
  (2,2),(0.,23.476195691205),.PIECEWISE_BEZIER_KNOTS.);
#597 = CARTESIAN_POINT('',(6.28318530718,0.));
#598 = CARTESIAN_POINT('',(6.28318530718,23.476195691205));
#599 = ( GEOMETRIC_REPRESENTATION_CONTEXT(2) 
PARAMETRIC_REPRESENTATION_CONTEXT() REPRESENTATION_CONTEXT('2D SPACE',''
  ) );
#600 = PCURVE('',#570,#601);
#601 = DEFINITIONAL_REPRESENTATION('',(#602),#606);
#602 = LINE('',#603,#604);
#603 = CARTESIAN_POINT('',(0.,0.));
#604 = VECTOR('',#605,1.);
#605 = DIRECTION('',(0.,1.));
#606 = ( GEOMETRIC_REPRESENTATION_CONTEXT(2) 
PARAMETRIC_REPRESENTATION_CONTEXT() REPRESENTATION_CONTEXT('2D SPACE',''
  ) );
#607 = ORIENTED_EDGE('',*,*,#608,.T.);
#608 = EDGE_CURVE('',#587,#609,#611,.T.);
#609 = VERTEX_POINT('',#610);
#610 = CARTESIAN_POINT('',(44.000001739402,-12.,69.999997457293));
#611 = SURFACE_CURVE('',#612,(#670,#731),.PCURVE_S1.);
#612 = B_SPLINE_CURVE_WITH_KNOTS('',6,(#613,#614,#615,#616,#617,#618,
    #619,#620,#621,#622,#623,#624,#625,#626,#627,#628,#629,#630,#631,
    #632,#633,#634,#635,#636,#637,#638,#639,#640,#641,#642,#643,#644,
    #645,#646,#647,#648,#649,#650,#651,#652,#653,#654,#655,#656,#657,
    #658,#659,#660,#661,#662,#663,#664,#665,#666,#667,#668,#669),
  .UNSPECIFIED.,.F.,.F.,(7,5,5,5,5,5,5,5,5,5,5,7),(0.,0.12951795261,
    0.217528883178,0.309528724939,0.499486302444,0.688998828386,
    0.780998503867,0.86900927273,0.94102552725,0.97103383549,
    0.985037868721,1.),.UNSPECIFIED.);
#613 = CARTESIAN_POINT('',(44.000000000333,12.,70.000000007493));
#614 = CARTESIAN_POINT('',(44.813537777348,11.999999973523,
    69.98192155325));
#615 = CARTESIAN_POINT('',(45.627139502737,11.933815713696,
    69.964042233743));
#616 = CARTESIAN_POINT('',(46.433960627096,11.801427352495,
    69.946505196952));
#617 = CARTESIAN_POINT('',(47.227342479583,11.603789460764,
    69.929440431153));
#618 = CARTESIAN_POINT('',(48.000796648701,11.342646275844,
    69.912965525841));
#619 = CARTESIAN_POINT('',(49.255797476558,10.801957004203,
    69.886468931744));
#620 = CARTESIAN_POINT('',(49.751486735852,10.55511524657,69.87607054178
    ));
#621 = CARTESIAN_POINT('',(50.233144029013,10.281032041319,
    69.866027852667));
#622 = CARTESIAN_POINT('',(50.698912951758,9.980715586305,
    69.856371482882));
#623 = CARTESIAN_POINT('',(51.147037446254,9.65534110691,69.847129386238
    ));
#624 = CARTESIAN_POINT('',(52.024125028346,8.941337554698,
    69.829126258271));
#625 = CARTESIAN_POINT('',(52.451313576411,8.550498954032,
    69.820405716838));
#626 = CARTESIAN_POINT('',(52.855536752217,8.135267946719,
    69.812195107992));
#627 = CARTESIAN_POINT('',(53.235079735789,7.697343946933,
    69.804520040879));
#628 = CARTESIAN_POINT('',(53.588389005176,7.238575738538,
    69.797403187237));
#629 = CARTESIAN_POINT('',(54.58658644136,5.774849362857,69.777363022363
    ));
#630 = CARTESIAN_POINT('',(55.141613720961,4.708103754639,
    69.766321114009));
#631 = CARTESIAN_POINT('',(55.566577579566,3.578893557996,69.75792241958
    ));
#632 = CARTESIAN_POINT('',(55.853631657662,2.406975613857,
    69.752267649596));
#633 = CARTESIAN_POINT('',(55.998061810759,1.213083574154,
    69.749422594464));
#634 = CARTESIAN_POINT('',(56.001902557656,-1.171633155454,
    69.749346937475));
#635 = CARTESIAN_POINT('',(55.861981339787,-2.363182164902,
    69.752103173478));
#636 = CARTESIAN_POINT('',(55.580035268887,-3.533370921359,
    69.757656889043));
#637 = CARTESIAN_POINT('',(55.160666471086,-4.661592611453,
    69.765943817214));
#638 = CARTESIAN_POINT('',(54.611586908349,-5.728198444905,
    69.776865053042));
#639 = CARTESIAN_POINT('',(53.621725802938,-7.194204255343,
    69.796732122776));
#640 = CARTESIAN_POINT('',(53.270539655706,-7.654599661369,
    69.803803978218));
#641 = CARTESIAN_POINT('',(52.893023754368,-8.0942723125,69.811435441853
    ));
#642 = CARTESIAN_POINT('',(52.490723064695,-8.511366251095,
    69.819603993373));
#643 = CARTESIAN_POINT('',(52.065344544223,-8.904174143871,
    69.828284175887));
#644 = CARTESIAN_POINT('',(51.191564636254,-9.622221898897,
    69.846211960027));
#645 = CARTESIAN_POINT('',(50.744947977176,-9.949663070225,
    69.855418913558));
#646 = CARTESIAN_POINT('',(50.280571325917,-10.25212798352,
    69.865041968936));
#647 = CARTESIAN_POINT('',(49.800185306637,-10.52843330784,
    69.875053305588));
#648 = CARTESIAN_POINT('',(49.305641662693,-10.77756227946,
    69.885422437942));
#649 = CARTESIAN_POINT('',(48.384235131418,-11.17958652248,
    69.904865778392));
#650 = CARTESIAN_POINT('',(47.961398459345,-11.34174602587,
    69.913832974044));
#651 = CARTESIAN_POINT('',(47.531448616868,-11.48468023497,
    69.922999104032));
#652 = CARTESIAN_POINT('',(47.095477927794,-11.60800894085,
    69.932344746393));
#653 = CARTESIAN_POINT('',(46.654604049644,-11.71143532901,
    69.941849317897));
#654 = CARTESIAN_POINT('',(46.024696294873,-11.82946052655,
    69.955508678018));
#655 = CARTESIAN_POINT('',(45.838769203164,-11.86068252612,
    69.959550106883));
#656 = CARTESIAN_POINT('',(45.652271020643,-11.88839662773,
    69.963613789381));
#657 = CARTESIAN_POINT('',(45.46528442355,-11.91259007964,
    69.967698122191));
#658 = CARTESIAN_POINT('',(45.277892442243,-11.93325272866,
    69.971801469935));
#659 = CARTESIAN_POINT('',(45.002577627197,-11.95836844517,
    69.977845177712));
#660 = CARTESIAN_POINT('',(44.914906496067,-11.96558929316,
    69.97977197194));
#661 = CARTESIAN_POINT('',(44.827173542508,-11.97203879099,
    69.981702378345));
#662 = CARTESIAN_POINT('',(44.739387249819,-11.97771629001,
    69.983636226011));
#663 = CARTESIAN_POINT('',(44.651556109896,-11.98262126601,
    69.985573342626));
#664 = CARTESIAN_POINT('',(44.469809606454,-11.99116807043,
    69.989586507595));
#665 = CARTESIAN_POINT('',(44.375889270362,-11.99470051189,
    69.991662071563));
#666 = CARTESIAN_POINT('',(44.281937981402,-11.99735016423,
    69.993742215543));
#667 = CARTESIAN_POINT('',(44.187966084532,-11.99911670856,
    69.995826751239));
#668 = CARTESIAN_POINT('',(44.09398390321,-11.99999998647,
    69.997913332895));
#669 = CARTESIAN_POINT('',(44.000001739402,-12.,69.999997457293));
#670 = PCURVE('',#570,#671);
#671 = DEFINITIONAL_REPRESENTATION('',(#672),#730);
#672 = B_SPLINE_CURVE_WITH_KNOTS('',6,(#673,#674,#675,#676,#677,#678,
    #679,#680,#681,#682,#683,#684,#685,#686,#687,#688,#689,#690,#691,
    #692,#693,#694,#695,#696,#697,#698,#699,#700,#701,#702,#703,#704,
    #705,#706,#707,#708,#709,#710,#711,#712,#713,#714,#715,#716,#717,
    #718,#719,#720,#721,#722,#723,#724,#725,#726,#727,#728,#729),
  .UNSPECIFIED.,.F.,.F.,(7,5,5,5,5,5,5,5,5,5,5,7),(0.,0.12951795261,
    0.217528883178,0.309528724939,0.499486302444,0.688998828386,
    0.780998503867,0.86900927273,0.94102552725,0.97103383549,
    0.985037868721,1.),.UNSPECIFIED.);
#673 = CARTESIAN_POINT('',(6.28318530718,22.000000007493));
#674 = CARTESIAN_POINT('',(6.215390474026,21.98192155325));
#675 = CARTESIAN_POINT('',(6.147590433689,21.964042233743));
#676 = CARTESIAN_POINT('',(6.07979417051,21.946505196952));
#677 = CARTESIAN_POINT('',(6.011996626018,21.929440431153));
#678 = CARTESIAN_POINT('',(5.944191551837,21.912965525841));
#679 = CARTESIAN_POINT('',(5.830315035919,21.886468931744));
#680 = CARTESIAN_POINT('',(5.784239592716,21.87607054178));
#681 = CARTESIAN_POINT('',(5.738163794836,21.866027852667));
#682 = CARTESIAN_POINT('',(5.692086859917,21.856371482882));
#683 = CARTESIAN_POINT('',(5.646008028644,21.847129386238));
#684 = CARTESIAN_POINT('',(5.55176087649,21.829126258271));
#685 = CARTESIAN_POINT('',(5.503590996033,21.820405716838));
#686 = CARTESIAN_POINT('',(5.455420819069,21.812195107992));
#687 = CARTESIAN_POINT('',(5.407249427908,21.804520040879));
#688 = CARTESIAN_POINT('',(5.359075922624,21.797403187237));
#689 = CARTESIAN_POINT('',(5.211434911298,21.777363022363));
#690 = CARTESIAN_POINT('',(5.111933189594,21.766321114009));
#691 = CARTESIAN_POINT('',(5.012462426622,21.75792241958));
#692 = CARTESIAN_POINT('',(4.91298903338,21.752267649596));
#693 = CARTESIAN_POINT('',(4.813479407949,21.749422594464));
#694 = CARTESIAN_POINT('',(4.614752756074,21.749346937475));
#695 = CARTESIAN_POINT('',(4.515476537314,21.752103173478));
#696 = CARTESIAN_POINT('',(4.416236083605,21.757656889043));
#697 = CARTESIAN_POINT('',(4.31699824775,21.765943817214));
#698 = CARTESIAN_POINT('',(4.217729742852,21.776865053042));
#699 = CARTESIAN_POINT('',(4.070321625419,21.796732122776));
#700 = CARTESIAN_POINT('',(4.022148125038,21.803803978218));
#701 = CARTESIAN_POINT('',(3.973976734592,21.811435441853));
#702 = CARTESIAN_POINT('',(3.925806555277,21.819603993373));
#703 = CARTESIAN_POINT('',(3.877636670603,21.828284175887));
#704 = CARTESIAN_POINT('',(3.783389510829,21.846211960027));
#705 = CARTESIAN_POINT('',(3.737310676075,21.855418913558));
#706 = CARTESIAN_POINT('',(3.691233738523,21.865041968936));
#707 = CARTESIAN_POINT('',(3.645157940024,21.875053305588));
#708 = CARTESIAN_POINT('',(3.599082499402,21.885422437942));
#709 = CARTESIAN_POINT('',(3.51530810462,21.904865778392));
#710 = CARTESIAN_POINT('',(3.477608094955,21.913832974044));
#711 = CARTESIAN_POINT('',(3.439908698508,21.922999104032));
#712 = CARTESIAN_POINT('',(3.402209907868,21.932344746393));
#713 = CARTESIAN_POINT('',(3.364511706187,21.941849317897));
#714 = CARTESIAN_POINT('',(3.311105913822,21.955508678018));
#715 = CARTESIAN_POINT('',(3.295397842962,21.959550106883));
#716 = CARTESIAN_POINT('',(3.279689850212,21.963613789381));
#717 = CARTESIAN_POINT('',(3.263981930921,21.967698122191));
#718 = CARTESIAN_POINT('',(3.248274080179,21.971801469935));
#719 = CARTESIAN_POINT('',(3.225235910372,21.977845177711));
#720 = CARTESIAN_POINT('',(3.217905527892,21.97977197194));
#721 = CARTESIAN_POINT('',(3.210575145393,21.981702378345));
#722 = CARTESIAN_POINT('',(3.203244762887,21.983636226011));
#723 = CARTESIAN_POINT('',(3.195914380383,21.985573342626));
#724 = CARTESIAN_POINT('',(3.18075210094,21.989586507595));
#725 = CARTESIAN_POINT('',(3.172920218359,21.991662071563));
#726 = CARTESIAN_POINT('',(3.165088350086,21.993742215543));
#727 = CARTESIAN_POINT('',(3.157256493928,21.995826751239));
#728 = CARTESIAN_POINT('',(3.149424645564,21.997913332895));
#729 = CARTESIAN_POINT('',(3.14159279854,21.999997457293));
#730 = ( GEOMETRIC_REPRESENTATION_CONTEXT(2) 
PARAMETRIC_REPRESENTATION_CONTEXT() REPRESENTATION_CONTEXT('2D SPACE',''
  ) );
#731 = PCURVE('',#732,#1573);
#732 = B_SPLINE_SURFACE_WITH_KNOTS('',12,12,(
    (#733,#734,#735,#736,#737,#738,#739,#740,#741,#742,#743,#744,#745
      ,#746,#747,#748,#749,#750,#751,#752,#753,#754,#755,#756)
    ,(#757,#758,#759,#760,#761,#762,#763,#764,#765,#766,#767,#768,#769
      ,#770,#771,#772,#773,#774,#775,#776,#777,#778,#779,#780)
    ,(#781,#782,#783,#784,#785,#786,#787,#788,#789,#790,#791,#792,#793
      ,#794,#795,#796,#797,#798,#799,#800,#801,#802,#803,#804)
    ,(#805,#806,#807,#808,#809,#810,#811,#812,#813,#814,#815,#816,#817
      ,#818,#819,#820,#821,#822,#823,#824,#825,#826,#827,#828)
    ,(#829,#830,#831,#832,#833,#834,#835,#836,#837,#838,#839,#840,#841
      ,#842,#843,#844,#845,#846,#847,#848,#849,#850,#851,#852)
    ,(#853,#854,#855,#856,#857,#858,#859,#860,#861,#862,#863,#864,#865
      ,#866,#867,#868,#869,#870,#871,#872,#873,#874,#875,#876)
    ,(#877,#878,#879,#880,#881,#882,#883,#884,#885,#886,#887,#888,#889
      ,#890,#891,#892,#893,#894,#895,#896,#897,#898,#899,#900)
    ,(#901,#902,#903,#904,#905,#906,#907,#908,#909,#910,#911,#912,#913
      ,#914,#915,#916,#917,#918,#919,#920,#921,#922,#923,#924)
    ,(#925,#926,#927,#928,#929,#930,#931,#932,#933,#934,#935,#936,#937
      ,#938,#939,#940,#941,#942,#943,#944,#945,#946,#947,#948)
    ,(#949,#950,#951,#952,#953,#954,#955,#956,#957,#958,#959,#960,#961
      ,#962,#963,#964,#965,#966,#967,#968,#969,#970,#971,#972)
    ,(#973,#974,#975,#976,#977,#978,#979,#980,#981,#982,#983,#984,#985
      ,#986,#987,#988,#989,#990,#991,#992,#993,#994,#995,#996)
    ,(#997,#998,#999,#1000,#1001,#1002,#1003,#1004,#1005,#1006,#1007
      ,#1008,#1009,#1010,#1011,#1012,#1013,#1014,#1015,#1016,#1017,#1018
      ,#1019,#1020)
    ,(#1021,#1022,#1023,#1024,#1025,#1026,#1027,#1028,#1029,#1030,#1031
      ,#1032,#1033,#1034,#1035,#1036,#1037,#1038,#1039,#1040,#1041,#1042
      ,#1043,#1044)
    ,(#1045,#1046,#1047,#1048,#1049,#1050,#1051,#1052,#1053,#1054,#1055
      ,#1056,#1057,#1058,#1059,#1060,#1061,#1062,#1063,#1064,#1065,#1066
      ,#1067,#1068)
    ,(#1069,#1070,#1071,#1072,#1073,#1074,#1075,#1076,#1077,#1078,#1079
      ,#1080,#1081,#1082,#1083,#1084,#1085,#1086,#1087,#1088,#1089,#1090
      ,#1091,#1092)
    ,(#1093,#1094,#1095,#1096,#1097,#1098,#1099,#1100,#1101,#1102,#1103
      ,#1104,#1105,#1106,#1107,#1108,#1109,#1110,#1111,#1112,#1113,#1114
      ,#1115,#1116)
    ,(#1117,#1118,#1119,#1120,#1121,#1122,#1123,#1124,#1125,#1126,#1127
      ,#1128,#1129,#1130,#1131,#1132,#1133,#1134,#1135,#1136,#1137,#1138
      ,#1139,#1140)
    ,(#1141,#1142,#1143,#1144,#1145,#1146,#1147,#1148,#1149,#1150,#1151
      ,#1152,#1153,#1154,#1155,#1156,#1157,#1158,#1159,#1160,#1161,#1162
      ,#1163,#1164)
    ,(#1165,#1166,#1167,#1168,#1169,#1170,#1171,#1172,#1173,#1174,#1175
      ,#1176,#1177,#1178,#1179,#1180,#1181,#1182,#1183,#1184,#1185,#1186
      ,#1187,#1188)
    ,(#1189,#1190,#1191,#1192,#1193,#1194,#1195,#1196,#1197,#1198,#1199
      ,#1200,#1201,#1202,#1203,#1204,#1205,#1206,#1207,#1208,#1209,#1210
      ,#1211,#1212)
    ,(#1213,#1214,#1215,#1216,#1217,#1218,#1219,#1220,#1221,#1222,#1223
      ,#1224,#1225,#1226,#1227,#1228,#1229,#1230,#1231,#1232,#1233,#1234
      ,#1235,#1236)
    ,(#1237,#1238,#1239,#1240,#1241,#1242,#1243,#1244,#1245,#1246,#1247
      ,#1248,#1249,#1250,#1251,#1252,#1253,#1254,#1255,#1256,#1257,#1258
      ,#1259,#1260)
    ,(#1261,#1262,#1263,#1264,#1265,#1266,#1267,#1268,#1269,#1270,#1271
      ,#1272,#1273,#1274,#1275,#1276,#1277,#1278,#1279,#1280,#1281,#1282
      ,#1283,#1284)
    ,(#1285,#1286,#1287,#1288,#1289,#1290,#1291,#1292,#1293,#1294,#1295
      ,#1296,#1297,#1298,#1299,#1300,#1301,#1302,#1303,#1304,#1305,#1306
      ,#1307,#1308)
    ,(#1309,#1310,#1311,#1312,#1313,#1314,#1315,#1316,#1317,#1318,#1319
      ,#1320,#1321,#1322,#1323,#1324,#1325,#1326,#1327,#1328,#1329,#1330
      ,#1331,#1332)
    ,(#1333,#1334,#1335,#1336,#1337,#1338,#1339,#1340,#1341,#1342,#1343
      ,#1344,#1345,#1346,#1347,#1348,#1349,#1350,#1351,#1352,#1353,#1354
      ,#1355,#1356)
    ,(#1357,#1358,#1359,#1360,#1361,#1362,#1363,#1364,#1365,#1366,#1367
      ,#1368,#1369,#1370,#1371,#1372,#1373,#1374,#1375,#1376,#1377,#1378
      ,#1379,#1380)
    ,(#1381,#1382,#1383,#1384,#1385,#1386,#1387,#1388,#1389,#1390,#1391
      ,#1392,#1393,#1394,#1395,#1396,#1397,#1398,#1399,#1400,#1401,#1402
      ,#1403,#1404)
    ,(#1405,#1406,#1407,#1408,#1409,#1410,#1411,#1412,#1413,#1414,#1415
      ,#1416,#1417,#1418,#1419,#1420,#1421,#1422,#1423,#1424,#1425,#1426
      ,#1427,#1428)
    ,(#1429,#1430,#1431,#1432,#1433,#1434,#1435,#1436,#1437,#1438,#1439
      ,#1440,#1441,#1442,#1443,#1444,#1445,#1446,#1447,#1448,#1449,#1450
      ,#1451,#1452)
    ,(#1453,#1454,#1455,#1456,#1457,#1458,#1459,#1460,#1461,#1462,#1463
      ,#1464,#1465,#1466,#1467,#1468,#1469,#1470,#1471,#1472,#1473,#1474
      ,#1475,#1476)
    ,(#1477,#1478,#1479,#1480,#1481,#1482,#1483,#1484,#1485,#1486,#1487
      ,#1488,#1489,#1490,#1491,#1492,#1493,#1494,#1495,#1496,#1497,#1498
      ,#1499,#1500)
    ,(#1501,#1502,#1503,#1504,#1505,#1506,#1507,#1508,#1509,#1510,#1511
      ,#1512,#1513,#1514,#1515,#1516,#1517,#1518,#1519,#1520,#1521,#1522
      ,#1523,#1524)
    ,(#1525,#1526,#1527,#1528,#1529,#1530,#1531,#1532,#1533,#1534,#1535
      ,#1536,#1537,#1538,#1539,#1540,#1541,#1542,#1543,#1544,#1545,#1546
      ,#1547,#1548)
    ,(#1549,#1550,#1551,#1552,#1553,#1554,#1555,#1556,#1557,#1558,#1559
      ,#1560,#1561,#1562,#1563,#1564,#1565,#1566,#1567,#1568,#1569,#1570
      ,#1571,#1572
  )),.UNSPECIFIED.,.F.,.T.,.F.,(13,11,11,13),(13,11,13),(
    -2.56786120364E-02,0.,3.230466914897,3.256145526945),(4.712388980385
    ,7.853981633974,10.995574287564),.UNSPECIFIED.);
#733 = CARTESIAN_POINT('',(43.934423685978,12.,68.525261560218));
#734 = CARTESIAN_POINT('',(47.072915063538,12.000000000008,
    68.385704137306));
#735 = CARTESIAN_POINT('',(50.211406217833,11.102763217795,
    68.246146724303));
#736 = CARTESIAN_POINT('',(53.068302114559,9.308289843498,
    68.119110839615));
#737 = CARTESIAN_POINT('',(55.361997631068,6.714971922063,
    68.017118449944));
#738 = CARTESIAN_POINT('',(56.849517802499,3.519598828157,
    67.950973778452));
#739 = CARTESIAN_POINT('',(57.365029182732,-2.031703744929E-10,
    67.928050841389));
#740 = CARTESIAN_POINT('',(56.849517802513,-3.519598827792,
    67.950973778437));
#741 = CARTESIAN_POINT('',(55.361997631044,-6.714971922327,
    68.017118449965));
#742 = CARTESIAN_POINT('',(53.06830211458,-9.308289843352,68.1191108396)
  );
#743 = CARTESIAN_POINT('',(50.211406217824,-11.10276321785,
    68.246146724311));
#744 = CARTESIAN_POINT('',(47.072915063536,-11.99999999999,
    68.385704137302));
#745 = CARTESIAN_POINT('',(40.795932308422,-12.,68.664818983137));
#746 = CARTESIAN_POINT('',(37.657441154093,-11.10276321782,
    68.804376396099));
#747 = CARTESIAN_POINT('',(34.800545257458,-9.308289843414,
    68.931412280922));
#748 = CARTESIAN_POINT('',(32.506849740809,-6.714971922223,
    69.033404670298));
#749 = CARTESIAN_POINT('',(31.019329569533,-3.519598827932,
    69.099549342256));
#750 = CARTESIAN_POINT('',(30.503818189142,-4.3031800829E-11,
    69.122472278763));
#751 = CARTESIAN_POINT('',(31.019329569551,3.519598828005,
    69.099549342227));
#752 = CARTESIAN_POINT('',(32.506849740783,6.714971922182,
    69.033404670333));
#753 = CARTESIAN_POINT('',(34.80054525748,9.308289843428,68.9314122809)
  );
#754 = CARTESIAN_POINT('',(37.657441154079,11.102763217824,
    68.804376396106));
#755 = CARTESIAN_POINT('',(40.79593230843,12.000000000001,
    68.664818983137));
#756 = CARTESIAN_POINT('',(43.934423685978,12.,68.525261560218));
#757 = CARTESIAN_POINT('',(43.941166341425,12.,68.676896389382));
#758 = CARTESIAN_POINT('',(47.079359082238,12.000000000007,
    68.530622957927));
#759 = CARTESIAN_POINT('',(50.217551599806,11.102763217798,
    68.384349536404));
#760 = CARTESIAN_POINT('',(53.074175654533,9.308289843491,
    68.251200228121));
#761 = CARTESIAN_POINT('',(55.367652918734,6.714971922076,
    68.144299584811));
#762 = CARTESIAN_POINT('',(56.85503154907,3.519598828142,68.074971813989
    ));
#763 = CARTESIAN_POINT('',(57.370493875644,-1.867550975245E-10,
    68.050945711367));
#764 = CARTESIAN_POINT('',(56.855031549081,-3.519598827806,
    68.074971813968));
#765 = CARTESIAN_POINT('',(55.367652918715,-6.714971922317,
    68.144299584841));
#766 = CARTESIAN_POINT('',(53.07417565455,-9.308289843358,
    68.251200228095));
#767 = CARTESIAN_POINT('',(50.217551599799,-11.10276321785,
    68.384349536419));
#768 = CARTESIAN_POINT('',(47.079359082236,-11.99999999999,
    68.530622957921));
#769 = CARTESIAN_POINT('',(40.802973600616,-12.,68.823169820846));
#770 = CARTESIAN_POINT('',(37.664781083011,-11.10276321782,
    68.96944324231));
#771 = CARTESIAN_POINT('',(34.808157028391,-9.308289843415,
    69.102592550786));
#772 = CARTESIAN_POINT('',(32.514679764002,-6.71497192222,
    69.209493193665));
#773 = CARTESIAN_POINT('',(31.027301133914,-3.519598827939,69.2788209652
    ));
#774 = CARTESIAN_POINT('',(30.511838807058,-3.558770825914E-11,
    69.302847066918));
#775 = CARTESIAN_POINT('',(31.02730113393,3.519598827998,69.278820965207
    ));
#776 = CARTESIAN_POINT('',(32.514679763978,6.714971922186,
    69.209493193653));
#777 = CARTESIAN_POINT('',(34.808157028412,9.308289843426,
    69.102592550799));
#778 = CARTESIAN_POINT('',(37.664781082998,11.102763217825,68.9694432423
    ));
#779 = CARTESIAN_POINT('',(40.802973600624,12.,68.82316982085));
#780 = CARTESIAN_POINT('',(43.941166341425,12.,68.676896389382));
#781 = CARTESIAN_POINT('',(43.947676640033,12.,68.823305771421));
#782 = CARTESIAN_POINT('',(47.08562504169,12.000000000006,
    68.671537423886));
#783 = CARTESIAN_POINT('',(50.223573220119,11.102763217801,
    68.519769086301));
#784 = CARTESIAN_POINT('',(53.07997485866,9.308289843484,68.381617885987
    ));
#785 = CARTESIAN_POINT('',(55.373273552804,6.714971922088,
    68.270701398788));
#786 = CARTESIAN_POINT('',(56.860536376768,3.519598828126,
    68.198769273971));
#787 = CARTESIAN_POINT('',(57.375958568555,-1.70339820556E-10,
    68.173840581346));
#788 = CARTESIAN_POINT('',(56.860536376776,-3.51959882782,
    68.198769273945));
#789 = CARTESIAN_POINT('',(55.37327355279,-6.714971922307,
    68.270701398828));
#790 = CARTESIAN_POINT('',(53.079974858673,-9.308289843363,
    68.381617885952));
#791 = CARTESIAN_POINT('',(50.223573220114,-11.10276321784,
    68.519769086321));
#792 = CARTESIAN_POINT('',(47.085625041688,-11.99999999999,
    68.671537423878));
#793 = CARTESIAN_POINT('',(40.809728238382,-12.,68.975074118968));
#794 = CARTESIAN_POINT('',(37.671780059912,-11.10276321782,
    69.12684245648));
#795 = CARTESIAN_POINT('',(34.815378421494,-9.308289843415,
    69.264993657034));
#796 = CARTESIAN_POINT('',(32.522079727119,-6.714971922216,
    69.375910143689));
#797 = CARTESIAN_POINT('',(31.034816903483,-3.519598827945,
    69.447842269424));
#798 = CARTESIAN_POINT('',(30.519394711306,-2.857492554555E-11,
    69.47277096086));
#799 = CARTESIAN_POINT('',(31.034816903497,3.519598827992,
    69.447842269459));
#800 = CARTESIAN_POINT('',(32.522079727098,6.71497192219,69.375910143639
    ));
#801 = CARTESIAN_POINT('',(34.815378421512,9.308289843424,
    69.264993657076));
#802 = CARTESIAN_POINT('',(37.6717800599,11.102763217826,69.126842456456
    ));
#803 = CARTESIAN_POINT('',(40.809728238389,12.,68.975074118976));
#804 = CARTESIAN_POINT('',(43.947676640033,12.,68.823305771421));
#805 = CARTESIAN_POINT('',(43.953954581803,12.,68.964489706337));
#806 = CARTESIAN_POINT('',(47.091712941893,12.000000000006,
    68.808447535183));
#807 = CARTESIAN_POINT('',(50.229471078773,11.102763217804,
    68.652405373995));
#808 = CARTESIAN_POINT('',(53.085699726938,9.308289843477,
    68.510363813212));
#809 = CARTESIAN_POINT('',(55.378859533277,6.7149719221,68.396323891878)
  );
#810 = CARTESIAN_POINT('',(56.866032285593,3.51959882811,68.322366158398
    ));
#811 = CARTESIAN_POINT('',(57.381423261467,-1.539245435876E-10,
    68.296735451324));
#812 = CARTESIAN_POINT('',(56.866032285598,-3.519598827834,
    68.322366158368));
#813 = CARTESIAN_POINT('',(55.378859533267,-6.714971922297,
    68.396323891924));
#814 = CARTESIAN_POINT('',(53.085699726947,-9.308289843368,
    68.51036381317));
#815 = CARTESIAN_POINT('',(50.22947107877,-11.10276321784,
    68.652405374019));
#816 = CARTESIAN_POINT('',(47.091712941891,-11.99999999999,
    68.808447535174));
#817 = CARTESIAN_POINT('',(40.816196221719,-12.,69.120531877503));
#818 = CARTESIAN_POINT('',(37.678438084796,-11.10276321782,
    69.276574038609));
#819 = CARTESIAN_POINT('',(34.822209436765,-9.308289843416,
    69.418615599668));
#820 = CARTESIAN_POINT('',(32.529049630161,-6.714971922213,
    69.532655520372));
#821 = CARTESIAN_POINT('',(31.04187687824,-3.51959882795,69.606613254926
    ));
#822 = CARTESIAN_POINT('',(30.526485901887,-2.199345268825E-11,
    69.632243960589));
#823 = CARTESIAN_POINT('',(31.041876878252,3.519598827987,
    69.606613254984));
#824 = CARTESIAN_POINT('',(32.529049630144,6.714971922193,
    69.532655520291));
#825 = CARTESIAN_POINT('',(34.822209436782,9.308289843422,
    69.418615599732));
#826 = CARTESIAN_POINT('',(37.678438084785,11.102763217826,
    69.276574038574));
#827 = CARTESIAN_POINT('',(40.816196221726,12.,69.120531877515));
#828 = CARTESIAN_POINT('',(43.953954581803,12.,68.964489706337));
#829 = CARTESIAN_POINT('',(43.960000166735,12.,69.100448194128));
#830 = CARTESIAN_POINT('',(47.097622782848,12.000000000005,
    68.941353291819));
#831 = CARTESIAN_POINT('',(50.235245175767,11.102763217807,
    68.782258399485));
#832 = CARTESIAN_POINT('',(53.091350259368,9.30828984347,68.637438009796
    ));
#833 = CARTESIAN_POINT('',(55.384410860152,6.714971922111,
    68.521167064079));
#834 = CARTESIAN_POINT('',(56.871519275544,3.519598828095,68.44576246727
    ));
#835 = CARTESIAN_POINT('',(57.386887954379,-1.375092666192E-10,
    68.419630321303));
#836 = CARTESIAN_POINT('',(56.871519275546,-3.519598827848,
    68.445762467238));
#837 = CARTESIAN_POINT('',(55.384410860147,-6.714971922287,
    68.521167064129));
#838 = CARTESIAN_POINT('',(53.091350259373,-9.308289843373,
    68.63743800975));
#839 = CARTESIAN_POINT('',(50.235245175766,-11.10276321784,
    68.782258399512));
#840 = CARTESIAN_POINT('',(47.097622782845,-11.99999999999,
    68.941353291809));
#841 = CARTESIAN_POINT('',(40.822377550628,-12.,69.259543096452));
#842 = CARTESIAN_POINT('',(37.684755157663,-11.10276321782,
    69.418637988695));
#843 = CARTESIAN_POINT('',(34.828650074206,-9.308289843417,
    69.563458378686));
#844 = CARTESIAN_POINT('',(32.535589473128,-6.714971922211,
    69.679729323712));
#845 = CARTESIAN_POINT('',(31.048481058186,-3.519598827955,
    69.755133921707));
#846 = CARTESIAN_POINT('',(30.533112378799,-1.584328968723E-11,
    69.781266066106));
#847 = CARTESIAN_POINT('',(31.048481058195,3.519598827981,
    69.755133921782));
#848 = CARTESIAN_POINT('',(32.535589473114,6.714971922197,69.67972932361
    ));
#849 = CARTESIAN_POINT('',(34.82865007422,9.30828984342,69.563458378767)
  );
#850 = CARTESIAN_POINT('',(37.684755157653,11.102763217827,
    69.418637988653));
#851 = CARTESIAN_POINT('',(40.822377550634,12.,69.259543096465));
#852 = CARTESIAN_POINT('',(43.960000166735,12.,69.100448194128));
#853 = CARTESIAN_POINT('',(43.965813394828,12.,69.231181234796));
#854 = CARTESIAN_POINT('',(47.103354564554,12.000000000004,
    69.070254693793));
#855 = CARTESIAN_POINT('',(50.240895511102,11.10276321781,
    68.909328162772));
#856 = CARTESIAN_POINT('',(53.096926455949,9.308289843463,68.76284047574
    ));
#857 = CARTESIAN_POINT('',(55.389927533431,6.714971922123,
    68.645230915391));
#858 = CARTESIAN_POINT('',(56.876997346622,3.519598828079,
    68.568958200587));
#859 = CARTESIAN_POINT('',(57.392352647291,-1.210939896507E-10,
    68.542525191281));
#860 = CARTESIAN_POINT('',(56.876997346621,-3.519598827862,
    68.568958200553));
#861 = CARTESIAN_POINT('',(55.38992753343,-6.714971922278,
    68.645230915444));
#862 = CARTESIAN_POINT('',(53.096926455951,-9.308289843379,
    68.762840475691));
#863 = CARTESIAN_POINT('',(50.240895511103,-11.10276321784,
    68.909328162801));
#864 = CARTESIAN_POINT('',(47.103354564551,-11.99999999999,
    69.070254693783));
#865 = CARTESIAN_POINT('',(40.828272225108,-12.,69.392107775814));
#866 = CARTESIAN_POINT('',(37.690731278512,-11.10276321782,
    69.55303430674));
#867 = CARTESIAN_POINT('',(34.834700333817,-9.308289843418,
    69.699521994089));
#868 = CARTESIAN_POINT('',(32.54169925602,-6.714971922208,
    69.817131553709));
#869 = CARTESIAN_POINT('',(31.05462944332,-3.51959882796,69.893404269767
    ));
#870 = CARTESIAN_POINT('',(30.539274142044,-1.012443654249E-11,
    69.919837277411));
#871 = CARTESIAN_POINT('',(31.054629443327,3.519598827976,
    69.893404269851));
#872 = CARTESIAN_POINT('',(32.541699256009,6.7149719222,69.817131553595)
  );
#873 = CARTESIAN_POINT('',(34.834700333828,9.308289843419,69.69952199418
    ));
#874 = CARTESIAN_POINT('',(37.690731278504,11.102763217827,
    69.553034306693));
#875 = CARTESIAN_POINT('',(40.828272225114,12.,69.392107775829));
#876 = CARTESIAN_POINT('',(43.965813394828,12.,69.231181234796));
#877 = CARTESIAN_POINT('',(43.971394266082,12.,69.35668882834));
#878 = CARTESIAN_POINT('',(47.108908287011,12.000000000004,
    69.195151741106));
#879 = CARTESIAN_POINT('',(50.246422084777,11.102763217813,
    69.033614663855));
#880 = CARTESIAN_POINT('',(53.102428316683,9.308289843456,
    68.886571211043));
#881 = CARTESIAN_POINT('',(55.395409553112,6.714971922135,
    68.768515445815));
#882 = CARTESIAN_POINT('',(56.882466498826,3.519598828064,
    68.691953358349));
#883 = CARTESIAN_POINT('',(57.397817340202,-1.046787126823E-10,
    68.665420061259));
#884 = CARTESIAN_POINT('',(56.882466498823,-3.519598827876,
    68.691953358315));
#885 = CARTESIAN_POINT('',(55.395409553115,-6.714971922268,
    68.768515445869));
#886 = CARTESIAN_POINT('',(53.102428316681,-9.308289843384,
    68.886571210993));
#887 = CARTESIAN_POINT('',(50.24642208478,-11.10276321784,
    69.033614663885));
#888 = CARTESIAN_POINT('',(47.108908287007,-11.99999999999,
    69.195151741096));
#889 = CARTESIAN_POINT('',(40.83388024516,-12.,69.518225915589));
#890 = CARTESIAN_POINT('',(37.696366447345,-11.10276321782,
    69.679762992743));
#891 = CARTESIAN_POINT('',(34.840360215596,-9.308289843419,
    69.826806445877));
#892 = CARTESIAN_POINT('',(32.547378978837,-6.714971922205,
    69.944862210365));
#893 = CARTESIAN_POINT('',(31.060322033643,-3.519598827964,
    70.021424299106));
#894 = CARTESIAN_POINT('',(30.544971191622,-4.836893254025E-12,
    70.047957594503));
#895 = CARTESIAN_POINT('',(31.060322033647,3.519598827972,
    70.021424299193));
#896 = CARTESIAN_POINT('',(32.54737897883,6.714971922203,69.944862210246
    ));
#897 = CARTESIAN_POINT('',(34.840360215605,9.308289843417,
    69.826806445971));
#898 = CARTESIAN_POINT('',(37.696366447338,11.102763217828,
    69.679762992694));
#899 = CARTESIAN_POINT('',(40.833880245165,12.,69.518225915604));
#900 = CARTESIAN_POINT('',(43.971394266082,12.,69.35668882834));
#901 = CARTESIAN_POINT('',(43.976742780498,12.,69.47697097476));
#902 = CARTESIAN_POINT('',(47.114283950219,12.000000000003,
    69.316044433757));
#903 = CARTESIAN_POINT('',(50.251824896793,11.102763217815,
    69.155117902735));
#904 = CARTESIAN_POINT('',(53.107855841568,9.308289843449,
    69.008630215706));
#905 = CARTESIAN_POINT('',(55.400856919196,6.714971922147,68.89102065535
    ));
#906 = CARTESIAN_POINT('',(56.887926732157,3.519598828048,
    68.814747940557));
#907 = CARTESIAN_POINT('',(57.403282033114,-8.826343571383E-11,
    68.788314931238));
#908 = CARTESIAN_POINT('',(56.887926732151,-3.51959882789,
    68.814747940523));
#909 = CARTESIAN_POINT('',(55.400856919203,-6.714971922259,
    68.891020655403));
#910 = CARTESIAN_POINT('',(53.107855841562,-9.308289843389,
    69.008630215657));
#911 = CARTESIAN_POINT('',(50.251824896797,-11.10276321783,
    69.155117902764));
#912 = CARTESIAN_POINT('',(47.114283950216,-11.99999999999,
    69.316044433747));
#913 = CARTESIAN_POINT('',(40.839201610784,-12.,69.637897515777));
#914 = CARTESIAN_POINT('',(37.701660664161,-11.10276321782,
    69.798824046705));
#915 = CARTESIAN_POINT('',(34.845629719544,-9.308289843419,
    69.94531173405));
#916 = CARTESIAN_POINT('',(32.552628641579,-6.714971922203,
    70.062921293678));
#917 = CARTESIAN_POINT('',(31.065558829154,-3.519598827968,
    70.139194009723));
#918 = CARTESIAN_POINT('',(30.550203527532,1.934017815672E-14,
    70.165627017383));
#919 = CARTESIAN_POINT('',(31.065558829155,3.519598827967,
    70.139194009808));
#920 = CARTESIAN_POINT('',(32.552628641575,6.714971922206,
    70.062921293563));
#921 = CARTESIAN_POINT('',(34.845629719551,9.308289843416,
    69.945311734141));
#922 = CARTESIAN_POINT('',(37.701660664155,11.102763217829,
    69.798824046657));
#923 = CARTESIAN_POINT('',(40.839201610788,12.,69.637897515792));
#924 = CARTESIAN_POINT('',(43.976742780498,12.,69.47697097476));
#925 = CARTESIAN_POINT('',(43.981858938075,12.,69.592027674056));
#926 = CARTESIAN_POINT('',(47.119481554179,12.000000000002,
    69.432932771747));
#927 = CARTESIAN_POINT('',(50.25710394715,11.102763217818,
    69.273837879411));
#928 = CARTESIAN_POINT('',(53.113209030604,9.308289843443,
    69.129017489728));
#929 = CARTESIAN_POINT('',(55.406269631683,6.714971922158,
    69.012746543997));
#930 = CARTESIAN_POINT('',(56.893378046615,3.519598828033,
    68.937341947209));
#931 = CARTESIAN_POINT('',(57.408746726026,-7.184815874539E-11,
    68.911209801216));
#932 = CARTESIAN_POINT('',(56.893378046606,-3.519598827904,
    68.937341947178));
#933 = CARTESIAN_POINT('',(55.406269631694,-6.714971922249,
    69.012746544047));
#934 = CARTESIAN_POINT('',(53.113209030596,-9.308289843394,
    69.129017489682));
#935 = CARTESIAN_POINT('',(50.257103947155,-11.10276321783,
    69.273837879438));
#936 = CARTESIAN_POINT('',(47.119481554175,-11.99999999999,
    69.432932771737));
#937 = CARTESIAN_POINT('',(40.844236321979,-12.,69.751122576379));
#938 = CARTESIAN_POINT('',(37.70661392896,-11.10276321782,
    69.910217468624));
#939 = CARTESIAN_POINT('',(34.850508845662,-9.30828984342,
    70.055037858608));
#940 = CARTESIAN_POINT('',(32.557448244246,-6.714971922201,
    70.171308803649));
#941 = CARTESIAN_POINT('',(31.070339829853,-3.519598827972,
    70.24671340162));
#942 = CARTESIAN_POINT('',(30.554971149774,4.444263754058E-12,
    70.27284554605));
#943 = CARTESIAN_POINT('',(31.070339829852,3.519598827964,
    70.246713401695));
#944 = CARTESIAN_POINT('',(32.557448244246,6.714971922208,
    70.171308803546));
#945 = CARTESIAN_POINT('',(34.850508845666,9.308289843415,
    70.055037858689));
#946 = CARTESIAN_POINT('',(37.706613928956,11.102763217829,
    69.910217468582));
#947 = CARTESIAN_POINT('',(40.844236321983,12.,69.751122576392));
#948 = CARTESIAN_POINT('',(43.981858938075,12.,69.592027674056));
#949 = CARTESIAN_POINT('',(43.986742738814,12.,69.701858926228));
#950 = CARTESIAN_POINT('',(47.12450109889,12.000000000002,
    69.545816755075));
#951 = CARTESIAN_POINT('',(50.262259235846,11.102763217821,
    69.389774593883));
#952 = CARTESIAN_POINT('',(53.118487883793,9.308289843436,69.24773303311
    ));
#953 = CARTESIAN_POINT('',(55.411647690573,6.71497192217,69.133693111756
    ));
#954 = CARTESIAN_POINT('',(56.898820442199,3.519598828017,
    69.059735378307));
#955 = CARTESIAN_POINT('',(57.414211418938,-5.543288177695E-11,
    69.034104671195));
#956 = CARTESIAN_POINT('',(56.898820442187,-3.519598827918,
    69.059735378278));
#957 = CARTESIAN_POINT('',(55.411647690588,-6.71497192224,
    69.133693111801));
#958 = CARTESIAN_POINT('',(53.118487883781,-9.308289843399,
    69.247733033069));
#959 = CARTESIAN_POINT('',(50.262259235853,-11.10276321783,
    69.389774593907));
#960 = CARTESIAN_POINT('',(47.124501098886,-11.99999999999,
    69.545816755066));
#961 = CARTESIAN_POINT('',(40.848984378746,-12.,69.857901097393));
#962 = CARTESIAN_POINT('',(37.711226241742,-11.10276321782,
    70.013943258502));
#963 = CARTESIAN_POINT('',(34.854997593949,-9.30828984342,
    70.155984819551));
#964 = CARTESIAN_POINT('',(32.561837786838,-6.714971922199,
    70.270024740277));
#965 = CARTESIAN_POINT('',(31.074665035741,-3.519598827975,
    70.343982474795));
#966 = CARTESIAN_POINT('',(30.559274058348,8.43787747368E-12,
    70.369613180505));
#967 = CARTESIAN_POINT('',(31.074665035737,3.51959882796,70.343982474854
    ));
#968 = CARTESIAN_POINT('',(32.561837786841,6.714971922211,
    70.270024740196));
#969 = CARTESIAN_POINT('',(34.85499759395,9.308289843414,70.155984819616
    ));
#970 = CARTESIAN_POINT('',(37.711226241739,11.102763217829,
    70.013943258467));
#971 = CARTESIAN_POINT('',(40.848984378749,12.,69.857901097405));
#972 = CARTESIAN_POINT('',(43.986742738814,12.,69.701858926228));
#973 = CARTESIAN_POINT('',(43.991394182715,12.,69.806464731276));
#974 = CARTESIAN_POINT('',(47.129342584352,12.000000000001,
    69.654696383741));
#975 = CARTESIAN_POINT('',(50.267290762884,11.102763217823,
    69.502928046152));
#976 = CARTESIAN_POINT('',(53.123692401133,9.30828984343,69.364776845851
    ));
#977 = CARTESIAN_POINT('',(55.416991095866,6.714971922181,
    69.253860358626));
#978 = CARTESIAN_POINT('',(56.90425391891,3.519598828002,69.181928233849
    ));
#979 = CARTESIAN_POINT('',(57.41967611185,-3.901760480851E-11,
    69.156999541173));
#980 = CARTESIAN_POINT('',(56.904253918896,-3.519598827932,
    69.181928233824));
#981 = CARTESIAN_POINT('',(55.416991095885,-6.71497192223,
    69.253860358664));
#982 = CARTESIAN_POINT('',(53.123692401118,-9.308289843403,
    69.364776845817));
#983 = CARTESIAN_POINT('',(50.267290762892,-11.10276321783,
    69.502928046172));
#984 = CARTESIAN_POINT('',(47.129342584348,-11.99999999999,
    69.654696383734));
#985 = CARTESIAN_POINT('',(40.853445781084,-12.,69.958233078821));
#986 = CARTESIAN_POINT('',(37.715497602507,-11.10276321782,
    70.110001416339));
#987 = CARTESIAN_POINT('',(34.859095964405,-9.308289843421,
    70.248152616879));
#988 = CARTESIAN_POINT('',(32.565797269355,-6.714971922197,
    70.359069103564));
#989 = CARTESIAN_POINT('',(31.078534446817,-3.519598827978,
    70.431001229249));
#990 = CARTESIAN_POINT('',(30.563112253255,1.200018133702E-11,
    70.455929920747));
#991 = CARTESIAN_POINT('',(31.07853444681,3.519598827957,70.431001229286
    ));
#992 = CARTESIAN_POINT('',(32.565797269362,6.714971922213,
    70.359069103512));
#993 = CARTESIAN_POINT('',(34.859095964403,9.308289843412,
    70.248152616922));
#994 = CARTESIAN_POINT('',(37.715497602506,11.10276321783,
    70.110001416314));
#995 = CARTESIAN_POINT('',(40.853445781087,12.,69.95823307883));
#996 = CARTESIAN_POINT('',(43.991394182715,12.,69.806464731276));
#997 = CARTESIAN_POINT('',(43.995813269777,12.,69.9058450892));
#998 = CARTESIAN_POINT('',(47.134006010565,12.000000000001,
    69.759571657746));
#999 = CARTESIAN_POINT('',(50.272198528262,11.102763217826,
    69.613298236217));
#1000 = CARTESIAN_POINT('',(53.128822582625,9.308289843423,
    69.480148927951));
#1001 = CARTESIAN_POINT('',(55.422299847562,6.714971922193,
    69.373248284608));
#1002 = CARTESIAN_POINT('',(56.909678476747,3.519598827986,
    69.303920513837));
#1003 = CARTESIAN_POINT('',(57.425140804761,-2.260232784007E-11,
    69.279894411151));
#1004 = CARTESIAN_POINT('',(56.909678476731,-3.519598827946,
    69.303920513817));
#1005 = CARTESIAN_POINT('',(55.422299847584,-6.714971922221,
    69.373248284636));
#1006 = CARTESIAN_POINT('',(53.128822582607,-9.308289843408,
    69.480148927926));
#1007 = CARTESIAN_POINT('',(50.272198528271,-11.10276321783,
    69.613298236231));
#1008 = CARTESIAN_POINT('',(47.134006010561,-11.99999999999,
    69.75957165774));
#1009 = CARTESIAN_POINT('',(40.857620528994,-12.,70.052118520663));
#1010 = CARTESIAN_POINT('',(37.719428011255,-11.10276321782,
    70.198391942133));
#1011 = CARTESIAN_POINT('',(34.862803957031,-9.308289843421,
    70.331541250591));
#1012 = CARTESIAN_POINT('',(32.569326691796,-6.714971922196,
    70.438441893508));
#1013 = CARTESIAN_POINT('',(31.081948063082,-3.519598827981,
    70.507769664982));
#1014 = CARTESIAN_POINT('',(30.566485734494,1.513117534408E-11,
    70.531795766777));
#1015 = CARTESIAN_POINT('',(31.081948063072,3.519598827954,
    70.50776966499));
#1016 = CARTESIAN_POINT('',(32.569326691807,6.714971922215,
    70.438441893494));
#1017 = CARTESIAN_POINT('',(34.862803957025,9.308289843412,
    70.331541250606));
#1018 = CARTESIAN_POINT('',(37.719428011255,11.10276321783,
    70.198391942123));
#1019 = CARTESIAN_POINT('',(40.857620528996,12.,70.052118520667));
#1020 = CARTESIAN_POINT('',(43.995813269777,12.,69.9058450892));
#1021 = CARTESIAN_POINT('',(44.526706562214,12.,81.84504535463));
#1022 = CARTESIAN_POINT('',(47.702767575966,11.999999999933,
    82.550387312082));
#1023 = CARTESIAN_POINT('',(50.878828368163,11.102763218132,
    83.255729276363));
#1024 = CARTESIAN_POINT('',(53.769923011022,9.308289842633,
    83.897785297542));
#1025 = CARTESIAN_POINT('',(56.091075516119,6.714971923625,
    84.413269855181));
#1026 = CARTESIAN_POINT('',(57.596402064592,3.519598826035,
    84.747571169278));
#1027 = CARTESIAN_POINT('',(58.118084619464,2.058917132729E-09,
    84.8634306473));
#1028 = CARTESIAN_POINT('',(57.596402064261,-3.519598829709,
    84.747571170011));
#1029 = CARTESIAN_POINT('',(56.091075516587,-6.714971921047,
    84.413269853832));
#1030 = CARTESIAN_POINT('',(53.769923010661,-9.308289844003,
    83.897785298923));
#1031 = CARTESIAN_POINT('',(50.878828368316,-11.10276321762,
    83.255729275541));
#1032 = CARTESIAN_POINT('',(47.702767575953,-12.00000000003,
    82.550387312357));
#1033 = CARTESIAN_POINT('',(41.350645548431,-11.99999999998,
    81.139703396836));
#1034 = CARTESIAN_POINT('',(38.174584756567,-11.10276321783,
    80.434361434639));
#1035 = CARTESIAN_POINT('',(35.283490112423,-9.308289843474,
    79.792305406391));
#1036 = CARTESIAN_POINT('',(32.962337610464,-6.714971922026,
    79.276820865774));
#1037 = CARTESIAN_POINT('',(31.457011056347,-3.519598828273,
    78.942519520662));
#1038 = CARTESIAN_POINT('',(30.935328509309,3.574613783643E-10,
    78.826660086255));
#1039 = CARTESIAN_POINT('',(31.457011055963,3.519598827652,
    78.94251951619));
#1040 = CARTESIAN_POINT('',(32.962337610986,6.714971922422,
    79.276820871696));
#1041 = CARTESIAN_POINT('',(35.283490112022,9.308289843303,
    79.792305401954));
#1042 = CARTESIAN_POINT('',(38.174584756775,11.102763217875,
    80.434361436784));
#1043 = CARTESIAN_POINT('',(41.350645548353,11.999999999991,
    81.139703396247));
#1044 = CARTESIAN_POINT('',(44.526706562215,12.000000000002,
    81.845045354627));
#1045 = CARTESIAN_POINT('',(41.574774198037,11.999999999998,
    93.84477327334));
#1046 = CARTESIAN_POINT('',(44.540275797625,12.000000000289,
    95.406048014529));
#1047 = CARTESIAN_POINT('',(47.505777188776,11.102763216512,
    96.967322780243));
#1048 = CARTESIAN_POINT('',(50.205204462414,9.30828984682,
    98.388514106323));
#1049 = CARTESIAN_POINT('',(52.372474455852,6.714971916036,
    99.52953924475));
#1050 = CARTESIAN_POINT('',(53.778004028387,3.519598836371,
    100.2695157501));
#1051 = CARTESIAN_POINT('',(54.265101514273,-8.963309031404E-09,
    100.52597017292));
#1052 = CARTESIAN_POINT('',(53.778004029786,-3.519598820383,
    100.26951574684));
#1053 = CARTESIAN_POINT('',(52.372474453872,-6.71497192725,
    99.529539250715));
#1054 = CARTESIAN_POINT('',(50.205204463946,-9.308289840863,
    98.388514100224));
#1055 = CARTESIAN_POINT('',(47.505777188115,-11.10276321871,
    96.967322783905));
#1056 = CARTESIAN_POINT('',(44.540275797691,-11.99999999984,
    95.406048013256));
#1057 = CARTESIAN_POINT('',(38.609272598549,-12.00000000006,
    92.283498533822));
#1058 = CARTESIAN_POINT('',(35.643771206219,-11.10276321776,
    90.722223757781));
#1059 = CARTESIAN_POINT('',(32.944343937283,-9.308289843268,
    89.301032466573));
#1060 = CARTESIAN_POINT('',(30.777073932143,-6.714971922796,
    88.160007245294));
#1061 = CARTESIAN_POINT('',(29.371544380914,-3.519598826906,
    87.420030888669));
#1062 = CARTESIAN_POINT('',(28.884446865212,-1.269147733272E-09,
    87.163576259539));
#1063 = CARTESIAN_POINT('',(29.371544382429,3.519598829094,
    87.420030907079));
#1064 = CARTESIAN_POINT('',(30.77707393008,6.714971921429,88.16000722092
    ));
#1065 = CARTESIAN_POINT('',(32.944343938867,9.308289843826,
    89.301032484879));
#1066 = CARTESIAN_POINT('',(35.643771205402,11.102763217658,
    90.72222374886));
#1067 = CARTESIAN_POINT('',(38.609272598851,12.000000000031,
    92.283498536338));
#1068 = CARTESIAN_POINT('',(41.574774198034,11.999999999993,
    93.844773273355));
#1069 = CARTESIAN_POINT('',(35.09423421818,12.000000000003,
    104.87542090186));
#1070 = CARTESIAN_POINT('',(37.59748311392,11.999999999248,
    107.22350457048));
#1071 = CARTESIAN_POINT('',(40.100731855578,11.102763221246,
    109.57158821591));
#1072 = CARTESIAN_POINT('',(42.379381148407,9.30828983458,
    111.70899318418));
#1073 = CARTESIAN_POINT('',(44.208824376085,6.714971938218,
    113.42504086462));
#1074 = CARTESIAN_POINT('',(45.395264217262,3.519598806161,
    114.53793130401));
#1075 = CARTESIAN_POINT('',(45.806435046483,2.323882211033E-08,
    114.92362584672));
#1076 = CARTESIAN_POINT('',(45.39526421367,-3.519598847601,
    114.53793131229));
#1077 = CARTESIAN_POINT('',(44.208824381156,-6.714971909173,
    113.42504084945));
#1078 = CARTESIAN_POINT('',(42.379381144474,-9.308289849998,
    111.70899319971));
#1079 = CARTESIAN_POINT('',(40.100731857314,-11.10276321553,
    109.57158820655));
#1080 = CARTESIAN_POINT('',(37.597483113686,-12.00000000039,
    107.22350457379));
#1081 = CARTESIAN_POINT('',(32.590985322332,-11.99999999981,
    102.52733722878));
#1082 = CARTESIAN_POINT('',(30.08773658264,-11.10276321805,
    100.17925361103));
#1083 = CARTESIAN_POINT('',(27.809087281273,-9.308289843658,
    98.041848549327));
#1084 = CARTESIAN_POINT('',(25.979644075815,-6.714971920922,
    96.325801090091));
#1085 = CARTESIAN_POINT('',(24.793204192855,-3.519598830402,
    95.212910255545));
#1086 = CARTESIAN_POINT('',(24.382033423637,2.96868999116E-09,
    94.827216258112));
#1087 = CARTESIAN_POINT('',(24.793204189115,3.519598825305,
    95.212910210236));
#1088 = CARTESIAN_POINT('',(25.979644080886,6.714971924052,
    96.325801149967));
#1089 = CARTESIAN_POINT('',(27.809087277415,9.308289842433,
    98.041848504387));
#1090 = CARTESIAN_POINT('',(30.087736584594,11.10276321824,
    100.17925363299));
#1091 = CARTESIAN_POINT('',(32.590985321639,11.999999999923,
    102.52733722251));
#1092 = CARTESIAN_POINT('',(35.094234218187,12.000000000016,
    104.87542090182));
#1093 = CARTESIAN_POINT('',(25.43847607385,11.999999999997,
    113.79528987096));
#1094 = CARTESIAN_POINT('',(27.252986026973,12.000000001418,
    116.77962197556));
#1095 = CARTESIAN_POINT('',(29.067495844466,11.102763211407,
    119.76395415217));
#1096 = CARTESIAN_POINT('',(30.719202129242,9.308289860025,
    122.48052079278));
#1097 = CARTESIAN_POINT('',(32.045295887854,6.71497189212,
    124.66155773898));
#1098 = CARTESIAN_POINT('',(32.90530112138,3.519598868941,
    126.07600188217));
#1099 = CARTESIAN_POINT('',(33.203343108838,-4.364905490021E-08,
    126.5662069071));
#1100 = CARTESIAN_POINT('',(32.905301127485,-3.519598791123,
    126.07600186537));
#1101 = CARTESIAN_POINT('',(32.045295879234,-6.714971946628,
    124.66155776898));
#1102 = CARTESIAN_POINT('',(30.719202135943,-9.308289831109,
    122.48052076265));
#1103 = CARTESIAN_POINT('',(29.067495841485,-11.10276322211,
    119.76395417015));
#1104 = CARTESIAN_POINT('',(27.252986027415,-11.99999999926,
    116.77962196919));
#1105 = CARTESIAN_POINT('',(23.623966120812,-12.00000000035,
    110.81095777506));
#1106 = CARTESIAN_POINT('',(21.809456300641,-11.10276321732,
    107.82662554426));
#1107 = CARTESIAN_POINT('',(20.157750028289,-9.308289843224,
    105.11005908615));
#1108 = CARTESIAN_POINT('',(18.831656236255,-6.71497192415,
    102.92902171026));
#1109 = CARTESIAN_POINT('',(17.971651067032,-3.519598824022,
    101.51457832953));
#1110 = CARTESIAN_POINT('',(17.673608985617,-4.919704446882E-09,
    101.02437225976));
#1111 = CARTESIAN_POINT('',(17.971651073878,3.51959883242,
    101.51457840975));
#1112 = CARTESIAN_POINT('',(18.83165622699,6.714971919102,
    102.92902160452));
#1113 = CARTESIAN_POINT('',(20.157750035307,9.308289845082,
    105.11005916542));
#1114 = CARTESIAN_POINT('',(21.809456297123,11.102763217126,
    107.82662550543));
#1115 = CARTESIAN_POINT('',(23.623966122017,12.000000000134,
    110.8109577863));
#1116 = CARTESIAN_POINT('',(25.43847607384,11.999999999973,
    113.79528987103));
#1117 = CARTESIAN_POINT('',(13.371518898717,12.000000000001,
    119.60762460442));
#1118 = CARTESIAN_POINT('',(14.325300640343,11.99999999795,
    123.00654678782));
#1119 = CARTESIAN_POINT('',(15.279082341453,11.102763227086,
    126.40546889754));
#1120 = CARTESIAN_POINT('',(16.14728763943,9.308289819469,
    129.49942739414));
#1121 = CARTESIAN_POINT('',(16.844337745041,6.714971965572,
    131.98345808506));
#1122 = CARTESIAN_POINT('',(17.296391882691,3.519598768907,
    133.59440113678));
#1123 = CARTESIAN_POINT('',(17.453055525983,6.289547921024E-08,
    134.15270505546));
#1124 = CARTESIAN_POINT('',(17.296391875112,-3.51959888102,
    133.59440116383));
#1125 = CARTESIAN_POINT('',(16.844337755772,-6.714971887071,
    131.98345803828));
#1126 = CARTESIAN_POINT('',(16.147287631074,-9.308289861096,
    129.49942743988));
#1127 = CARTESIAN_POINT('',(15.279082345171,-11.10276321167,
    126.40546887072));
#1128 = CARTESIAN_POINT('',(14.325300639778,-12.00000000105,
    123.00654679719));
#1129 = CARTESIAN_POINT('',(12.417737157013,-11.99999999947,
    116.20870240829));
#1130 = CARTESIAN_POINT('',(11.463955459173,-11.10276321862,
    112.80978037753));
#1131 = CARTESIAN_POINT('',(10.595750145614,-9.308289843487,
    109.7158216158));
#1132 = CARTESIAN_POINT('',(9.898700082608,-6.714971919763,
    107.23179154731));
#1133 = CARTESIAN_POINT('',(9.446645861943,-3.519598833175,
    105.62084739516));
#1134 = CARTESIAN_POINT('',(9.289982341166,6.592077111989E-09,
    105.06254497786));
#1135 = CARTESIAN_POINT('',(9.446645851565,3.519598821966,105.6208472851
    ));
#1136 = CARTESIAN_POINT('',(9.898700096621,6.714971926399,107.2317916919
    ));
#1137 = CARTESIAN_POINT('',(10.595750135035,9.308289841154,
    109.71582150781));
#1138 = CARTESIAN_POINT('',(11.46395546443,11.102763218785,
    112.80978043035));
#1139 = CARTESIAN_POINT('',(12.41773715528,11.999999999813,
    116.20870239297));
#1140 = CARTESIAN_POINT('',(13.371518898727,12.000000000035,
    119.60762460432));
#1141 = CARTESIAN_POINT('',(-5.714184680983E-11,12.000000000003,
    121.62684988818));
#1142 = CARTESIAN_POINT('',(2.600586412882E-09,12.000000002318,
    125.16980206833));
#1143 = CARTESIAN_POINT('',(-1.222600332085E-08,11.102763207389,
    128.71275435816));
#1144 = CARTESIAN_POINT('',(3.257088820874E-08,9.308289870432,
    131.93781954191));
#1145 = CARTESIAN_POINT('',(-6.329553059459E-08,6.714971873294,
    134.52711241611));
#1146 = CARTESIAN_POINT('',(9.342125650846E-08,3.519598894587,
    136.20631817595));
#1147 = CARTESIAN_POINT('',(-1.088632259894E-07,-7.094467601898E-08,
    136.78828199719));
#1148 = CARTESIAN_POINT('',(1.005250069852E-07,-3.519598768132,
    136.20631814117));
#1149 = CARTESIAN_POINT('',(-7.341949270767E-08,-6.714971961825,
    134.52711247434));
#1150 = CARTESIAN_POINT('',(4.047345214531E-08,-9.30828982349,
    131.9378194866));
#1151 = CARTESIAN_POINT('',(-1.571345364937E-08,-11.10276322476,
    128.71275438985));
#1152 = CARTESIAN_POINT('',(3.108468149549E-09,-11.99999999881,
    125.16980205759));
#1153 = CARTESIAN_POINT('',(-2.571074020352E-09,-12.0000000006,
    118.08389772232));
#1154 = CARTESIAN_POINT('',(8.451863209302E-09,-11.1027632169,
    114.54094534471));
#1155 = CARTESIAN_POINT('',(-1.873690536058E-08,-9.308289843433,
    111.31588045503));
#1156 = CARTESIAN_POINT('',(2.933410669925E-08,-6.714971924795,
    108.72658689067));
#1157 = CARTESIAN_POINT('',(-3.442606555382E-08,-3.519598822321,
    107.04738234992));
#1158 = CARTESIAN_POINT('',(3.069108700515E-08,-7.198681228246E-09,
    106.46541686913));
#1159 = CARTESIAN_POINT('',(-2.142852295606E-08,3.519598834539,
    107.04738246953));
#1160 = CARTESIAN_POINT('',(1.181667741434E-08,6.714971917611,
    108.72658673411));
#1161 = CARTESIAN_POINT('',(-5.52983436819E-09,9.308289845904,
    111.31588057138));
#1162 = CARTESIAN_POINT('',(1.924878034743E-09,11.102763216778,
    114.54094528811));
#1163 = CARTESIAN_POINT('',(-4.878764059413E-10,12.00000000021,
    118.08389773862));
#1164 = CARTESIAN_POINT('',(-6.418332532121E-11,11.999999999964,
    121.6268498883));
#1165 = CARTESIAN_POINT('',(-13.37151889861,11.999999999994,
    119.60762460437));
#1166 = CARTESIAN_POINT('',(-14.32530064504,11.999999997942,
    123.00654678922));
#1167 = CARTESIAN_POINT('',(-15.27908231936,11.10276322708,
    126.40546889114));
#1168 = CARTESIAN_POINT('',(-16.14728769827,9.308289819462,
    129.49942741018));
#1169 = CARTESIAN_POINT('',(-16.8443376307,6.714971965569,
    131.98345805509));
#1170 = CARTESIAN_POINT('',(-17.29639205144,3.519598768905,
    133.59440118103));
#1171 = CARTESIAN_POINT('',(-17.45305532933,6.289547921023E-08,
    134.15270500186));
#1172 = CARTESIAN_POINT('',(-17.29639205672,-3.519598881018,
    133.59440121626));
#1173 = CARTESIAN_POINT('',(-16.84433762309,-6.714971887068,
    131.98345799774));
#1174 = CARTESIAN_POINT('',(-16.14728770423,-9.30828986109,
    129.49942746317));
#1175 = CARTESIAN_POINT('',(-15.27908231676,-11.10276321167,
    126.40546886154));
#1176 = CARTESIAN_POINT('',(-14.3253006454,-12.00000000104,
    123.0065467988));
#1177 = CARTESIAN_POINT('',(-12.41773715236,-11.99999999946,
    116.20870240729));
#1178 = CARTESIAN_POINT('',(-11.46395547447,-11.10276321861,
    112.80978037939));
#1179 = CARTESIAN_POINT('',(-10.59575011165,-9.308289843481,
    109.71582161273));
#1180 = CARTESIAN_POINT('',(-9.898700135858,-6.714971919759,
    107.23179155112));
#1181 = CARTESIAN_POINT('',(-9.446645799342,-3.519598833172,
    105.62084739147));
#1182 = CARTESIAN_POINT('',(-9.289982397091,6.592077111988E-09,
    105.06254497937));
#1183 = CARTESIAN_POINT('',(-9.446645812436,3.519598821964,105.620847287
    ));
#1184 = CARTESIAN_POINT('',(-9.898700118237,6.714971926395,
    107.2317916873));
#1185 = CARTESIAN_POINT('',(-10.59575012492,9.308289841148,
    109.71582151218));
#1186 = CARTESIAN_POINT('',(-11.46395546794,11.102763218781,
    112.80978042781));
#1187 = CARTESIAN_POINT('',(-12.41773715438,11.999999999806,
    116.20870239363));
#1188 = CARTESIAN_POINT('',(-13.37151889861,12.000000000029,
    119.60762460427));
#1189 = CARTESIAN_POINT('',(-25.43847607392,12.000000000007,
    113.79528987103));
#1190 = CARTESIAN_POINT('',(-27.25298602353,12.000000001428,
    116.77962197372));
#1191 = CARTESIAN_POINT('',(-29.06749586062,11.102763211416,
    119.76395416062));
#1192 = CARTESIAN_POINT('',(-30.71920208623,9.308289860034,
    122.48052077164));
#1193 = CARTESIAN_POINT('',(-32.04529597138,6.714971892124,
    124.66155777846));
#1194 = CARTESIAN_POINT('',(-32.90530099811,3.519598868944,
    126.07600182377));
#1195 = CARTESIAN_POINT('',(-33.20334325248,-4.36490549002E-08,
    126.56620697815));
#1196 = CARTESIAN_POINT('',(-32.90530099479,-3.519598791126,
    126.07600179556));
#1197 = CARTESIAN_POINT('',(-32.0452959762,-6.714971946633,
    124.66155782321));
#1198 = CARTESIAN_POINT('',(-30.71920208243,-9.308289831117,
    122.48052073138));
#1199 = CARTESIAN_POINT('',(-29.06749586227,-11.10276322211,
    119.76395418253));
#1200 = CARTESIAN_POINT('',(-27.25298602329,-11.99999999927,
    116.779621967));
#1201 = CARTESIAN_POINT('',(-23.62396612421,-12.00000000036,
    110.81095777648));
#1202 = CARTESIAN_POINT('',(-21.8094562894,-11.10276321733,
    107.82662554142));
#1203 = CARTESIAN_POINT('',(-20.15775005328,-9.308289843232,
    105.11005909127));
#1204 = CARTESIAN_POINT('',(-18.8316561969,-6.714971924155,
    102.9290217032));
#1205 = CARTESIAN_POINT('',(-17.9716511135,-3.519598824025,
    101.51457833742));
#1206 = CARTESIAN_POINT('',(-17.67360894386,-4.919704446882E-09,
    101.02437225423));
#1207 = CARTESIAN_POINT('',(-17.97165110325,3.519598832423,
    101.51457841054));
#1208 = CARTESIAN_POINT('',(-18.83165621068,6.714971919108,
    102.9290216082));
#1209 = CARTESIAN_POINT('',(-20.15775004293,9.30828984509,
    105.11005916096));
#1210 = CARTESIAN_POINT('',(-21.80945629447,11.102763217132,
    107.82662550827));
#1211 = CARTESIAN_POINT('',(-23.62396612268,12.000000000144,
    110.81095778555));
#1212 = CARTESIAN_POINT('',(-25.43847607392,11.999999999981,
    113.79528987111));
#1213 = CARTESIAN_POINT('',(-35.09423421813,11.999999999995,
    104.8754209018));
#1214 = CARTESIAN_POINT('',(-37.59748311589,11.99999999924,
    107.22350457186));
#1215 = CARTESIAN_POINT('',(-40.1007318463,11.102763221238,
    109.57158820958));
#1216 = CARTESIAN_POINT('',(-42.37938117307,9.308289834572,
    111.70899319994));
#1217 = CARTESIAN_POINT('',(-44.20882432821,6.714971938215,
    113.42504083524));
#1218 = CARTESIAN_POINT('',(-45.39526428788,3.519598806159,
    114.53793134744));
#1219 = CARTESIAN_POINT('',(-45.80643496419,2.323882211032E-08,
    114.92362579376));
#1220 = CARTESIAN_POINT('',(-45.39526428967,-3.519598847599,
    114.53793136452));
#1221 = CARTESIAN_POINT('',(-44.2088243256,-6.714971909169,
    113.42504080871));
#1222 = CARTESIAN_POINT('',(-42.37938117512,-9.308289849992,
    111.70899322328));
#1223 = CARTESIAN_POINT('',(-40.1007318454,-11.10276321553,
    109.57158819719));
#1224 = CARTESIAN_POINT('',(-37.59748311604,-12.00000000038,
    107.22350457545));
#1225 = CARTESIAN_POINT('',(-32.59098532038,-11.99999999981,
    102.5273372277));
#1226 = CARTESIAN_POINT('',(-30.08773658907,-11.10276321804,
    100.17925361329));
#1227 = CARTESIAN_POINT('',(-27.8090872669,-9.308289843651,
    98.041848545128));
#1228 = CARTESIAN_POINT('',(-25.97964409854,-6.714971920918,
    96.325801096108));
#1229 = CARTESIAN_POINT('',(-24.79320416584,-3.519598830399,
    95.212910248513));
#1230 = CARTESIAN_POINT('',(-24.38203344808,2.96868999116E-09,
    94.827216263682));
#1231 = CARTESIAN_POINT('',(-24.79320417179,3.519598825303,
    95.212910208192));
#1232 = CARTESIAN_POINT('',(-25.97964409055,6.714971924048,
    96.325801148352));
#1233 = CARTESIAN_POINT('',(-27.80908727289,9.308289842427,
    98.041848507048));
#1234 = CARTESIAN_POINT('',(-30.08773658615,11.102763218235,
    100.17925363114));
#1235 = CARTESIAN_POINT('',(-32.59098532124,11.999999999915,
    102.52733722301));
#1236 = CARTESIAN_POINT('',(-35.09423421813,12.000000000009,
    104.87542090176));
#1237 = CARTESIAN_POINT('',(-41.57477419805,12.000000000002,
    93.844773273367));
#1238 = CARTESIAN_POINT('',(-44.5402757968,12.000000000293,
    95.406048013883));
#1239 = CARTESIAN_POINT('',(-47.50577719263,11.102763216515,
    96.967322783214));
#1240 = CARTESIAN_POINT('',(-50.20520445215,9.308289846824,
    98.388514098938));
#1241 = CARTESIAN_POINT('',(-52.37247447574,6.714971916038,
    99.52953925849));
#1242 = CARTESIAN_POINT('',(-53.77800399904,3.519598836372,
    100.26951572981));
#1243 = CARTESIAN_POINT('',(-54.26510154845,-8.963309031403E-09,
    100.5259701977));
#1244 = CARTESIAN_POINT('',(-53.77800399822,-3.519598820384,
    100.26951572235));
#1245 = CARTESIAN_POINT('',(-52.37247447692,-6.714971927252,
    99.529539269869));
#1246 = CARTESIAN_POINT('',(-50.20520445122,-9.308289840866,
    98.388514089122));
#1247 = CARTESIAN_POINT('',(-47.50577719305,-11.10276321872,
    96.967322788313));
#1248 = CARTESIAN_POINT('',(-44.54027579671,-11.99999999985,
    95.406048012482));
#1249 = CARTESIAN_POINT('',(-38.60927259934,-12.00000000007,
    92.28349853432));
#1250 = CARTESIAN_POINT('',(-35.64377120358,-11.10276321776,
    90.722223756802));
#1251 = CARTESIAN_POINT('',(-32.94434394316,-9.308289843271,
    89.301032468327));
#1252 = CARTESIAN_POINT('',(-30.7770739228,-6.714971922798,
    88.160007242873));
#1253 = CARTESIAN_POINT('',(-29.37154439206,-3.519598826907,
    87.420030891409));
#1254 = CARTESIAN_POINT('',(-28.88444685507,-1.269147733272E-09,
    87.163576257516));
#1255 = CARTESIAN_POINT('',(-29.37154438963,3.519598829095,
    87.420030907563));
#1256 = CARTESIAN_POINT('',(-30.77707392605,6.714971921432,
    88.160007221976));
#1257 = CARTESIAN_POINT('',(-32.94434394074,9.308289843829,
    89.30103248349));
#1258 = CARTESIAN_POINT('',(-35.64377120475,11.102763217661,
    90.72222374978));
#1259 = CARTESIAN_POINT('',(-38.60927259901,12.000000000035,
    92.283498536097));
#1260 = CARTESIAN_POINT('',(-41.57477419805,11.999999999997,
    93.844773273386));
#1261 = CARTESIAN_POINT('',(-44.52670656221,11.999999999999,
    81.845045354623));
#1262 = CARTESIAN_POINT('',(-47.70276757616,11.999999999932,
    82.550387312255));
#1263 = CARTESIAN_POINT('',(-50.87882836722,11.102763218131,
    83.255729275568));
#1264 = CARTESIAN_POINT('',(-53.76992301351,9.308289842632,
    83.897785299524));
#1265 = CARTESIAN_POINT('',(-56.09107551128,6.714971923625,
    84.41326985148));
#1266 = CARTESIAN_POINT('',(-57.59640207172,3.519598826035,
    84.747571174753));
#1267 = CARTESIAN_POINT('',(-58.11808461116,2.058917132728E-09,
    84.863430640618));
#1268 = CARTESIAN_POINT('',(-57.59640207191,-3.519598829708,
    84.747571176604));
#1269 = CARTESIAN_POINT('',(-56.091075511,-6.714971921047,
    84.413269848688));
#1270 = CARTESIAN_POINT('',(-53.76992301373,-9.308289844003,
    83.897785301896));
#1271 = CARTESIAN_POINT('',(-50.87882836712,-11.10276321762,
    83.255729274365));
#1272 = CARTESIAN_POINT('',(-47.70276757618,-12.00000000003,
    82.550387312561));
#1273 = CARTESIAN_POINT('',(-41.35064554824,-11.99999999998,
    81.139703396709));
#1274 = CARTESIAN_POINT('',(-38.17458475718,-11.10276321783,
    80.434361434868));
#1275 = CARTESIAN_POINT('',(-35.28349011105,-9.308289843474,
    79.792305406013));
#1276 = CARTESIAN_POINT('',(-32.96233761262,-6.714971922025,
    79.276820866244));
#1277 = CARTESIAN_POINT('',(-31.45701105376,-3.519598828272,
    78.942519520195));
#1278 = CARTESIAN_POINT('',(-30.93532851165,3.574613783643E-10,
    78.826660086488));
#1279 = CARTESIAN_POINT('',(-31.4570110543,3.519598827652,78.94251951634
    ));
#1280 = CARTESIAN_POINT('',(-32.9623376119,6.714971922421,
    79.276820871216));
#1281 = CARTESIAN_POINT('',(-35.28349011159,9.308289843302,
    79.792305402431));
#1282 = CARTESIAN_POINT('',(-38.17458475692,11.102763217874,
    80.434361436497));
#1283 = CARTESIAN_POINT('',(-41.35064554831,11.99999999999,
    81.139703396321));
#1284 = CARTESIAN_POINT('',(-44.52670656221,12.000000000001,
    81.845045354619));
#1285 = CARTESIAN_POINT('',(-43.99581326977,12.,69.905845089157));
#1286 = CARTESIAN_POINT('',(-47.13400601056,12.000000000001,
    69.759571657698));
#1287 = CARTESIAN_POINT('',(-50.27219852827,11.102763217826,
    69.613298236175));
#1288 = CARTESIAN_POINT('',(-53.12882258258,9.308289843423,
    69.480148927881));
#1289 = CARTESIAN_POINT('',(-55.42229984762,6.714971922193,
    69.37324828459));
#1290 = CARTESIAN_POINT('',(-56.90967847664,3.519598827986,
    69.303920513726));
#1291 = CARTESIAN_POINT('',(-57.42514080487,-2.260232784756E-11,
    69.279894411164));
#1292 = CARTESIAN_POINT('',(-56.90967847662,-3.519598827946,
    69.303920513695));
#1293 = CARTESIAN_POINT('',(-55.42229984765,-6.714971922221,
    69.373248284633));
#1294 = CARTESIAN_POINT('',(-53.12882258256,-9.308289843408,
    69.480148927845));
#1295 = CARTESIAN_POINT('',(-50.27219852828,-11.10276321783,
    69.613298236194));
#1296 = CARTESIAN_POINT('',(-47.13400601055,-11.99999999999,
    69.759571657692));
#1297 = CARTESIAN_POINT('',(-40.85762052899,-12.,70.052118520625));
#1298 = CARTESIAN_POINT('',(-37.71942801124,-11.10276321782,
    70.198391942087));
#1299 = CARTESIAN_POINT('',(-34.86280395704,-9.308289843421,
    70.33154125058));
#1300 = CARTESIAN_POINT('',(-32.56932669178,-6.714971922196,
    70.438441893434));
#1301 = CARTESIAN_POINT('',(-31.08194806309,-3.519598827981,
    70.50776966501));
#1302 = CARTESIAN_POINT('',(-30.56648573448,1.513117534285E-11,
    70.531795766688));
#1303 = CARTESIAN_POINT('',(-31.08194806306,3.519598827954,
    70.507769665006));
#1304 = CARTESIAN_POINT('',(-32.56932669181,6.714971922215,
    70.438441893437));
#1305 = CARTESIAN_POINT('',(-34.86280395701,9.308289843412,
    70.331541250582));
#1306 = CARTESIAN_POINT('',(-37.71942801125,11.10276321783,
    70.198391942084));
#1307 = CARTESIAN_POINT('',(-40.85762052899,12.,70.052118520628));
#1308 = CARTESIAN_POINT('',(-43.99581326977,12.,69.905845089157));
#1309 = CARTESIAN_POINT('',(-43.99139418271,12.,69.806464731198));
#1310 = CARTESIAN_POINT('',(-47.12934258434,12.000000000001,
    69.654696383655));
#1311 = CARTESIAN_POINT('',(-50.2672907629,11.102763217823,
    69.502928046075));
#1312 = CARTESIAN_POINT('',(-53.12369240107,9.30828984343,
    69.364776845725));
#1313 = CARTESIAN_POINT('',(-55.41699109596,6.714971922181,
    69.253860358588));
#1314 = CARTESIAN_POINT('',(-56.90425391874,3.519598828002,
    69.181928233657));
#1315 = CARTESIAN_POINT('',(-57.41967611202,-3.901760482349E-11,
    69.156999541183));
#1316 = CARTESIAN_POINT('',(-56.90425391872,-3.519598827932,
    69.181928233614));
#1317 = CARTESIAN_POINT('',(-55.416991096,-6.71497192223,69.25386035865)
  );
#1318 = CARTESIAN_POINT('',(-53.12369240104,-9.308289843403,
    69.364776845674));
#1319 = CARTESIAN_POINT('',(-50.26729076291,-11.10276321783,
    69.502928046102));
#1320 = CARTESIAN_POINT('',(-47.12934258433,-11.99999999999,
    69.654696383646));
#1321 = CARTESIAN_POINT('',(-40.85344578108,-12.,69.958233078752));
#1322 = CARTESIAN_POINT('',(-37.71549760249,-11.10276321782,
    70.110001416261));
#1323 = CARTESIAN_POINT('',(-34.85909596442,-9.308289843421,
    70.248152616842));
#1324 = CARTESIAN_POINT('',(-32.56579726931,-6.714971922197,
    70.359069103461));
#1325 = CARTESIAN_POINT('',(-31.07853444685,-3.519598827979,
    70.431001229255));
#1326 = CARTESIAN_POINT('',(-30.56311225322,1.200018133483E-11,
    70.455929920632));
#1327 = CARTESIAN_POINT('',(-31.07853444682,3.519598827957,
    70.431001229276));
#1328 = CARTESIAN_POINT('',(-32.56579726935,6.714971922213,
    70.359069103431));
#1329 = CARTESIAN_POINT('',(-34.85909596439,9.308289843413,
    70.248152616867));
#1330 = CARTESIAN_POINT('',(-37.7154976025,11.10276321783,
    70.110001416247));
#1331 = CARTESIAN_POINT('',(-40.85344578108,12.,69.958233078757));
#1332 = CARTESIAN_POINT('',(-43.99139418271,12.,69.806464731198));
#1333 = CARTESIAN_POINT('',(-43.98674273881,12.,69.701858926122));
#1334 = CARTESIAN_POINT('',(-47.12450109887,12.000000000002,
    69.545816754958));
#1335 = CARTESIAN_POINT('',(-50.26225923587,11.102763217821,
    69.389774593779));
#1336 = CARTESIAN_POINT('',(-53.11848788371,9.308289843436,
    69.247733032941));
#1337 = CARTESIAN_POINT('',(-55.41164769071,6.71497192217,
    69.133693111702));
#1338 = CARTESIAN_POINT('',(-56.89882044197,3.519598828017,
    69.059735378052));
#1339 = CARTESIAN_POINT('',(-57.41421141918,-5.543288179941E-11,
    69.034104671201));
#1340 = CARTESIAN_POINT('',(-56.89882044195,-3.519598827918,69.059735378
    ));
#1341 = CARTESIAN_POINT('',(-55.41164769074,-6.71497192224,
    69.133693111777));
#1342 = CARTESIAN_POINT('',(-53.11848788368,-9.308289843399,
    69.247733032878));
#1343 = CARTESIAN_POINT('',(-50.26225923588,-11.10276321783,
    69.389774593812));
#1344 = CARTESIAN_POINT('',(-47.12450109887,-11.99999999999,
    69.545816754948));
#1345 = CARTESIAN_POINT('',(-40.84898437874,-12.,69.857901097299));
#1346 = CARTESIAN_POINT('',(-37.71122624172,-11.10276321782,
    70.0139432584));
#1347 = CARTESIAN_POINT('',(-34.85499759398,-9.30828984342,
    70.155984819495));
#1348 = CARTESIAN_POINT('',(-32.56183778677,-6.714971922199,
    70.270024740152));
#1349 = CARTESIAN_POINT('',(-31.0746650358,-3.519598827975,
    70.343982474783));
#1350 = CARTESIAN_POINT('',(-30.55927405829,8.437877470789E-12,
    70.36961318037));
#1351 = CARTESIAN_POINT('',(-31.07466503576,3.51959882796,
    70.343982474824));
#1352 = CARTESIAN_POINT('',(-32.56183778682,6.714971922211,
    70.270024740097));
#1353 = CARTESIAN_POINT('',(-34.85499759394,9.308289843414,
    70.155984819537));
#1354 = CARTESIAN_POINT('',(-37.71122624173,11.102763217829,
    70.013943258378));
#1355 = CARTESIAN_POINT('',(-40.84898437874,12.,69.857901097306));
#1356 = CARTESIAN_POINT('',(-43.98674273881,12.,69.701858926122));
#1357 = CARTESIAN_POINT('',(-43.98185893807,12.,69.592027673931));
#1358 = CARTESIAN_POINT('',(-47.11948155416,12.000000000002,
    69.432932771609));
#1359 = CARTESIAN_POINT('',(-50.25710394718,11.102763217818,
    69.273837879287));
#1360 = CARTESIAN_POINT('',(-53.1132090305,9.308289843443,
    69.129017489529));
#1361 = CARTESIAN_POINT('',(-55.40626963186,6.714971922158,
    69.012746543931));
#1362 = CARTESIAN_POINT('',(-56.89337804633,3.519598828033,
    68.937341946911));
#1363 = CARTESIAN_POINT('',(-57.40874672633,-7.184815877534E-11,
    68.91120980122));
#1364 = CARTESIAN_POINT('',(-56.89337804631,-3.519598827904,
    68.937341946852));
#1365 = CARTESIAN_POINT('',(-55.40626963189,-6.714971922249,
    69.012746544017));
#1366 = CARTESIAN_POINT('',(-53.11320903047,-9.308289843394,
    69.129017489458));
#1367 = CARTESIAN_POINT('',(-50.25710394719,-11.10276321783,
    69.273837879324));
#1368 = CARTESIAN_POINT('',(-47.11948155416,-11.99999999999,
    69.432932771598));
#1369 = CARTESIAN_POINT('',(-40.84423632198,-12.,69.751122576267));
#1370 = CARTESIAN_POINT('',(-37.70661392893,-11.10276321782,
    69.910217468505));
#1371 = CARTESIAN_POINT('',(-34.8505088457,-9.30828984342,
    70.055037858538));
#1372 = CARTESIAN_POINT('',(-32.55744824416,-6.714971922201,
    70.171308803508));
#1373 = CARTESIAN_POINT('',(-31.07033982994,-3.519598827972,
    70.246713401595));
#1374 = CARTESIAN_POINT('',(-30.55497114969,4.44426375074E-12,
    70.272845545901));
#1375 = CARTESIAN_POINT('',(-31.07033982989,3.519598827964,
    70.24671340165));
#1376 = CARTESIAN_POINT('',(-32.55744824421,6.714971922208,
    70.171308803435));
#1377 = CARTESIAN_POINT('',(-34.85050884566,9.308289843415,
    70.055037858593));
#1378 = CARTESIAN_POINT('',(-37.70661392894,11.102763217829,
    69.910217468477));
#1379 = CARTESIAN_POINT('',(-40.84423632197,12.,69.751122576275));
#1380 = CARTESIAN_POINT('',(-43.98185893807,12.,69.592027673931));
#1381 = CARTESIAN_POINT('',(-43.97674278049,12.,69.476970974623));
#1382 = CARTESIAN_POINT('',(-47.1142839502,12.000000000003,
    69.316044433607));
#1383 = CARTESIAN_POINT('',(-50.25182489683,11.102763217815,
    69.155117902599));
#1384 = CARTESIAN_POINT('',(-53.10785584144,9.308289843449,
    69.00863021549));
#1385 = CARTESIAN_POINT('',(-55.40085691941,6.714971922147,
    68.891020655276));
#1386 = CARTESIAN_POINT('',(-56.88792673182,3.519598828048,
    68.814747940233));
#1387 = CARTESIAN_POINT('',(-57.40328203348,-8.826343575127E-11,
    68.788314931239));
#1388 = CARTESIAN_POINT('',(-56.88792673179,-3.51959882789,
    68.81474794017));
#1389 = CARTESIAN_POINT('',(-55.40085691945,-6.714971922259,
    68.891020655368));
#1390 = CARTESIAN_POINT('',(-53.10785584141,-9.308289843389,
    69.008630215413));
#1391 = CARTESIAN_POINT('',(-50.25182489684,-11.10276321783,
    69.155117902639));
#1392 = CARTESIAN_POINT('',(-47.11428395019,-11.99999999999,
    69.316044433595));
#1393 = CARTESIAN_POINT('',(-40.83920161078,-12.,69.637897515654));
#1394 = CARTESIAN_POINT('',(-37.70166066412,-11.10276321782,
    69.798824046575));
#1395 = CARTESIAN_POINT('',(-34.8456297196,-9.308289843419,
    69.945311733971));
#1396 = CARTESIAN_POINT('',(-32.55262864146,-6.714971922203,
    70.062921293528));
#1397 = CARTESIAN_POINT('',(-31.06555882927,-3.519598827968,
    70.13919400969));
#1398 = CARTESIAN_POINT('',(-30.55020352741,1.934017467842E-14,
    70.165627017226));
#1399 = CARTESIAN_POINT('',(-31.06555882922,3.519598827967,
    70.139194009754));
#1400 = CARTESIAN_POINT('',(-32.55262864153,6.714971922206,
    70.062921293444));
#1401 = CARTESIAN_POINT('',(-34.84562971955,9.308289843416,
    69.945311734034));
#1402 = CARTESIAN_POINT('',(-37.70166066414,11.102763217829,
    69.798824046543));
#1403 = CARTESIAN_POINT('',(-40.83920161078,12.,69.637897515664));
#1404 = CARTESIAN_POINT('',(-43.97674278049,12.,69.476970974623));
#1405 = CARTESIAN_POINT('',(-43.97139426607,12.,69.356688828199));
#1406 = CARTESIAN_POINT('',(-47.10890828699,12.000000000004,
    69.195151740951));
#1407 = CARTESIAN_POINT('',(-50.24642208482,11.102763217813,
    69.033614663715));
#1408 = CARTESIAN_POINT('',(-53.10242831653,9.308289843456,
    68.886571210822));
#1409 = CARTESIAN_POINT('',(-55.39540955336,6.714971922135,
    68.768515445737));
#1410 = CARTESIAN_POINT('',(-56.88246649843,3.519598828064,
    68.691953358019));
#1411 = CARTESIAN_POINT('',(-57.39781734063,-1.046787127272E-10,
    68.665420061258));
#1412 = CARTESIAN_POINT('',(-56.8824664984,-3.519598827876,
    68.691953357955));
#1413 = CARTESIAN_POINT('',(-55.3954095534,-6.714971922268,
    68.768515445831));
#1414 = CARTESIAN_POINT('',(-53.1024283165,-9.308289843384,
    68.886571210743));
#1415 = CARTESIAN_POINT('',(-50.24642208483,-11.10276321784,
    69.033614663756));
#1416 = CARTESIAN_POINT('',(-47.10890828698,-11.99999999999,
    69.195151740939));
#1417 = CARTESIAN_POINT('',(-40.83388024516,-12.,69.518225915462));
#1418 = CARTESIAN_POINT('',(-37.6963664473,-11.10276321782,
    69.67976299261));
#1419 = CARTESIAN_POINT('',(-34.84036021567,-9.308289843419,
    69.826806445794));
#1420 = CARTESIAN_POINT('',(-32.54737897869,-6.714971922205,
    69.944862210213));
#1421 = CARTESIAN_POINT('',(-31.0603220338,-3.519598827964,
    70.021424299069));
#1422 = CARTESIAN_POINT('',(-30.54497119147,-4.836893257395E-12,
    70.047957594345));
#1423 = CARTESIAN_POINT('',(-31.06032203373,3.519598827972,
    70.021424299136));
#1424 = CARTESIAN_POINT('',(-32.54737897877,6.714971922203,
    69.944862210125));
#1425 = CARTESIAN_POINT('',(-34.84036021561,9.308289843417,
    69.826806445861));
#1426 = CARTESIAN_POINT('',(-37.69636644732,11.102763217828,
    69.679762992577));
#1427 = CARTESIAN_POINT('',(-40.83388024516,12.,69.518225915472));
#1428 = CARTESIAN_POINT('',(-43.97139426607,12.,69.3566888282));
#1429 = CARTESIAN_POINT('',(-43.96581339482,12.,69.23118123466));
#1430 = CARTESIAN_POINT('',(-47.10335456453,12.000000000004,
    69.070254693643));
#1431 = CARTESIAN_POINT('',(-50.24089551115,11.10276321781,
    68.909328162635));
#1432 = CARTESIAN_POINT('',(-53.09692645578,9.308289843463,
    68.762840475525));
#1433 = CARTESIAN_POINT('',(-55.38992753372,6.714971922123,
    68.645230915313));
#1434 = CARTESIAN_POINT('',(-56.87699734617,3.519598828079,
    68.568958200269));
#1435 = CARTESIAN_POINT('',(-57.39235264778,-1.210939897031E-10,
    68.542525191276));
#1436 = CARTESIAN_POINT('',(-56.87699734614,-3.519598827862,
    68.568958200205));
#1437 = CARTESIAN_POINT('',(-55.38992753376,-6.714971922278,
    68.645230915405));
#1438 = CARTESIAN_POINT('',(-53.09692645575,-9.308289843379,
    68.762840475449));
#1439 = CARTESIAN_POINT('',(-50.24089551117,-11.10276321784,
    68.909328162675));
#1440 = CARTESIAN_POINT('',(-47.10335456452,-11.99999999999,
    69.070254693631));
#1441 = CARTESIAN_POINT('',(-40.82827222511,-12.,69.392107775691));
#1442 = CARTESIAN_POINT('',(-37.69073127846,-11.10276321782,
    69.553034306611));
#1443 = CARTESIAN_POINT('',(-34.83470033391,-9.308289843418,
    69.699521994008));
#1444 = CARTESIAN_POINT('',(-32.54169925584,-6.714971922208,
    69.817131553562));
#1445 = CARTESIAN_POINT('',(-31.05462944351,-3.51959882796,
    69.893404269731));
#1446 = CARTESIAN_POINT('',(-30.53927414186,-1.012443654548E-11,
    69.919837277258));
#1447 = CARTESIAN_POINT('',(-31.05462944344,3.519598827976,
    69.893404269795));
#1448 = CARTESIAN_POINT('',(-32.54169925594,6.7149719222,69.817131553477
    ));
#1449 = CARTESIAN_POINT('',(-34.83470033384,9.308289843419,
    69.699521994072));
#1450 = CARTESIAN_POINT('',(-37.69073127849,11.102763217827,
    69.553034306579));
#1451 = CARTESIAN_POINT('',(-40.82827222511,12.,69.3921077757));
#1452 = CARTESIAN_POINT('',(-43.96581339482,12.,69.23118123466));
#1453 = CARTESIAN_POINT('',(-43.96000016672,12.,69.100448194004));
#1454 = CARTESIAN_POINT('',(-47.09762278282,12.000000000005,
    68.941353291682));
#1455 = CARTESIAN_POINT('',(-50.23524517583,11.102763217807,
    68.78225839936));
#1456 = CARTESIAN_POINT('',(-53.09135025918,9.30828984347,
    68.637438009601));
#1457 = CARTESIAN_POINT('',(-55.38441086048,6.714971922111,
    68.521167064005));
#1458 = CARTESIAN_POINT('',(-56.87151927504,3.519598828095,
    68.445762466982));
#1459 = CARTESIAN_POINT('',(-57.38688795494,-1.37509266679E-10,
    68.419630321295));
#1460 = CARTESIAN_POINT('',(-56.87151927501,-3.519598827848,
    68.445762466923));
#1461 = CARTESIAN_POINT('',(-55.38441086052,-6.714971922287,
    68.521167064091));
#1462 = CARTESIAN_POINT('',(-53.09135025914,-9.308289843374,
    68.63743800953));
#1463 = CARTESIAN_POINT('',(-50.23524517584,-11.10276321784,
    68.782258399397));
#1464 = CARTESIAN_POINT('',(-47.09762278282,-11.99999999999,
    68.94135329167));
#1465 = CARTESIAN_POINT('',(-40.82237755063,-12.,69.25954309634));
#1466 = CARTESIAN_POINT('',(-37.6847551576,-11.10276321782,
    69.418637988577));
#1467 = CARTESIAN_POINT('',(-34.82865007432,-9.308289843417,
    69.563458378612));
#1468 = CARTESIAN_POINT('',(-32.53558947292,-6.714971922211,
    69.679729323576));
#1469 = CARTESIAN_POINT('',(-31.04848105842,-3.519598827955,
    69.755133921676));
#1470 = CARTESIAN_POINT('',(-30.53311237857,-1.584328968958E-11,
    69.781266065964));
#1471 = CARTESIAN_POINT('',(-31.04848105833,3.519598827981,
    69.755133921733));
#1472 = CARTESIAN_POINT('',(-32.53558947303,6.714971922197,
    69.679729323501));
#1473 = CARTESIAN_POINT('',(-34.82865007424,9.30828984342,69.56345837867
    ));
#1474 = CARTESIAN_POINT('',(-37.68475515763,11.102763217827,
    69.418637988548));
#1475 = CARTESIAN_POINT('',(-40.82237755063,12.,69.259543096348));
#1476 = CARTESIAN_POINT('',(-43.96000016672,12.,69.100448194004));
#1477 = CARTESIAN_POINT('',(-43.95395458179,12.,68.964489706231));
#1478 = CARTESIAN_POINT('',(-47.09171294187,12.000000000006,
    68.808447535067));
#1479 = CARTESIAN_POINT('',(-50.22947107884,11.102763217804,
    68.652405373888));
#1480 = CARTESIAN_POINT('',(-53.08569972673,9.308289843477,
    68.510363813049));
#1481 = CARTESIAN_POINT('',(-55.37885953364,6.7149719221,68.396323891813
    ));
#1482 = CARTESIAN_POINT('',(-56.86603228504,3.51959882811,
    68.322366158158));
#1483 = CARTESIAN_POINT('',(-57.38142326209,-1.53924543655E-10,
    68.296735451314));
#1484 = CARTESIAN_POINT('',(-56.866032285,-3.519598827834,
    68.322366158106));
#1485 = CARTESIAN_POINT('',(-55.37885953369,-6.714971922297,
    68.396323891888));
#1486 = CARTESIAN_POINT('',(-53.08569972669,-9.308289843368,
    68.510363812986));
#1487 = CARTESIAN_POINT('',(-50.22947107886,-11.10276321784,
    68.652405373921));
#1488 = CARTESIAN_POINT('',(-47.09171294186,-11.99999999999,
    68.808447535057));
#1489 = CARTESIAN_POINT('',(-40.81619622173,-12.,69.120531877408));
#1490 = CARTESIAN_POINT('',(-37.67843808473,-11.10276321782,
    69.276574038509));
#1491 = CARTESIAN_POINT('',(-34.8222094369,-9.308289843416,
    69.418615599607));
#1492 = CARTESIAN_POINT('',(-32.52904962992,-6.714971922213,
    69.532655520254));
#1493 = CARTESIAN_POINT('',(-31.04187687852,-3.51959882795,
    69.606613254904));
#1494 = CARTESIAN_POINT('',(-30.52648590162,-2.199345268969E-11,
    69.632243960464));
#1495 = CARTESIAN_POINT('',(-31.04187687842,3.519598827987,
    69.606613254948));
#1496 = CARTESIAN_POINT('',(-32.52904963005,6.714971922193,
    69.532655520196));
#1497 = CARTESIAN_POINT('',(-34.82220943681,9.308289843422,
    69.418615599652));
#1498 = CARTESIAN_POINT('',(-37.67843808476,11.102763217826,
    69.276574038485));
#1499 = CARTESIAN_POINT('',(-40.81619622172,12.,69.120531877416));
#1500 = CARTESIAN_POINT('',(-43.95395458179,12.,68.964489706232));
#1501 = CARTESIAN_POINT('',(-43.94767664003,12.,68.823305771343));
#1502 = CARTESIAN_POINT('',(-47.08562504166,12.000000000006,
    68.6715374238));
#1503 = CARTESIAN_POINT('',(-50.2235732202,11.102763217801,
    68.519769086221));
#1504 = CARTESIAN_POINT('',(-53.07997485843,9.308289843484,
    68.381617885869));
#1505 = CARTESIAN_POINT('',(-55.37327355321,6.714971922088,
    68.270701398737));
#1506 = CARTESIAN_POINT('',(-56.86053637616,3.519598828126,
    68.198769273798));
#1507 = CARTESIAN_POINT('',(-57.37595856924,-1.703398206309E-10,
    68.173840581333));
#1508 = CARTESIAN_POINT('',(-56.86053637612,-3.51959882782,
    68.198769273756));
#1509 = CARTESIAN_POINT('',(-55.37327355326,-6.714971922307,
    68.270701398798));
#1510 = CARTESIAN_POINT('',(-53.07997485839,-9.308289843363,
    68.381617885818));
#1511 = CARTESIAN_POINT('',(-50.22357322021,-11.10276321784,
    68.519769086248));
#1512 = CARTESIAN_POINT('',(-47.08562504166,-11.99999999999,
    68.671537423792));
#1513 = CARTESIAN_POINT('',(-40.80972823839,-12.,68.975074118898));
#1514 = CARTESIAN_POINT('',(-37.67178005983,-11.10276321782,
    69.126842456406));
#1515 = CARTESIAN_POINT('',(-34.81537842165,-9.308289843416,
    69.264993656992));
#1516 = CARTESIAN_POINT('',(-32.52207972684,-6.714971922216,
    69.375910143597));
#1517 = CARTESIAN_POINT('',(-31.03481690381,-3.519598827945,
    69.447842269416));
#1518 = CARTESIAN_POINT('',(-30.519394711,-2.857492554581E-11,
    69.472770960757));
#1519 = CARTESIAN_POINT('',(-31.0348169037,3.519598827992,
    69.447842269441));
#1520 = CARTESIAN_POINT('',(-32.52207972699,6.71497192219,
    69.375910143563));
#1521 = CARTESIAN_POINT('',(-34.81537842155,9.308289843424,
    69.26499365702));
#1522 = CARTESIAN_POINT('',(-37.67178005988,11.102763217826,
    69.12684245639));
#1523 = CARTESIAN_POINT('',(-40.80972823838,12.,68.975074118903));
#1524 = CARTESIAN_POINT('',(-43.94767664003,12.,68.823305771343));
#1525 = CARTESIAN_POINT('',(-43.94116634142,12.,68.676896389339));
#1526 = CARTESIAN_POINT('',(-47.07935908221,12.000000000007,
    68.53062295788));
#1527 = CARTESIAN_POINT('',(-50.2175515999,11.102763217798,
    68.384349536358));
#1528 = CARTESIAN_POINT('',(-53.07417565428,9.308289843491,
    68.25120022806));
#1529 = CARTESIAN_POINT('',(-55.36765291918,6.714971922076,
    68.144299584776));
#1530 = CARTESIAN_POINT('',(-56.85503154841,3.519598828142,
    68.074971813902));
#1531 = CARTESIAN_POINT('',(-57.37049387639,-1.867550976068E-10,
    68.050945711351));
#1532 = CARTESIAN_POINT('',(-56.85503154837,-3.519598827806,
    68.074971813872));
#1533 = CARTESIAN_POINT('',(-55.36765291923,-6.714971922317,
    68.144299584819));
#1534 = CARTESIAN_POINT('',(-53.07417565425,-9.308289843358,
    68.251200228025));
#1535 = CARTESIAN_POINT('',(-50.21755159991,-11.10276321785,
    68.384349536377));
#1536 = CARTESIAN_POINT('',(-47.07935908221,-11.99999999999,
    68.530622957873));
#1537 = CARTESIAN_POINT('',(-40.80297360063,-12.,68.823169820807));
#1538 = CARTESIAN_POINT('',(-37.66478108293,-11.10276321782,
    68.969443242268));
#1539 = CARTESIAN_POINT('',(-34.80815702857,-9.308289843415,
    69.102592550767));
#1540 = CARTESIAN_POINT('',(-32.51467976368,-6.71497192222,
    69.209493193604));
#1541 = CARTESIAN_POINT('',(-31.0273011343,-3.519598827939,
    69.278820965211));
#1542 = CARTESIAN_POINT('',(-30.5118388067,-3.558770825795E-11,
    69.302847066844));
#1543 = CARTESIAN_POINT('',(-31.02730113416,3.519598827998,
    69.278820965212));
#1544 = CARTESIAN_POINT('',(-32.51467976385,6.714971922186,
    69.209493193601));
#1545 = CARTESIAN_POINT('',(-34.80815702846,9.308289843426,
    69.102592550773));
#1546 = CARTESIAN_POINT('',(-37.66478108297,11.102763217825,
    68.969443242263));
#1547 = CARTESIAN_POINT('',(-40.80297360062,12.000000000001,
    68.82316982081));
#1548 = CARTESIAN_POINT('',(-43.94116634142,12.,68.676896389339));
#1549 = CARTESIAN_POINT('',(-43.93442368597,12.,68.525261560218));
#1550 = CARTESIAN_POINT('',(-47.07291506351,12.000000000008,
    68.385704137307));
#1551 = CARTESIAN_POINT('',(-50.21140621793,11.102763217795,
    68.246146724299));
#1552 = CARTESIAN_POINT('',(-53.06830211429,9.308289843498,
    68.119110839623));
#1553 = CARTESIAN_POINT('',(-55.36199763156,6.714971922063,
    68.017118449931));
#1554 = CARTESIAN_POINT('',(-56.84951780179,3.519598828157,
    67.95097377847));
#1555 = CARTESIAN_POINT('',(-57.36502918354,-2.031703745828E-10,
    67.92805084137));
#1556 = CARTESIAN_POINT('',(-56.84951780175,-3.519598827792,
    67.950973778454));
#1557 = CARTESIAN_POINT('',(-55.3619976316,-6.714971922327,
    68.017118449951));
#1558 = CARTESIAN_POINT('',(-53.06830211425,-9.308289843352,
    68.119110839608));
#1559 = CARTESIAN_POINT('',(-50.21140621795,-11.10276321785,
    68.246146724308));
#1560 = CARTESIAN_POINT('',(-47.0729150635,-11.99999999999,
    68.385704137303));
#1561 = CARTESIAN_POINT('',(-40.79593230844,-12.,68.664818983137));
#1562 = CARTESIAN_POINT('',(-37.657441154,-11.10276321782,
    68.804376396095));
#1563 = CARTESIAN_POINT('',(-34.80054525767,-9.308289843414,
    68.931412280933));
#1564 = CARTESIAN_POINT('',(-32.50684974045,-6.714971922223,
    69.033404670276));
#1565 = CARTESIAN_POINT('',(-31.01932956997,-3.519598827933,
    69.099549342289));
#1566 = CARTESIAN_POINT('',(-30.50381818874,-4.303180082609E-11,
    69.122472278725));
#1567 = CARTESIAN_POINT('',(-31.01932956982,3.519598828005,
    69.099549342261));
#1568 = CARTESIAN_POINT('',(-32.50684974064,6.714971922182,
    69.033404670311));
#1569 = CARTESIAN_POINT('',(-34.80054525754,9.308289843428,
    68.931412280911));
#1570 = CARTESIAN_POINT('',(-37.65744115405,11.102763217824,
    68.804376396103));
#1571 = CARTESIAN_POINT('',(-40.79593230843,12.000000000001,
    68.664818983137));
#1572 = CARTESIAN_POINT('',(-43.93442368597,12.,68.525261560218));
#1573 = DEFINITIONAL_REPRESENTATION('',(#1574),#1632);
#1574 = B_SPLINE_CURVE_WITH_KNOTS('',6,(#1575,#1576,#1577,#1578,#1579,
    #1580,#1581,#1582,#1583,#1584,#1585,#1586,#1587,#1588,#1589,#1590,
    #1591,#1592,#1593,#1594,#1595,#1596,#1597,#1598,#1599,#1600,#1601,
    #1602,#1603,#1604,#1605,#1606,#1607,#1608,#1609,#1610,#1611,#1612,
    #1613,#1614,#1615,#1616,#1617,#1618,#1619,#1620,#1621,#1622,#1623,
    #1624,#1625,#1626,#1627,#1628,#1629,#1630,#1631),.UNSPECIFIED.,.F.,
  .F.,(7,5,5,5,5,5,5,5,5,5,5,7),(0.,0.12951795261,0.217528883178,
    0.309528724939,0.499486302444,0.688998828386,0.780998503867,
    0.86900927273,0.94102552725,0.97103383549,0.985037868721,1.),
  .UNSPECIFIED.);
#1575 = CARTESIAN_POINT('',(1.702932934966E-10,4.712388980385));
#1576 = CARTESIAN_POINT('',(4.104759349142E-04,4.780183812844));
#1577 = CARTESIAN_POINT('',(8.073361954049E-04,4.847983853709));
#1578 = CARTESIAN_POINT('',(1.188053896448E-03,4.915780117047));
#1579 = CARTESIAN_POINT('',(1.55087411258E-03,4.983577661631));
#1580 = CARTESIAN_POINT('',(1.894471736397E-03,5.051382735805));
#1581 = CARTESIAN_POINT('',(2.437528493545E-03,5.165259251678));
#1582 = CARTESIAN_POINT('',(2.647904363997E-03,5.211334694852));
#1583 = CARTESIAN_POINT('',(2.848620950978E-03,5.257410492709));
#1584 = CARTESIAN_POINT('',(3.03944182991E-03,5.303487427615));
#1585 = CARTESIAN_POINT('',(3.220186829125E-03,5.349566258886));
#1586 = CARTESIAN_POINT('',(3.568956014703E-03,5.443813411048));
#1587 = CARTESIAN_POINT('',(3.736038282209E-03,5.491983291517));
#1588 = CARTESIAN_POINT('',(3.891783510433E-03,5.540153468496));
#1589 = CARTESIAN_POINT('',(4.03608339268E-03,5.588324859668));
#1590 = CARTESIAN_POINT('',(4.168856925733E-03,5.636498364959));
#1591 = CARTESIAN_POINT('',(4.540258761472E-03,5.784139376292));
#1592 = CARTESIAN_POINT('',(4.741153855996E-03,5.88364109798));
#1593 = CARTESIAN_POINT('',(4.891990604133E-03,5.983111860916));
#1594 = CARTESIAN_POINT('',(4.9929052247E-03,6.082585254156));
#1595 = CARTESIAN_POINT('',(5.043671981802E-03,6.182094879601));
#1596 = CARTESIAN_POINT('',(5.045022010556E-03,6.380821531504));
#1597 = CARTESIAN_POINT('',(4.995840130449E-03,6.480097750279));
#1598 = CARTESIAN_POINT('',(4.896744171673E-03,6.579338203986));
#1599 = CARTESIAN_POINT('',(4.747956600136E-03,6.678576039806));
#1600 = CARTESIAN_POINT('',(4.549341322075E-03,6.777844544688));
#1601 = CARTESIAN_POINT('',(4.181359712758E-03,6.925252662126));
#1602 = CARTESIAN_POINT('',(4.049508827802E-03,6.973426162513));
#1603 = CARTESIAN_POINT('',(3.906126823605E-03,7.021597552971));
#1604 = CARTESIAN_POINT('',(3.751293329125E-03,7.0697677323));
#1605 = CARTESIAN_POINT('',(3.585114850162E-03,7.117937616986));
#1606 = CARTESIAN_POINT('',(3.238093852823E-03,7.21218477677));
#1607 = CARTESIAN_POINT('',(3.058194154991E-03,7.258263611522));
#1608 = CARTESIAN_POINT('',(2.868207070109E-03,7.304340549063));
#1609 = CARTESIAN_POINT('',(2.668310277764E-03,7.350416347539));
#1610 = CARTESIAN_POINT('',(2.458737180605E-03,7.396491788132));
#1611 = CARTESIAN_POINT('',(2.06065403046E-03,7.48026618288));
#1612 = CARTESIAN_POINT('',(1.875236965974E-03,7.517966192533));
#1613 = CARTESIAN_POINT('',(1.683715030075E-03,7.555665588988));
#1614 = CARTESIAN_POINT('',(1.486292451264E-03,7.593364379665));
#1615 = CARTESIAN_POINT('',(1.283213095268E-03,7.631062581411));
#1616 = CARTESIAN_POINT('',(9.879007578309E-04,7.684468373894));
#1617 = CARTESIAN_POINT('',(9.001082962497E-04,7.700176444791));
#1618 = CARTESIAN_POINT('',(8.114038399236E-04,7.715884437579));
#1619 = CARTESIAN_POINT('',(7.218096896822E-04,7.731592356907));
#1620 = CARTESIAN_POINT('',(6.313496875507E-04,7.747300207677));
#1621 = CARTESIAN_POINT('',(4.97441855584E-04,7.770338377505));
#1622 = CARTESIAN_POINT('',(4.546513800899E-04,7.777668759989));
#1623 = CARTESIAN_POINT('',(4.116803772048E-04,7.784999142487));
#1624 = CARTESIAN_POINT('',(3.685315154961E-04,7.792329524988));
#1625 = CARTESIAN_POINT('',(3.252075451611E-04,7.799659907481));
#1626 = CARTESIAN_POINT('',(2.352392175185E-04,7.814822186885));
#1627 = CARTESIAN_POINT('',(1.885497304472E-04,7.822654066037));
#1628 = CARTESIAN_POINT('',(1.416957632812E-04,7.830485935545));
#1629 = CARTESIAN_POINT('',(9.468143140426E-05,7.838317797689));
#1630 = CARTESIAN_POINT('',(4.746203911593E-05,7.846149648901));
#1631 = CARTESIAN_POINT('',(-5.592036849511E-08,7.853981479755));
#1632 = ( GEOMETRIC_REPRESENTATION_CONTEXT(2) 
PARAMETRIC_REPRESENTATION_CONTEXT() REPRESENTATION_CONTEXT('2D SPACE',''
  ) );
#1633 = ORIENTED_EDGE('',*,*,#1634,.F.);
#1634 = EDGE_CURVE('',#587,#609,#1635,.T.);
#1635 = SURFACE_CURVE('',#1636,(#1699,#1765),.PCURVE_S1.);
#1636 = B_SPLINE_CURVE_WITH_KNOTS('',6,(#1637,#1638,#1639,#1640,#1641,
    #1642,#1643,#1644,#1645,#1646,#1647,#1648,#1649,#1650,#1651,#1652,
    #1653,#1654,#1655,#1656,#1657,#1658,#1659,#1660,#1661,#1662,#1663,
    #1664,#1665,#1666,#1667,#1668,#1669,#1670,#1671,#1672,#1673,#1674,
    #1675,#1676,#1677,#1678,#1679,#1680,#1681,#1682,#1683,#1684,#1685,
    #1686,#1687,#1688,#1689,#1690,#1691,#1692,#1693,#1694,#1695,#1696,
    #1697,#1698),.UNSPECIFIED.,.F.,.F.,(7,5,5,5,5,5,5,5,5,5,5,5,7),(0.,
    1.963793154676E-02,0.165665714916,0.249672676676,0.333669085888,
    0.493633908044,0.665414717143,0.749411035437,0.833417904543,
    0.941439042578,0.971446752641,0.985450428406,1.),.UNSPECIFIED.);
#1637 = CARTESIAN_POINT('',(43.999998374106,12.,70.000000618531));
#1638 = CARTESIAN_POINT('',(43.876642479648,11.999999983022,
    70.002739963465));
#1639 = CARTESIAN_POINT('',(43.753286709391,11.998478300407,
    70.005484071623));
#1640 = CARTESIAN_POINT('',(43.629954132405,11.995434948175,
    70.008222031161));
#1641 = CARTESIAN_POINT('',(43.506668651776,11.99087041001,
    70.010963163271));
#1642 = CARTESIAN_POINT('',(43.383453410883,11.984785648241,
    70.013700901557));
#1643 = CARTESIAN_POINT('',(42.344799208011,11.920642061009,
    70.036781949681));
#1644 = CARTESIAN_POINT('',(41.434350855122,11.780115890915,
    70.057014215108));
#1645 = CARTESIAN_POINT('',(40.538824223985,11.55617723271,
    70.07691515248));
#1646 = CARTESIAN_POINT('',(39.667613581486,11.2509682621,
    70.096275404791));
#1647 = CARTESIAN_POINT('',(38.829752331449,10.867848713748,
    70.114894519661));
#1648 = CARTESIAN_POINT('',(37.5758839355,10.149347633495,
    70.142758161487));
#1649 = CARTESIAN_POINT('',(37.131813237296,9.862781232357,
    70.152626352691));
#1650 = CARTESIAN_POINT('',(36.703180694776,9.552957788289,
    70.162151478481));
#1651 = CARTESIAN_POINT('',(36.291495436143,9.220924934507,
    70.171300012881));
#1652 = CARTESIAN_POINT('',(35.8981690212,8.867859249574,70.18004059177)
  );
#1653 = CARTESIAN_POINT('',(35.150906465094,8.122319034808,
    70.196646438957));
#1654 = CARTESIAN_POINT('',(34.796956843719,7.729840940423,70.2045120071
    ));
#1655 = CARTESIAN_POINT('',(34.463976819205,7.318937035102,
    70.211911595522));
#1656 = CARTESIAN_POINT('',(34.153150708312,6.89101296128,
    70.218818877928));
#1657 = CARTESIAN_POINT('',(33.865534743727,6.447573594152,
    70.225210374231));
#1658 = CARTESIAN_POINT('',(33.100280854694,5.119231050913,
    70.242216079139));
#1659 = CARTESIAN_POINT('',(32.685957460204,4.197629209563,
    70.251423275737));
#1660 = CARTESIAN_POINT('',(32.36566377569,3.236689866353,
    70.258540858999));
#1661 = CARTESIAN_POINT('',(32.143665386879,2.248376035275,
    70.263474074216));
#1662 = CARTESIAN_POINT('',(32.022508978383,1.245133964774,
    70.266166393945));
#1663 = CARTESIAN_POINT('',(31.980807154955,-0.839328937403,
    70.267093085319));
#1664 = CARTESIAN_POINT('',(32.07573330689,-1.921237806457,
    70.26498364975));
#1665 = CARTESIAN_POINT('',(32.287589810499,-2.989463898252,
    70.260275819148));
#1666 = CARTESIAN_POINT('',(32.613602386049,-4.028522165552,
    70.253031166666));
#1667 = CARTESIAN_POINT('',(33.048762769784,-5.023503957457,
    70.243360928926));
#1668 = CARTESIAN_POINT('',(33.847083735626,-6.418479775297,
    70.225620398515));
#1669 = CARTESIAN_POINT('',(34.133426688164,-6.862742294073,
    70.219257191683));
#1670 = CARTESIAN_POINT('',(34.443024214714,-7.291556175004,
    70.212377211172));
#1671 = CARTESIAN_POINT('',(34.774824401694,-7.703413507993,
    70.205003841027));
#1672 = CARTESIAN_POINT('',(35.127646963822,-8.09690524921,
    70.197163317994));
#1673 = CARTESIAN_POINT('',(35.872768298248,-8.844585793267,
    70.180605051925));
#1674 = CARTESIAN_POINT('',(36.265080540292,-9.198778200737,
    70.171887009278));
#1675 = CARTESIAN_POINT('',(36.675811874611,-9.531990502847,
    70.162759672269));
#1676 = CARTESIAN_POINT('',(37.103554111487,-9.84304207245,
    70.153254330423));
#1677 = CARTESIAN_POINT('',(37.546801122109,-10.1308809509,
    70.143404443317));
#1678 = CARTESIAN_POINT('',(38.591779820576,-10.73367027767,
    70.120182779355));
#1679 = CARTESIAN_POINT('',(39.202622559826,-11.03286604642,
    70.106608528252));
#1680 = CARTESIAN_POINT('',(39.833054949273,-11.29019649526,
    70.092598913031));
#1681 = CARTESIAN_POINT('',(40.479489833267,-11.5041249307,
    70.078233601874));
#1682 = CARTESIAN_POINT('',(41.138200403722,-11.67349687163,
    70.063595461348));
#1683 = CARTESIAN_POINT('',(41.990619999701,-11.83207179982,
    70.044652708337));
#1684 = CARTESIAN_POINT('',(42.176586750534,-11.86305297892,
    70.040520097056));
#1685 = CARTESIAN_POINT('',(42.363120441075,-11.8905256068,
    70.036374893125));
#1686 = CARTESIAN_POINT('',(42.550138399148,-11.91447701314,
    70.032218935313));
#1687 = CARTESIAN_POINT('',(42.737557598553,-11.93489712425,
    70.02805406976));
#1688 = CARTESIAN_POINT('',(43.01290577364,-11.9596564649,
    70.021935243273));
#1689 = CARTESIAN_POINT('',(43.100586187727,-11.96676379919,
    70.019986798578));
#1690 = CARTESIAN_POINT('',(43.18832742562,-11.97309970379,
    70.018037004277));
#1691 = CARTESIAN_POINT('',(43.276121003178,-11.97866354104,
    70.01608604885));
#1692 = CARTESIAN_POINT('',(43.363958427827,-11.98345479771,
    70.014134120876));
#1693 = CARTESIAN_POINT('',(43.543129454128,-11.99164801459,
    70.010152575943));
#1694 = CARTESIAN_POINT('',(43.634465743784,-11.99498853307,
    70.008121953037));
#1695 = CARTESIAN_POINT('',(43.725830705911,-11.99749420792,
    70.006091984535));
#1696 = CARTESIAN_POINT('',(43.817214827456,-11.99916475023,
    70.004062915301));
#1697 = CARTESIAN_POINT('',(43.908608443928,-12.00000001478,
    70.002032790839));
#1698 = CARTESIAN_POINT('',(44.000001739402,-12.,69.999997457293));
#1699 = PCURVE('',#570,#1700);
#1700 = DEFINITIONAL_REPRESENTATION('',(#1701),#1764);
#1701 = B_SPLINE_CURVE_WITH_KNOTS('',6,(#1702,#1703,#1704,#1705,#1706,
    #1707,#1708,#1709,#1710,#1711,#1712,#1713,#1714,#1715,#1716,#1717,
    #1718,#1719,#1720,#1721,#1722,#1723,#1724,#1725,#1726,#1727,#1728,
    #1729,#1730,#1731,#1732,#1733,#1734,#1735,#1736,#1737,#1738,#1739,
    #1740,#1741,#1742,#1743,#1744,#1745,#1746,#1747,#1748,#1749,#1750,
    #1751,#1752,#1753,#1754,#1755,#1756,#1757,#1758,#1759,#1760,#1761,
    #1762,#1763),.UNSPECIFIED.,.F.,.F.,(7,5,5,5,5,5,5,5,5,5,5,5,7),(0.,
    1.963793154676E-02,0.165665714916,0.249672676676,0.333669085888,
    0.493633908044,0.665414717143,0.749411035437,0.833417904543,
    0.941439042578,0.971446752641,0.985450428406,1.),.UNSPECIFIED.);
#1702 = CARTESIAN_POINT('',(1.354911779809E-07,22.000000618531));
#1703 = CARTESIAN_POINT('',(1.027979336272E-02,22.002739963465));
#1704 = CARTESIAN_POINT('',(2.055944090135E-02,22.005484071623));
#1705 = CARTESIAN_POINT('',(3.083911095964E-02,22.008222031161));
#1706 = CARTESIAN_POINT('',(4.111876689869E-02,22.010963163271));
#1707 = CARTESIAN_POINT('',(5.139843413741E-02,22.013700901557));
#1708 = CARTESIAN_POINT('',(0.13811784729,22.036781949681));
#1709 = CARTESIAN_POINT('',(0.214565998741,22.057014215108));
#1710 = CARTESIAN_POINT('',(0.291006044773,22.07691515248));
#1711 = CARTESIAN_POINT('',(0.367447998503,22.096275404791));
#1712 = CARTESIAN_POINT('',(0.443901822266,22.114894519661));
#1713 = CARTESIAN_POINT('',(0.564330159552,22.142758161487));
#1714 = CARTESIAN_POINT('',(0.608311163733,22.152626352691));
#1715 = CARTESIAN_POINT('',(0.652292630391,22.162151478481));
#1716 = CARTESIAN_POINT('',(0.696275198967,22.171300012881));
#1717 = CARTESIAN_POINT('',(0.740259485129,22.18004059177));
#1718 = CARTESIAN_POINT('',(0.828223790531,22.196646438957));
#1719 = CARTESIAN_POINT('',(0.872204819288,22.2045120071));
#1720 = CARTESIAN_POINT('',(0.916186386694,22.211911595522));
#1721 = CARTESIAN_POINT('',(0.960169057799,22.218818877928));
#1722 = CARTESIAN_POINT('',(1.00415337378,22.225210374231));
#1723 = CARTESIAN_POINT('',(1.131903874618,22.242216079139));
#1724 = CARTESIAN_POINT('',(1.215685996213,22.251423275737));
#1725 = CARTESIAN_POINT('',(1.299456188851,22.258540858999));
#1726 = CARTESIAN_POINT('',(1.383228534868,22.263474074216));
#1727 = CARTESIAN_POINT('',(1.467017068835,22.266166393945));
#1728 = CARTESIAN_POINT('',(1.640757069199,22.267093085319));
#1729 = CARTESIAN_POINT('',(1.730739560786,22.26498364975));
#1730 = CARTESIAN_POINT('',(1.820699649062,22.260275819148));
#1731 = CARTESIAN_POINT('',(1.910657433351,22.253031166666));
#1732 = CARTESIAN_POINT('',(2.000633059723,22.243360928926));
#1733 = CARTESIAN_POINT('',(2.134571112798,22.225620398515));
#1734 = CARTESIAN_POINT('',(2.178555433245,22.219257191683));
#1735 = CARTESIAN_POINT('',(2.222538111298,22.212377211172));
#1736 = CARTESIAN_POINT('',(2.266519687359,22.205003841027));
#1737 = CARTESIAN_POINT('',(2.310500725672,22.197163317994));
#1738 = CARTESIAN_POINT('',(2.398465049208,22.180605051925));
#1739 = CARTESIAN_POINT('',(2.442449344021,22.171887009278));
#1740 = CARTESIAN_POINT('',(2.486431920346,22.162759672269));
#1741 = CARTESIAN_POINT('',(2.530413393043,22.153254330423));
#1742 = CARTESIAN_POINT('',(2.574394400785,22.143404443317));
#1743 = CARTESIAN_POINT('',(2.674925471601,22.120182779355));
#1744 = CARTESIAN_POINT('',(2.731477189494,22.106608528252));
#1745 = CARTESIAN_POINT('',(2.788025354074,22.092598913031));
#1746 = CARTESIAN_POINT('',(2.844572289183,22.078233601874));
#1747 = CARTESIAN_POINT('',(2.901120347766,22.063595461348));
#1748 = CARTESIAN_POINT('',(2.973374008547,22.044652708337));
#1749 = CARTESIAN_POINT('',(2.989082028448,22.040520097056));
#1750 = CARTESIAN_POINT('',(3.004790003427,22.036374893125));
#1751 = CARTESIAN_POINT('',(3.020497939463,22.032218935313));
#1752 = CARTESIAN_POINT('',(3.036205842649,22.02805406976));
#1753 = CARTESIAN_POINT('',(3.059244102264,22.021935243273));
#1754 = CARTESIAN_POINT('',(3.066574485377,22.019986798578));
#1755 = CARTESIAN_POINT('',(3.073904868515,22.018037004277));
#1756 = CARTESIAN_POINT('',(3.081235251669,22.01608604885));
#1757 = CARTESIAN_POINT('',(3.088565634826,22.014134120876));
#1758 = CARTESIAN_POINT('',(3.103512156502,22.010152575943));
#1759 = CARTESIAN_POINT('',(3.111128284808,22.008121953037));
#1760 = CARTESIAN_POINT('',(3.118744417266,22.006091984535));
#1761 = CARTESIAN_POINT('',(3.126360555932,22.004062915301));
#1762 = CARTESIAN_POINT('',(3.133976690548,22.002032790839));
#1763 = CARTESIAN_POINT('',(3.14159279854,21.999997457293));
#1764 = ( GEOMETRIC_REPRESENTATION_CONTEXT(2) 
PARAMETRIC_REPRESENTATION_CONTEXT() REPRESENTATION_CONTEXT('2D SPACE',''
  ) );
#1765 = PCURVE('',#732,#1766);
#1766 = DEFINITIONAL_REPRESENTATION('',(#1767),#1830);
#1767 = B_SPLINE_CURVE_WITH_KNOTS('',6,(#1768,#1769,#1770,#1771,#1772,
    #1773,#1774,#1775,#1776,#1777,#1778,#1779,#1780,#1781,#1782,#1783,
    #1784,#1785,#1786,#1787,#1788,#1789,#1790,#1791,#1792,#1793,#1794,
    #1795,#1796,#1797,#1798,#1799,#1800,#1801,#1802,#1803,#1804,#1805,
    #1806,#1807,#1808,#1809,#1810,#1811,#1812,#1813,#1814,#1815,#1816,
    #1817,#1818,#1819,#1820,#1821,#1822,#1823,#1824,#1825,#1826,#1827,
    #1828,#1829),.UNSPECIFIED.,.F.,.F.,(7,5,5,5,5,5,5,5,5,5,5,5,7),(0.,
    1.963793154676E-02,0.165665714916,0.249672676676,0.333669085888,
    0.493633908044,0.665414717143,0.749411035437,0.833417904543,
    0.941439042578,0.971446752641,0.985450428406,1.),.UNSPECIFIED.);
#1768 = CARTESIAN_POINT('',(1.238990277735E-08,10.995574149917));
#1769 = CARTESIAN_POINT('',(-6.22701012192E-05,10.985294499069));
#1770 = CARTESIAN_POINT('',(-1.247522788744E-04,10.975014840878));
#1771 = CARTESIAN_POINT('',(-1.876556504971E-04,10.964735181004));
#1772 = CARTESIAN_POINT('',(-2.507413595825E-04,10.954455519622));
#1773 = CARTESIAN_POINT('',(-3.141311157476E-04,10.944175853723));
#1774 = CARTESIAN_POINT('',(-8.508957235732E-04,10.857456440663));
#1775 = CARTESIAN_POINT('',(-1.337687835369E-03,10.781008288686));
#1776 = CARTESIAN_POINT('',(-1.831376486564E-03,10.704568242699));
#1777 = CARTESIAN_POINT('',(-2.323660261977E-03,10.628126288972));
#1778 = CARTESIAN_POINT('',(-2.805749895381E-03,10.551672465268));
#1779 = CARTESIAN_POINT('',(-3.536604422106E-03,10.431244128034));
#1780 = CARTESIAN_POINT('',(-3.797523230175E-03,10.387263123866));
#1781 = CARTESIAN_POINT('',(-4.05094980867E-03,10.343281657211));
#1782 = CARTESIAN_POINT('',(-4.295495167229E-03,10.299299088629));
#1783 = CARTESIAN_POINT('',(-4.529914527689E-03,10.255314802458));
#1784 = CARTESIAN_POINT('',(-4.976321582219E-03,10.167350497034));
#1785 = CARTESIAN_POINT('',(-5.188316716057E-03,10.123369468266));
#1786 = CARTESIAN_POINT('',(-5.388036178174E-03,10.079387900851));
#1787 = CARTESIAN_POINT('',(-5.574578826986E-03,10.035405229742));
#1788 = CARTESIAN_POINT('',(-5.747202945736E-03,9.991420913761));
#1789 = CARTESIAN_POINT('',(-6.206399914213E-03,9.863670412933));
#1790 = CARTESIAN_POINT('',(-6.454881181802E-03,9.779888291355));
#1791 = CARTESIAN_POINT('',(-6.646459248812E-03,9.696118098738));
#1792 = CARTESIAN_POINT('',(-6.779025562353E-03,9.612345752721));
#1793 = CARTESIAN_POINT('',(-6.851361066539E-03,9.528557218744));
#1794 = CARTESIAN_POINT('',(-6.876257928894E-03,9.354817218356));
#1795 = CARTESIAN_POINT('',(-6.819581737917E-03,9.264834726754));
#1796 = CARTESIAN_POINT('',(-6.69313909152E-03,9.174874638473));
#1797 = CARTESIAN_POINT('',(-6.498260543673E-03,9.084916854206));
#1798 = CARTESIAN_POINT('',(-6.237309350448E-03,8.994941227854));
#1799 = CARTESIAN_POINT('',(-5.758276685484E-03,8.861003174789));
#1800 = CARTESIAN_POINT('',(-5.586416510186E-03,8.817018854342));
#1801 = CARTESIAN_POINT('',(-5.400607268447E-03,8.773036176286));
#1802 = CARTESIAN_POINT('',(-5.201585533698E-03,8.729054600216));
#1803 = CARTESIAN_POINT('',(-4.990247013402E-03,8.685073561892));
#1804 = CARTESIAN_POINT('',(-4.54506014593E-03,8.597109238335));
#1805 = CARTESIAN_POINT('',(-4.311204365801E-03,8.553124943512));
#1806 = CARTESIAN_POINT('',(-4.067170635576E-03,8.509142367181));
#1807 = CARTESIAN_POINT('',(-3.814198420755E-03,8.465160894486));
#1808 = CARTESIAN_POINT('',(-3.553672134485E-03,8.421179886757));
#1809 = CARTESIAN_POINT('',(-2.944318574512E-03,8.320648815983));
#1810 = CARTESIAN_POINT('',(-2.591521865835E-03,8.264097098125));
#1811 = CARTESIAN_POINT('',(-2.231904441837E-03,8.207548933575));
#1812 = CARTESIAN_POINT('',(-1.868910611943E-03,8.151001998482));
#1813 = CARTESIAN_POINT('',(-1.505987626879E-03,8.094453939804));
#1814 = CARTESIAN_POINT('',(-1.046372189542E-03,8.022200278862));
#1815 = CARTESIAN_POINT('',(-9.466992195524E-04,8.006492258924));
#1816 = CARTESIAN_POINT('',(-8.473419461593E-04,7.990784283907));
#1817 = CARTESIAN_POINT('',(-7.483655608726E-04,7.975076347835));
#1818 = CARTESIAN_POINT('',(-6.498329703267E-04,7.959368444621));
#1819 = CARTESIAN_POINT('',(-5.060580611133E-04,7.936330184987));
#1820 = CARTESIAN_POINT('',(-4.604211235294E-04,7.928999801871));
#1821 = CARTESIAN_POINT('',(-4.14900129917E-04,7.921669418734));
#1822 = CARTESIAN_POINT('',(-3.695010945427E-04,7.914339035586));
#1823 = CARTESIAN_POINT('',(-3.24229899551E-04,7.907008652441));
#1824 = CARTESIAN_POINT('',(-2.321951216398E-04,7.892062130806));
#1825 = CARTESIAN_POINT('',(-1.85463682335E-04,7.884445999025));
#1826 = CARTESIAN_POINT('',(-1.388536089286E-04,7.876829867878));
#1827 = CARTESIAN_POINT('',(-9.237040113128E-05,7.869213735435));
#1828 = CARTESIAN_POINT('',(-4.606942648618E-05,7.86159760393));
#1829 = CARTESIAN_POINT('',(-5.59203684955E-08,7.853981479755));
#1830 = ( GEOMETRIC_REPRESENTATION_CONTEXT(2) 
PARAMETRIC_REPRESENTATION_CONTEXT() REPRESENTATION_CONTEXT('2D SPACE',''
  ) );
#1831 = ORIENTED_EDGE('',*,*,#586,.F.);
#1832 = ORIENTED_EDGE('',*,*,#555,.F.);
#1833 = ADVANCED_FACE('',(#1834),#732,.T.);
#1834 = FACE_BOUND('',#1835,.T.);
#1835 = EDGE_LOOP('',(#1836,#1890,#2095,#2248,#2249,#2250));
#1836 = ORIENTED_EDGE('',*,*,#1837,.T.);
#1837 = EDGE_CURVE('',#587,#1838,#1840,.T.);
#1838 = VERTEX_POINT('',#1839);
#1839 = CARTESIAN_POINT('',(-44.,12.,70.));
#1840 = SEAM_CURVE('',#1841,(#1877,#1883),.PCURVE_S1.);
#1841 = B_SPLINE_CURVE_WITH_KNOTS('',12,(#1842,#1843,#1844,#1845,#1846,
    #1847,#1848,#1849,#1850,#1851,#1852,#1853,#1854,#1855,#1856,#1857,
    #1858,#1859,#1860,#1861,#1862,#1863,#1864,#1865,#1866,#1867,#1868,
    #1869,#1870,#1871,#1872,#1873,#1874,#1875,#1876),.UNSPECIFIED.,.F.,
  .F.,(13,11,11,13),(-2.56786120364E-02,0.,3.230466914897,3.256145526945
    ),.UNSPECIFIED.);
#1842 = CARTESIAN_POINT('',(43.934423685978,12.,68.525261560218));
#1843 = CARTESIAN_POINT('',(43.941166341425,12.,68.676896389382));
#1844 = CARTESIAN_POINT('',(43.947676640033,12.,68.823305771421));
#1845 = CARTESIAN_POINT('',(43.953954581803,12.,68.964489706337));
#1846 = CARTESIAN_POINT('',(43.960000166735,12.,69.100448194128));
#1847 = CARTESIAN_POINT('',(43.965813394828,12.,69.231181234796));
#1848 = CARTESIAN_POINT('',(43.971394266082,12.,69.35668882834));
#1849 = CARTESIAN_POINT('',(43.976742780498,12.,69.47697097476));
#1850 = CARTESIAN_POINT('',(43.981858938075,12.,69.592027674056));
#1851 = CARTESIAN_POINT('',(43.986742738814,12.,69.701858926228));
#1852 = CARTESIAN_POINT('',(43.991394182715,12.,69.806464731276));
#1853 = CARTESIAN_POINT('',(43.995813269777,12.,69.9058450892));
#1854 = CARTESIAN_POINT('',(44.526706562215,12.000000000002,
    81.845045354627));
#1855 = CARTESIAN_POINT('',(41.574774198034,11.999999999993,
    93.844773273355));
#1856 = CARTESIAN_POINT('',(35.094234218187,12.000000000016,
    104.87542090182));
#1857 = CARTESIAN_POINT('',(25.43847607384,11.999999999973,
    113.79528987103));
#1858 = CARTESIAN_POINT('',(13.371518898727,12.000000000035,
    119.60762460432));
#1859 = CARTESIAN_POINT('',(-6.418332532121E-11,11.999999999964,
    121.6268498883));
#1860 = CARTESIAN_POINT('',(-13.37151889861,12.000000000029,
    119.60762460427));
#1861 = CARTESIAN_POINT('',(-25.43847607392,11.999999999981,
    113.79528987111));
#1862 = CARTESIAN_POINT('',(-35.09423421813,12.000000000009,
    104.87542090176));
#1863 = CARTESIAN_POINT('',(-41.57477419805,11.999999999997,
    93.844773273386));
#1864 = CARTESIAN_POINT('',(-44.52670656221,12.000000000001,
    81.845045354619));
#1865 = CARTESIAN_POINT('',(-43.99581326977,12.,69.905845089157));
#1866 = CARTESIAN_POINT('',(-43.99139418271,12.,69.806464731198));
#1867 = CARTESIAN_POINT('',(-43.98674273881,12.,69.701858926122));
#1868 = CARTESIAN_POINT('',(-43.98185893807,12.,69.592027673931));
#1869 = CARTESIAN_POINT('',(-43.97674278049,12.,69.476970974623));
#1870 = CARTESIAN_POINT('',(-43.97139426607,12.,69.3566888282));
#1871 = CARTESIAN_POINT('',(-43.96581339482,12.,69.23118123466));
#1872 = CARTESIAN_POINT('',(-43.96000016672,12.,69.100448194004));
#1873 = CARTESIAN_POINT('',(-43.95395458179,12.,68.964489706232));
#1874 = CARTESIAN_POINT('',(-43.94767664003,12.,68.823305771343));
#1875 = CARTESIAN_POINT('',(-43.94116634142,12.,68.676896389339));
#1876 = CARTESIAN_POINT('',(-43.93442368597,12.,68.525261560218));
#1877 = PCURVE('',#732,#1878);
#1878 = DEFINITIONAL_REPRESENTATION('',(#1879),#1882);
#1879 = B_SPLINE_CURVE_WITH_KNOTS('',1,(#1880,#1881),.UNSPECIFIED.,.F.,
  .F.,(2,2),(-2.56786120364E-02,3.256145526945),
  .PIECEWISE_BEZIER_KNOTS.);
#1880 = CARTESIAN_POINT('',(-2.56786120364E-02,4.712388980385));
#1881 = CARTESIAN_POINT('',(3.256145526945,4.712388980385));
#1882 = ( GEOMETRIC_REPRESENTATION_CONTEXT(2) 
PARAMETRIC_REPRESENTATION_CONTEXT() REPRESENTATION_CONTEXT('2D SPACE',''
  ) );
#1883 = PCURVE('',#732,#1884);
#1884 = DEFINITIONAL_REPRESENTATION('',(#1885),#1889);
#1885 = LINE('',#1886,#1887);
#1886 = CARTESIAN_POINT('',(0.,10.995574287564));
#1887 = VECTOR('',#1888,1.);
#1888 = DIRECTION('',(1.,0.));
#1889 = ( GEOMETRIC_REPRESENTATION_CONTEXT(2) 
PARAMETRIC_REPRESENTATION_CONTEXT() REPRESENTATION_CONTEXT('2D SPACE',''
  ) );
#1890 = ORIENTED_EDGE('',*,*,#1891,.F.);
#1891 = EDGE_CURVE('',#1892,#1838,#1894,.T.);
#1892 = VERTEX_POINT('',#1893);
#1893 = CARTESIAN_POINT('',(-44.00000233038,-12.,69.9999973476));
#1894 = SURFACE_CURVE('',#1895,(#1958,#2024),.PCURVE_S1.);
#1895 = B_SPLINE_CURVE_WITH_KNOTS('',6,(#1896,#1897,#1898,#1899,#1900,
    #1901,#1902,#1903,#1904,#1905,#1906,#1907,#1908,#1909,#1910,#1911,
    #1912,#1913,#1914,#1915,#1916,#1917,#1918,#1919,#1920,#1921,#1922,
    #1923,#1924,#1925,#1926,#1927,#1928,#1929,#1930,#1931,#1932,#1933,
    #1934,#1935,#1936,#1937,#1938,#1939,#1940,#1941,#1942,#1943,#1944,
    #1945,#1946,#1947,#1948,#1949,#1950,#1951,#1952,#1953,#1954,#1955,
    #1956,#1957),.UNSPECIFIED.,.F.,.F.,(7,5,5,5,5,5,5,5,5,5,5,5,7),(0.,
    1.473645335364E-02,0.130763710588,0.218774354542,0.310773898744,
    0.492735525976,0.687957155858,0.779956569285,0.867967086121,
    0.939983155746,0.969991396843,0.983995400367,1.),.UNSPECIFIED.);
#1896 = CARTESIAN_POINT('',(-44.00000233038,-12.,69.9999973476));
#1897 = CARTESIAN_POINT('',(-44.0925663278,-11.99999998199,
    69.997944962112));
#1898 = CARTESIAN_POINT('',(-44.18513031201,-11.99914315546,
    69.995889743114));
#1899 = CARTESIAN_POINT('',(-44.27768446797,-11.99742951834,
    69.993836446139));
#1900 = CARTESIAN_POINT('',(-44.37021894568,-11.99485921962,
    69.991787533083));
#1901 = CARTESIAN_POINT('',(-44.46272386014,-11.99143255935,
    69.989743172203));
#1902 = CARTESIAN_POINT('',(-45.2832145578,-11.95343122881,
    69.971624098961));
#1903 = CARTESIAN_POINT('',(-46.00882260428,-11.86665168732,
    69.955757771495));
#1904 = CARTESIAN_POINT('',(-46.72711509761,-11.72702742783,
    69.940202558062));
#1905 = CARTESIAN_POINT('',(-47.43332894247,-11.53538653228,
    69.925049815377));
#1906 = CARTESIAN_POINT('',(-48.12282050397,-11.29307870042,
    69.910383232474));
#1907 = CARTESIAN_POINT('',(-49.29799852598,-10.78132152259,
    69.885582873512));
#1908 = CARTESIAN_POINT('',(-49.79271869384,-10.53254326589,
    69.875209238966));
#1909 = CARTESIAN_POINT('',(-50.27330050458,-10.2565786275,
    69.865193079169));
#1910 = CARTESIAN_POINT('',(-50.73789149687,-9.954443057783,
    69.855564900091));
#1911 = CARTESIAN_POINT('',(-51.18474021011,-9.627318645203,
    69.846352542757));
#1912 = CARTESIAN_POINT('',(-52.05902901717,-8.909890632894,
    69.828413175507));
#1913 = CARTESIAN_POINT('',(-52.48468594411,-8.517384459707,
    69.819726789454));
#1914 = CARTESIAN_POINT('',(-52.88728226948,-8.100575881972,
    69.81155177434));
#1915 = CARTESIAN_POINT('',(-53.26510982657,-7.661171019822,
    69.803913610431));
#1916 = CARTESIAN_POINT('',(-53.6166223342,-7.201024732365,
    69.796834841271));
#1917 = CARTESIAN_POINT('',(-54.58094504678,-5.7750230566,
    69.777479487139));
#1918 = CARTESIAN_POINT('',(-55.11333738974,-4.754371480513,
    69.76688516412));
#1919 = CARTESIAN_POINT('',(-55.5266699342,-3.676158628556,
    69.758711722499));
#1920 = CARTESIAN_POINT('',(-55.81392247085,-2.557701628079,
    69.753050107069));
#1921 = CARTESIAN_POINT('',(-55.9707648397,-1.417182201502,
    69.749960319305));
#1922 = CARTESIAN_POINT('',(-56.02488189485,0.95255142195,
    69.748894264253));
#1923 = CARTESIAN_POINT('',(-55.90242511967,2.182929497152,
    69.751306709035));
#1924 = CARTESIAN_POINT('',(-55.62877315575,3.393124409356,
    69.756694392829));
#1925 = CARTESIAN_POINT('',(-55.2086570103,4.56054658836,69.764990709828
    ));
#1926 = CARTESIAN_POINT('',(-54.65026440172,5.663623817222,
    69.776091604082));
#1927 = CARTESIAN_POINT('',(-53.64522969409,7.162661963321,
    69.796259118538));
#1928 = CARTESIAN_POINT('',(-53.29555286551,7.624204774798,
    69.803299015456));
#1929 = CARTESIAN_POINT('',(-52.91947854775,8.065111179145,
    69.810899503301));
#1930 = CARTESIAN_POINT('',(-52.51854562245,8.483520157576,
    69.819038169088));
#1931 = CARTESIAN_POINT('',(-52.09445545268,8.877718785462,
    69.827689663826));
#1932 = CARTESIAN_POINT('',(-51.22303112797,9.598623734819,
    69.845563873582));
#1933 = CARTESIAN_POINT('',(-50.77748890011,9.927525511802,
    69.854745828873));
#1934 = CARTESIAN_POINT('',(-50.31410499752,10.231509302101,
    69.864345176809));
#1935 = CARTESIAN_POINT('',(-49.83462617095,10.509386044554,
    69.874334191242));
#1936 = CARTESIAN_POINT('',(-49.34090083683,10.760132916872,
    69.884682480798));
#1937 = CARTESIAN_POINT('',(-48.4208154235,11.165171902475,
    69.904090788205));
#1938 = CARTESIAN_POINT('',(-47.99851185374,11.328715009611,
    69.913043273188));
#1939 = CARTESIAN_POINT('',(-47.56903223114,11.473056195411,
    69.922195798157));
#1940 = CARTESIAN_POINT('',(-47.13346763644,11.597811679731,
    69.931528992086));
#1941 = CARTESIAN_POINT('',(-46.69293475637,11.702680995359,
    69.941022321627));
#1942 = CARTESIAN_POINT('',(-46.06341681775,11.822767970645,
    69.954667535102));
#1943 = CARTESIAN_POINT('',(-45.87759291493,11.854598560595,
    69.958705021899));
#1944 = CARTESIAN_POINT('',(-45.69118644716,11.882923138646,
    69.962764983755));
#1945 = CARTESIAN_POINT('',(-45.50428004895,11.907728682985,
    69.966845820748));
#1946 = CARTESIAN_POINT('',(-45.3169567174,11.929004769202,
    69.970945900797));
#1947 = CARTESIAN_POINT('',(-45.04172560364,11.955021770675,
    69.976985155428));
#1948 = CARTESIAN_POINT('',(-44.95407857546,11.962529628118,
    69.978910583305));
#1949 = CARTESIAN_POINT('',(-44.86636719973,11.969266341785,
    69.980839674099));
#1950 = CARTESIAN_POINT('',(-44.77859995759,11.975231235254,
    69.982772257216));
#1951 = CARTESIAN_POINT('',(-44.69078533918,11.98042375652,
    69.984708160651));
#1952 = CARTESIAN_POINT('',(-44.50252769709,11.989894595871,
    69.988863271867));
#1953 = CARTESIAN_POINT('',(-44.4020729802,11.993936330659,
    69.991084158307));
#1954 = CARTESIAN_POINT('',(-44.30158029112,11.996968051425,
    69.99330783545));
#1955 = CARTESIAN_POINT('',(-44.20106231396,11.998989339219,
    69.995534093525));
#1956 = CARTESIAN_POINT('',(-44.10053181884,11.999999987074,
    69.997764547846));
#1957 = CARTESIAN_POINT('',(-44.00000166187,12.,70.000002638813));
#1958 = PCURVE('',#732,#1959);
#1959 = DEFINITIONAL_REPRESENTATION('',(#1960),#2023);
#1960 = B_SPLINE_CURVE_WITH_KNOTS('',6,(#1961,#1962,#1963,#1964,#1965,
    #1966,#1967,#1968,#1969,#1970,#1971,#1972,#1973,#1974,#1975,#1976,
    #1977,#1978,#1979,#1980,#1981,#1982,#1983,#1984,#1985,#1986,#1987,
    #1988,#1989,#1990,#1991,#1992,#1993,#1994,#1995,#1996,#1997,#1998,
    #1999,#2000,#2001,#2002,#2003,#2004,#2005,#2006,#2007,#2008,#2009,
    #2010,#2011,#2012,#2013,#2014,#2015,#2016,#2017,#2018,#2019,#2020,
    #2021,#2022),.UNSPECIFIED.,.F.,.F.,(7,5,5,5,5,5,5,5,5,5,5,5,7),(0.,
    1.473645335364E-02,0.130763710588,0.218774354542,0.310773898744,
    0.492735525976,0.687957155858,0.779956569285,0.867967086121,
    0.939983155746,0.969991396843,0.983995400367,1.),.UNSPECIFIED.);
#1961 = CARTESIAN_POINT('',(3.230466972709,7.853981430149));
#1962 = CARTESIAN_POINT('',(3.230420165206,7.846267780659));
#1963 = CARTESIAN_POINT('',(3.230373657562,7.838554112263));
#1964 = CARTESIAN_POINT('',(3.230327350134,7.830840433352));
#1965 = CARTESIAN_POINT('',(3.2302811952,7.82312674706));
#1966 = CARTESIAN_POINT('',(3.230235196964,7.81541305126));
#1967 = CARTESIAN_POINT('',(3.229828920719,7.746965530683));
#1968 = CARTESIAN_POINT('',(3.229480223404,7.68622838739));
#1969 = CARTESIAN_POINT('',(3.229144966872,7.625493116877));
#1970 = CARTESIAN_POINT('',(3.228824343178,7.564756447442));
#1971 = CARTESIAN_POINT('',(3.228519271641,7.50401514725));
#1972 = CARTESIAN_POINT('',(3.22801142778,7.397200835659));
#1973 = CARTESIAN_POINT('',(3.22780173137,7.351125394678));
#1974 = CARTESIAN_POINT('',(3.227601708667,7.3050495963));
#1975 = CARTESIAN_POINT('',(3.227411593535,7.258972659161));
#1976 = CARTESIAN_POINT('',(3.227231564034,7.212893824935));
#1977 = CARTESIAN_POINT('',(3.226884274608,7.118646666443));
#1978 = CARTESIAN_POINT('',(3.226717957365,7.070476782535));
#1979 = CARTESIAN_POINT('',(3.226562983896,7.022306603691));
#1980 = CARTESIAN_POINT('',(3.22641946098,6.974135213243));
#1981 = CARTESIAN_POINT('',(3.226287468457,6.925961712218));
#1982 = CARTESIAN_POINT('',(3.225928933305,6.782507328414));
#1983 = CARTESIAN_POINT('',(3.225736076967,6.687198326855));
#1984 = CARTESIAN_POINT('',(3.22558912096,6.591913949338));
#1985 = CARTESIAN_POINT('',(3.225487980717,6.496627090672));
#1986 = CARTESIAN_POINT('',(3.225432838653,6.401310646535));
#1987 = CARTESIAN_POINT('',(3.225413814838,6.203781357157));
#1988 = CARTESIAN_POINT('',(3.225456870221,6.101510323597));
#1989 = CARTESIAN_POINT('',(3.225552910015,5.999280418978));
#1990 = CARTESIAN_POINT('',(3.225701675816,5.897053164472));
#1991 = CARTESIAN_POINT('',(3.225903352364,5.794790041437));
#1992 = CARTESIAN_POINT('',(3.226276747178,5.644392186492));
#1993 = CARTESIAN_POINT('',(3.226407943912,5.596218685265));
#1994 = CARTESIAN_POINT('',(3.226550675097,5.548047290955));
#1995 = CARTESIAN_POINT('',(3.226704862068,5.499877105554));
#1996 = CARTESIAN_POINT('',(3.226870399581,5.451707213421));
#1997 = CARTESIAN_POINT('',(3.227216180585,5.357460039135));
#1998 = CARTESIAN_POINT('',(3.227395480623,5.311381197275));
#1999 = CARTESIAN_POINT('',(3.22758487611,5.265304253178));
#2000 = CARTESIAN_POINT('',(3.227784191117,5.219228449525));
#2001 = CARTESIAN_POINT('',(3.227993194366,5.173153005972));
#2002 = CARTESIAN_POINT('',(3.228390267836,5.089378600455));
#2003 = CARTESIAN_POINT('',(3.228575240273,5.051678581909));
#2004 = CARTESIAN_POINT('',(3.228766328697,5.013979179143));
#2005 = CARTESIAN_POINT('',(3.228963330491,4.976280385197));
#2006 = CARTESIAN_POINT('',(3.229166003611,4.938582183669));
#2007 = CARTESIAN_POINT('',(3.229460763972,4.885176391843));
#2008 = CARTESIAN_POINT('',(3.229548396984,4.869468318157));
#2009 = CARTESIAN_POINT('',(3.229636945021,4.853760323285));
#2010 = CARTESIAN_POINT('',(3.22972638594,4.838052402607));
#2011 = CARTESIAN_POINT('',(3.229816696061,4.822344551246));
#2012 = CARTESIAN_POINT('',(3.229950389239,4.799306380849));
#2013 = CARTESIAN_POINT('',(3.229993112186,4.79197599761));
#2014 = CARTESIAN_POINT('',(3.230036016447,4.784645614362));
#2015 = CARTESIAN_POINT('',(3.23007909937,4.777315231116));
#2016 = CARTESIAN_POINT('',(3.230122358224,4.769984847886));
#2017 = CARTESIAN_POINT('',(3.230215426809,4.754276871221));
#2018 = CARTESIAN_POINT('',(3.230265273102,4.745899292609));
#2019 = CARTESIAN_POINT('',(3.230315365246,4.737521728027));
#2020 = CARTESIAN_POINT('',(3.230365697738,4.729144176568));
#2021 = CARTESIAN_POINT('',(3.230416223397,4.720766637241));
#2022 = CARTESIAN_POINT('',(3.230466853366,4.712389108969));
#2023 = ( GEOMETRIC_REPRESENTATION_CONTEXT(2) 
PARAMETRIC_REPRESENTATION_CONTEXT() REPRESENTATION_CONTEXT('2D SPACE',''
  ) );
#2024 = PCURVE('',#2025,#2030);
#2025 = CYLINDRICAL_SURFACE('',#2026,12.);
#2026 = AXIS2_PLACEMENT_3D('',#2027,#2028,#2029);
#2027 = CARTESIAN_POINT('',(-44.,0.,70.));
#2028 = DIRECTION('',(0.,0.,-1.));
#2029 = DIRECTION('',(-1.224646799147E-16,1.,0.));
#2030 = DEFINITIONAL_REPRESENTATION('',(#2031),#2094);
#2031 = B_SPLINE_CURVE_WITH_KNOTS('',6,(#2032,#2033,#2034,#2035,#2036,
    #2037,#2038,#2039,#2040,#2041,#2042,#2043,#2044,#2045,#2046,#2047,
    #2048,#2049,#2050,#2051,#2052,#2053,#2054,#2055,#2056,#2057,#2058,
    #2059,#2060,#2061,#2062,#2063,#2064,#2065,#2066,#2067,#2068,#2069,
    #2070,#2071,#2072,#2073,#2074,#2075,#2076,#2077,#2078,#2079,#2080,
    #2081,#2082,#2083,#2084,#2085,#2086,#2087,#2088,#2089,#2090,#2091,
    #2092,#2093),.UNSPECIFIED.,.F.,.F.,(7,5,5,5,5,5,5,5,5,5,5,5,7),(0.,
    1.473645335364E-02,0.130763710588,0.218774354542,0.310773898744,
    0.492735525976,0.687957155858,0.779956569285,0.867967086121,
    0.939983155746,0.969991396843,0.983995400367,1.),.UNSPECIFIED.);
#2032 = CARTESIAN_POINT('',(3.141592847788,2.652400397096E-06));
#2033 = CARTESIAN_POINT('',(3.149306514278,2.055037888088E-03));
#2034 = CARTESIAN_POINT('',(3.157020179559,4.110256886346E-03));
#2035 = CARTESIAN_POINT('',(3.164733852087,6.163553861194E-03));
#2036 = CARTESIAN_POINT('',(3.17244753709,8.212466917019E-03));
#2037 = CARTESIAN_POINT('',(3.180161236563,1.025682779658E-02));
#2038 = CARTESIAN_POINT('',(3.248608757319,2.837590103934E-02));
#2039 = CARTESIAN_POINT('',(3.309345900268,4.42422285054E-02));
#2040 = CARTESIAN_POINT('',(3.37008117066,5.979744193767E-02));
#2041 = CARTESIAN_POINT('',(3.430817840039,7.495018462298E-02));
#2042 = CARTESIAN_POINT('',(3.49155914024,8.961676752562E-02));
#2043 = CARTESIAN_POINT('',(3.598373451875,0.114417126488));
#2044 = CARTESIAN_POINT('',(3.644448892885,0.124790761034));
#2045 = CARTESIAN_POINT('',(3.690524691285,0.134806920831));
#2046 = CARTESIAN_POINT('',(3.736601628436,0.144435099909));
#2047 = CARTESIAN_POINT('',(3.782680462664,0.153647457243));
#2048 = CARTESIAN_POINT('',(3.876927621146,0.171586824493));
#2049 = CARTESIAN_POINT('',(3.925097505043,0.180273210546));
#2050 = CARTESIAN_POINT('',(3.973267683872,0.18844822566));
#2051 = CARTESIAN_POINT('',(4.021439074308,0.196086389569));
#2052 = CARTESIAN_POINT('',(4.069612575327,0.20316515873));
#2053 = CARTESIAN_POINT('',(4.213066959125,0.222520512861));
#2054 = CARTESIAN_POINT('',(4.308375960699,0.23311483588));
#2055 = CARTESIAN_POINT('',(4.403660338249,0.241288277501));
#2056 = CARTESIAN_POINT('',(4.49894719692,0.246949892931));
#2057 = CARTESIAN_POINT('',(4.594263641046,0.250039680695));
#2058 = CARTESIAN_POINT('',(4.791792930396,0.251105735747));
#2059 = CARTESIAN_POINT('',(4.894063963939,0.248693290965));
#2060 = CARTESIAN_POINT('',(4.996293868555,0.243305607171));
#2061 = CARTESIAN_POINT('',(5.098521123098,0.235009290172));
#2062 = CARTESIAN_POINT('',(5.200784246151,0.223908395918));
#2063 = CARTESIAN_POINT('',(5.351182101092,0.203740881462));
#2064 = CARTESIAN_POINT('',(5.399355602313,0.196700984544));
#2065 = CARTESIAN_POINT('',(5.447526996612,0.189100496699));
#2066 = CARTESIAN_POINT('',(5.495697181998,0.180961830912));
#2067 = CARTESIAN_POINT('',(5.543867074119,0.172310336174));
#2068 = CARTESIAN_POINT('',(5.638114248394,0.154436126418));
#2069 = CARTESIAN_POINT('',(5.684193090255,0.145254171127));
#2070 = CARTESIAN_POINT('',(5.730270034363,0.135654823191));
#2071 = CARTESIAN_POINT('',(5.776345838039,0.125665808758));
#2072 = CARTESIAN_POINT('',(5.822421281621,0.115317519202));
#2073 = CARTESIAN_POINT('',(5.906195687173,9.590921179451E-02));
#2074 = CARTESIAN_POINT('',(5.943895705731,8.695672681236E-02));
#2075 = CARTESIAN_POINT('',(5.981595108491,7.780420184273E-02));
#2076 = CARTESIAN_POINT('',(6.019293902402,6.84710079145E-02));
#2077 = CARTESIAN_POINT('',(6.056992103869,5.897767837277E-02));
#2078 = CARTESIAN_POINT('',(6.110397895577,4.533246489802E-02));
#2079 = CARTESIAN_POINT('',(6.126105969227,4.129497810084E-02));
#2080 = CARTESIAN_POINT('',(6.141813964059,3.723501624546E-02));
#2081 = CARTESIAN_POINT('',(6.157521884701,3.315417925211E-02));
#2082 = CARTESIAN_POINT('',(6.173229736032,2.905409920306E-02));
#2083 = CARTESIAN_POINT('',(6.196267906404,2.301484457164E-02));
#2084 = CARTESIAN_POINT('',(6.203598289639,2.108941669521E-02));
#2085 = CARTESIAN_POINT('',(6.210928672886,1.916032590063E-02));
#2086 = CARTESIAN_POINT('',(6.218259056134,1.722774278379E-02));
#2087 = CARTESIAN_POINT('',(6.225589439374,1.529183934929E-02));
#2088 = CARTESIAN_POINT('',(6.241297416073,1.113672813252E-02));
#2089 = CARTESIAN_POINT('',(6.249674992047,8.915841693185E-03));
#2090 = CARTESIAN_POINT('',(6.258052557919,6.692164550043E-03));
#2091 = CARTESIAN_POINT('',(6.266430114409,4.465906474925E-03));
#2092 = CARTESIAN_POINT('',(6.274807655549,2.235452153809E-03));
#2093 = CARTESIAN_POINT('',(6.28318516869,-2.638813171529E-06));
#2094 = ( GEOMETRIC_REPRESENTATION_CONTEXT(2) 
PARAMETRIC_REPRESENTATION_CONTEXT() REPRESENTATION_CONTEXT('2D SPACE',''
  ) );
#2095 = ORIENTED_EDGE('',*,*,#2096,.T.);
#2096 = EDGE_CURVE('',#1892,#1838,#2097,.T.);
#2097 = SURFACE_CURVE('',#2098,(#2146,#2197),.PCURVE_S1.);
#2098 = B_SPLINE_CURVE_WITH_KNOTS('',6,(#2099,#2100,#2101,#2102,#2103,
    #2104,#2105,#2106,#2107,#2108,#2109,#2110,#2111,#2112,#2113,#2114,
    #2115,#2116,#2117,#2118,#2119,#2120,#2121,#2122,#2123,#2124,#2125,
    #2126,#2127,#2128,#2129,#2130,#2131,#2132,#2133,#2134,#2135,#2136,
    #2137,#2138,#2139,#2140,#2141,#2142,#2143,#2144,#2145),
  .UNSPECIFIED.,.F.,.F.,(7,5,5,5,5,5,5,5,5,7),(0.,1.855080423853E-02,
    0.16657960478,0.250586968395,0.334583781136,0.500546814048,
    0.668330903543,0.754328097629,0.842336623245,1.),.UNSPECIFIED.);
#2099 = CARTESIAN_POINT('',(-44.00000233038,-12.,69.9999973476));
#2100 = CARTESIAN_POINT('',(-43.88347651974,-12.00000002374,
    70.002598048538));
#2101 = CARTESIAN_POINT('',(-43.76694915381,-11.99864220942,
    70.005165576672));
#2102 = CARTESIAN_POINT('',(-43.65044356479,-11.99592655324,
    70.007778280797));
#2103 = CARTESIAN_POINT('',(-43.53397585748,-11.99185344078,
    70.01035240607));
#2104 = CARTESIAN_POINT('',(-43.41756820951,-11.98642363895,
    70.012942801211));
#2105 = CARTESIAN_POINT('',(-42.37297660495,-11.92549362719,
    70.036155782147));
#2106 = CARTESIAN_POINT('',(-41.44963979513,-11.78502883577,
    70.056674450343));
#2107 = CARTESIAN_POINT('',(-40.54148444261,-11.55880558485,
    70.07685604329));
#2108 = CARTESIAN_POINT('',(-39.6582980119,-11.24904644392,
    70.096482418488));
#2109 = CARTESIAN_POINT('',(-38.8094888729,-10.85925436676,
    70.115344818101));
#2110 = CARTESIAN_POINT('',(-37.54680107801,-10.13088092281,
    70.143404444296));
#2111 = CARTESIAN_POINT('',(-37.10355406864,-9.843042042434,
    70.153254331374));
#2112 = CARTESIAN_POINT('',(-36.67581183312,-9.53199047097,
    70.162759673189));
#2113 = CARTESIAN_POINT('',(-36.26508050025,-9.198778167072,
    70.171887010166));
#2114 = CARTESIAN_POINT('',(-35.87276825975,-8.844585757895,
    70.180605052779));
#2115 = CARTESIAN_POINT('',(-35.12764692858,-8.096905210595,
    70.197163318775));
#2116 = CARTESIAN_POINT('',(-34.77482436816,-7.703413467842,
    70.20500384177));
#2117 = CARTESIAN_POINT('',(-34.44302418297,-7.291556133408,
    70.212377211875));
#2118 = CARTESIAN_POINT('',(-34.13342665829,-6.86274225113,
    70.219257192345));
#2119 = CARTESIAN_POINT('',(-33.84708370769,-6.418479731108,
    70.225620399134));
#2120 = CARTESIAN_POINT('',(-33.0669239988,-5.055238647014,
    70.242957344589));
#2121 = CARTESIAN_POINT('',(-32.64320871779,-4.095879362004,
    70.252373247481));
#2122 = CARTESIAN_POINT('',(-32.32110284818,-3.094929931878,
    70.259531092409));
#2123 = CARTESIAN_POINT('',(-32.10522642969,-2.065799938812,
    70.264328258883));
#2124 = CARTESIAN_POINT('',(-31.99822950565,-1.022426563881,
    70.26670592857));
#2125 = CARTESIAN_POINT('',(-32.00182538526,1.075016844846,
    70.266626021503));
#2126 = CARTESIAN_POINT('',(-32.11481930548,2.129467624721,
    70.264115087433));
#2127 = CARTESIAN_POINT('',(-32.33904729295,3.168811519856,
    70.259132333144));
#2128 = CARTESIAN_POINT('',(-32.67168703474,4.178664015029,
    70.251740399938));
#2129 = CARTESIAN_POINT('',(-33.10787112795,5.145202335145,
    70.242047407296));
#2130 = CARTESIAN_POINT('',(-33.91258785726,6.521973059061,
    70.224164744747));
#2131 = CARTESIAN_POINT('',(-34.21048546899,6.973769496794,
    70.217544765818));
#2132 = CARTESIAN_POINT('',(-34.53258548666,7.409110354295,
    70.210386951106));
#2133 = CARTESIAN_POINT('',(-34.87774092549,7.826390250999,
    70.202716798271));
#2134 = CARTESIAN_POINT('',(-35.24466511305,8.22411415465,
    70.194562908657));
#2135 = CARTESIAN_POINT('',(-36.02825812606,8.986494862237,
    70.177149724903));
#2136 = CARTESIAN_POINT('',(-36.44590022175,9.350170914176,
    70.167868802903));
#2137 = CARTESIAN_POINT('',(-36.88332991217,9.690444280945,
    70.158148177403));
#2138 = CARTESIAN_POINT('',(-37.33890182575,10.005989540051,
    70.148024405525));
#2139 = CARTESIAN_POINT('',(-37.81085600947,10.295638761926,
    70.137536583548));
#2140 = CARTESIAN_POINT('',(-39.16879730086,11.029075491376,
    70.10736020063));
#2141 = CARTESIAN_POINT('',(-40.08699102156,11.413502499168,
    70.08695589343));
#2142 = CARTESIAN_POINT('',(-41.04093949985,11.705703068104,
    70.065756957942));
#2143 = CARTESIAN_POINT('',(-42.0191382022,11.90191960544,
    70.044018725683));
#2144 = CARTESIAN_POINT('',(-43.00964268986,11.999999871007,
    70.022007678474));
#2145 = CARTESIAN_POINT('',(-43.99999985241,12.,70.000000011208));
#2146 = PCURVE('',#732,#2147);
#2147 = DEFINITIONAL_REPRESENTATION('',(#2148),#2196);
#2148 = B_SPLINE_CURVE_WITH_KNOTS('',6,(#2149,#2150,#2151,#2152,#2153,
    #2154,#2155,#2156,#2157,#2158,#2159,#2160,#2161,#2162,#2163,#2164,
    #2165,#2166,#2167,#2168,#2169,#2170,#2171,#2172,#2173,#2174,#2175,
    #2176,#2177,#2178,#2179,#2180,#2181,#2182,#2183,#2184,#2185,#2186,
    #2187,#2188,#2189,#2190,#2191,#2192,#2193,#2194,#2195),
  .UNSPECIFIED.,.F.,.F.,(7,5,5,5,5,5,5,5,5,7),(0.,1.855080423853E-02,
    0.16657960478,0.250586968395,0.334583781136,0.500546814048,
    0.668330903543,0.754328097629,0.842336623245,1.),.UNSPECIFIED.);
#2149 = CARTESIAN_POINT('',(3.230466972709,7.853981430149));
#2150 = CARTESIAN_POINT('',(3.230525511112,7.863691955972));
#2151 = CARTESIAN_POINT('',(3.230585078231,7.873402488478));
#2152 = CARTESIAN_POINT('',(3.230643871092,7.883113023429));
#2153 = CARTESIAN_POINT('',(3.230703770441,7.8928235582));
#2154 = CARTESIAN_POINT('',(3.230763506582,7.902534096745));
#2155 = CARTESIAN_POINT('',(3.231302646802,7.989731354109));
#2156 = CARTESIAN_POINT('',(3.231795984362,8.06722702264));
#2157 = CARTESIAN_POINT('',(3.232296554844,8.144713958952));
#2158 = CARTESIAN_POINT('',(3.232795709991,8.222202854091));
#2159 = CARTESIAN_POINT('',(3.233284281806,8.299704346605));
#2160 = CARTESIAN_POINT('',(3.234020587057,8.421179891109));
#2161 = CARTESIAN_POINT('',(3.234281113343,8.465160898838));
#2162 = CARTESIAN_POINT('',(3.234534085557,8.509142371533));
#2163 = CARTESIAN_POINT('',(3.234778119287,8.553124947864));
#2164 = CARTESIAN_POINT('',(3.235011975066,8.597109242687));
#2165 = CARTESIAN_POINT('',(3.235457161932,8.685073566244));
#2166 = CARTESIAN_POINT('',(3.235668500451,8.729054604568));
#2167 = CARTESIAN_POINT('',(3.235867522185,8.773036180638));
#2168 = CARTESIAN_POINT('',(3.236053331426,8.817018858694));
#2169 = CARTESIAN_POINT('',(3.2362251916,8.861003179141));
#2170 = CARTESIAN_POINT('',(3.236693326599,8.991894233933));
#2171 = CARTESIAN_POINT('',(3.236947421042,9.0788197301));
#2172 = CARTESIAN_POINT('',(3.237140018827,9.165730505737));
#2173 = CARTESIAN_POINT('',(3.237268891514,9.252643503196));
#2174 = CARTESIAN_POINT('',(3.237332771295,9.339575620208));
#2175 = CARTESIAN_POINT('',(3.237330624508,9.514362827827));
#2176 = CARTESIAN_POINT('',(3.237263164299,9.602249470508));
#2177 = CARTESIAN_POINT('',(3.23712930041,9.69011593215));
#2178 = CARTESIAN_POINT('',(3.236930381623,9.777980071746));
#2179 = CARTESIAN_POINT('',(3.236668768396,9.86585979903));
#2180 = CARTESIAN_POINT('',(3.236185878563,9.99875142782));
#2181 = CARTESIAN_POINT('',(3.236007083765,10.04378307385));
#2182 = CARTESIAN_POINT('',(3.235813785873,10.088812944265));
#2183 = CARTESIAN_POINT('',(3.2356067968,10.13384165166));
#2184 = CARTESIAN_POINT('',(3.235387104571,10.178869834905));
#2185 = CARTESIAN_POINT('',(3.234919278884,10.269975784899));
#2186 = CARTESIAN_POINT('',(3.234670594782,10.316054696204));
#2187 = CARTESIAN_POINT('',(3.234411107185,10.362131633805));
#2188 = CARTESIAN_POINT('',(3.234142283994,10.40820737426));
#2189 = CARTESIAN_POINT('',(3.233865760319,10.454282722285));
#2190 = CARTESIAN_POINT('',(3.233077289771,10.582895350852));
#2191 = CARTESIAN_POINT('',(3.232552143739,10.665443172861));
#2192 = CARTESIAN_POINT('',(3.232018064282,10.747973237526));
#2193 = CARTESIAN_POINT('',(3.231486205003,10.830502809862));
#2194 = CARTESIAN_POINT('',(3.23096660977,10.913044439215));
#2195 = CARTESIAN_POINT('',(3.230466914791,10.995574275236));
#2196 = ( GEOMETRIC_REPRESENTATION_CONTEXT(2) 
PARAMETRIC_REPRESENTATION_CONTEXT() REPRESENTATION_CONTEXT('2D SPACE',''
  ) );
#2197 = PCURVE('',#2025,#2198);
#2198 = DEFINITIONAL_REPRESENTATION('',(#2199),#2247);
#2199 = B_SPLINE_CURVE_WITH_KNOTS('',6,(#2200,#2201,#2202,#2203,#2204,
    #2205,#2206,#2207,#2208,#2209,#2210,#2211,#2212,#2213,#2214,#2215,
    #2216,#2217,#2218,#2219,#2220,#2221,#2222,#2223,#2224,#2225,#2226,
    #2227,#2228,#2229,#2230,#2231,#2232,#2233,#2234,#2235,#2236,#2237,
    #2238,#2239,#2240,#2241,#2242,#2243,#2244,#2245,#2246),
  .UNSPECIFIED.,.F.,.F.,(7,5,5,5,5,5,5,5,5,7),(0.,1.855080423853E-02,
    0.16657960478,0.250586968395,0.334583781136,0.500546814048,
    0.668330903543,0.754328097629,0.842336623245,1.),.UNSPECIFIED.);
#2200 = CARTESIAN_POINT('',(3.141592847788,2.652400397096E-06));
#2201 = CARTESIAN_POINT('',(3.131882363569,-2.598048538057E-03));
#2202 = CARTESIAN_POINT('',(3.122171749764,-5.16557667214E-03));
#2203 = CARTESIAN_POINT('',(3.11246130256,-7.77828079724E-03));
#2204 = CARTESIAN_POINT('',(3.102750715846,-1.035240606999E-02));
#2205 = CARTESIAN_POINT('',(3.09304019053,-1.294280121114E-02));
#2206 = CARTESIAN_POINT('',(3.005842933045,-3.615578214733E-02));
#2207 = CARTESIAN_POINT('',(2.928347265071,-5.667445034293E-02));
#2208 = CARTESIAN_POINT('',(2.850860328704,-7.685604328997E-02));
#2209 = CARTESIAN_POINT('',(2.773371433563,-9.648241848823E-02));
#2210 = CARTESIAN_POINT('',(2.695869940988,-0.115344818101));
#2211 = CARTESIAN_POINT('',(2.574394396433,-0.143404444296));
#2212 = CARTESIAN_POINT('',(2.530413388691,-0.153254331374));
#2213 = CARTESIAN_POINT('',(2.486431915994,-0.162759673189));
#2214 = CARTESIAN_POINT('',(2.442449339669,-0.171887010166));
#2215 = CARTESIAN_POINT('',(2.398465044856,-0.180605052778));
#2216 = CARTESIAN_POINT('',(2.31050072132,-0.197163318775));
#2217 = CARTESIAN_POINT('',(2.266519683007,-0.20500384177));
#2218 = CARTESIAN_POINT('',(2.222538106945,-0.212377211875));
#2219 = CARTESIAN_POINT('',(2.178555428893,-0.219257192345));
#2220 = CARTESIAN_POINT('',(2.134571108446,-0.225620399134));
#2221 = CARTESIAN_POINT('',(2.003680053643,-0.242957344589));
#2222 = CARTESIAN_POINT('',(1.916754557458,-0.252373247481));
#2223 = CARTESIAN_POINT('',(1.8298437818,-0.259531092409));
#2224 = CARTESIAN_POINT('',(1.742930784344,-0.264328258883));
#2225 = CARTESIAN_POINT('',(1.655998667345,-0.26670592857));
#2226 = CARTESIAN_POINT('',(1.48121145975,-0.266626021503));
#2227 = CARTESIAN_POINT('',(1.393324817081,-0.264115087433));
#2228 = CARTESIAN_POINT('',(1.305458355441,-0.259132333144));
#2229 = CARTESIAN_POINT('',(1.217594215823,-0.251740399938));
#2230 = CARTESIAN_POINT('',(1.12971448852,-0.242047407296));
#2231 = CARTESIAN_POINT('',(0.996822859722,-0.224164744747));
#2232 = CARTESIAN_POINT('',(0.951791213692,-0.217544765818));
#2233 = CARTESIAN_POINT('',(0.906761343282,-0.210386951106));
#2234 = CARTESIAN_POINT('',(0.861732635897,-0.202716798271));
#2235 = CARTESIAN_POINT('',(0.816704452664,-0.194562908657));
#2236 = CARTESIAN_POINT('',(0.725598502691,-0.177149724903));
#2237 = CARTESIAN_POINT('',(0.679519591395,-0.167868802903));
#2238 = CARTESIAN_POINT('',(0.633442653798,-0.158148177403));
#2239 = CARTESIAN_POINT('',(0.587366913337,-0.148024405525));
#2240 = CARTESIAN_POINT('',(0.541291565293,-0.137536583548));
#2241 = CARTESIAN_POINT('',(0.412678936664,-0.10736020063));
#2242 = CARTESIAN_POINT('',(0.330131114562,-8.695589342995E-02));
#2243 = CARTESIAN_POINT('',(0.247601050049,-6.57569579419E-02));
#2244 = CARTESIAN_POINT('',(0.165071477494,-4.401872568263E-02));
#2245 = CARTESIAN_POINT('',(8.252984926714E-02,-2.200767847357E-02));
#2246 = CARTESIAN_POINT('',(1.229859414309E-08,-1.120754689055E-08));
#2247 = ( GEOMETRIC_REPRESENTATION_CONTEXT(2) 
PARAMETRIC_REPRESENTATION_CONTEXT() REPRESENTATION_CONTEXT('2D SPACE',''
  ) );
#2248 = ORIENTED_EDGE('',*,*,#1837,.F.);
#2249 = ORIENTED_EDGE('',*,*,#1634,.T.);
#2250 = ORIENTED_EDGE('',*,*,#608,.F.);
#2251 = ADVANCED_FACE('',(#2252),#2025,.T.);
#2252 = FACE_BOUND('',#2253,.T.);
#2253 = EDGE_LOOP('',(#2254,#2276,#2302,#2303,#2304));
#2254 = ORIENTED_EDGE('',*,*,#2255,.T.);
#2255 = EDGE_CURVE('',#1838,#2256,#2258,.T.);
#2256 = VERTEX_POINT('',#2257);
#2257 = CARTESIAN_POINT('',(-44.,12.,48.));
#2258 = SEAM_CURVE('',#2259,(#2263,#2269),.PCURVE_S1.);
#2259 = LINE('',#2260,#2261);
#2260 = CARTESIAN_POINT('',(-44.,12.,70.));
#2261 = VECTOR('',#2262,1.);
#2262 = DIRECTION('',(0.,0.,-1.));
#2263 = PCURVE('',#2025,#2264);
#2264 = DEFINITIONAL_REPRESENTATION('',(#2265),#2268);
#2265 = B_SPLINE_CURVE_WITH_KNOTS('',1,(#2266,#2267),.UNSPECIFIED.,.F.,
  .F.,(2,2),(-1.476195691205,22.),.PIECEWISE_BEZIER_KNOTS.);
#2266 = CARTESIAN_POINT('',(6.28318530718,-1.476195691205));
#2267 = CARTESIAN_POINT('',(6.28318530718,22.));
#2268 = ( GEOMETRIC_REPRESENTATION_CONTEXT(2) 
PARAMETRIC_REPRESENTATION_CONTEXT() REPRESENTATION_CONTEXT('2D SPACE',''
  ) );
#2269 = PCURVE('',#2025,#2270);
#2270 = DEFINITIONAL_REPRESENTATION('',(#2271),#2275);
#2271 = LINE('',#2272,#2273);
#2272 = CARTESIAN_POINT('',(0.,0.));
#2273 = VECTOR('',#2274,1.);
#2274 = DIRECTION('',(0.,1.));
#2275 = ( GEOMETRIC_REPRESENTATION_CONTEXT(2) 
PARAMETRIC_REPRESENTATION_CONTEXT() REPRESENTATION_CONTEXT('2D SPACE',''
  ) );
#2276 = ORIENTED_EDGE('',*,*,#2277,.F.);
#2277 = EDGE_CURVE('',#2256,#2256,#2278,.T.);
#2278 = SURFACE_CURVE('',#2279,(#2284,#2291),.PCURVE_S1.);
#2279 = CIRCLE('',#2280,12.);
#2280 = AXIS2_PLACEMENT_3D('',#2281,#2282,#2283);
#2281 = CARTESIAN_POINT('',(-44.,0.,48.));
#2282 = DIRECTION('',(0.,0.,-1.));
#2283 = DIRECTION('',(-1.224646799147E-16,1.,0.));
#2284 = PCURVE('',#2025,#2285);
#2285 = DEFINITIONAL_REPRESENTATION('',(#2286),#2290);
#2286 = LINE('',#2287,#2288);
#2287 = CARTESIAN_POINT('',(0.,22.));
#2288 = VECTOR('',#2289,1.);
#2289 = DIRECTION('',(1.,0.));
#2290 = ( GEOMETRIC_REPRESENTATION_CONTEXT(2) 
PARAMETRIC_REPRESENTATION_CONTEXT() REPRESENTATION_CONTEXT('2D SPACE',''
  ) );
#2291 = PCURVE('',#2292,#2297);
#2292 = TOROIDAL_SURFACE('',#2293,18.,12.);
#2293 = AXIS2_PLACEMENT_3D('',#2294,#2295,#2296);
#2294 = CARTESIAN_POINT('',(-26.,0.,48.));
#2295 = DIRECTION('',(-0.,-1.,-0.));
#2296 = DIRECTION('',(-1.,0.,3.947459643112E-16));
#2297 = DEFINITIONAL_REPRESENTATION('',(#2298),#2301);
#2298 = B_SPLINE_CURVE_WITH_KNOTS('',1,(#2299,#2300),.UNSPECIFIED.,.F.,
  .F.,(2,2),(0.,6.28318530718),.PIECEWISE_BEZIER_KNOTS.);
#2299 = CARTESIAN_POINT('',(0.,10.995574287564));
#2300 = CARTESIAN_POINT('',(0.,4.712388980385));
#2301 = ( GEOMETRIC_REPRESENTATION_CONTEXT(2) 
PARAMETRIC_REPRESENTATION_CONTEXT() REPRESENTATION_CONTEXT('2D SPACE',''
  ) );
#2302 = ORIENTED_EDGE('',*,*,#2255,.F.);
#2303 = ORIENTED_EDGE('',*,*,#2096,.F.);
#2304 = ORIENTED_EDGE('',*,*,#1891,.T.);
#2305 = ADVANCED_FACE('',(#2306),#2292,.T.);
#2306 = FACE_BOUND('',#2307,.T.);
#2307 = EDGE_LOOP('',(#2308,#2331,#2357,#2358));
#2308 = ORIENTED_EDGE('',*,*,#2309,.T.);
#2309 = EDGE_CURVE('',#2256,#2310,#2312,.T.);
#2310 = VERTEX_POINT('',#2311);
#2311 = CARTESIAN_POINT('',(-26.,12.,30.));
#2312 = SEAM_CURVE('',#2313,(#2318,#2324),.PCURVE_S1.);
#2313 = CIRCLE('',#2314,18.);
#2314 = AXIS2_PLACEMENT_3D('',#2315,#2316,#2317);
#2315 = CARTESIAN_POINT('',(-26.,12.,48.));
#2316 = DIRECTION('',(-0.,-1.,0.));
#2317 = DIRECTION('',(-1.,0.,3.947459643112E-16));
#2318 = PCURVE('',#2292,#2319);
#2319 = DEFINITIONAL_REPRESENTATION('',(#2320),#2323);
#2320 = B_SPLINE_CURVE_WITH_KNOTS('',1,(#2321,#2322),.UNSPECIFIED.,.F.,
  .F.,(2,2),(0.,1.570796326795),.PIECEWISE_BEZIER_KNOTS.);
#2321 = CARTESIAN_POINT('',(0.,4.712388980385));
#2322 = CARTESIAN_POINT('',(1.570796326795,4.712388980385));
#2323 = ( GEOMETRIC_REPRESENTATION_CONTEXT(2) 
PARAMETRIC_REPRESENTATION_CONTEXT() REPRESENTATION_CONTEXT('2D SPACE',''
  ) );
#2324 = PCURVE('',#2292,#2325);
#2325 = DEFINITIONAL_REPRESENTATION('',(#2326),#2330);
#2326 = LINE('',#2327,#2328);
#2327 = CARTESIAN_POINT('',(0.,10.995574287564));
#2328 = VECTOR('',#2329,1.);
#2329 = DIRECTION('',(1.,0.));
#2330 = ( GEOMETRIC_REPRESENTATION_CONTEXT(2) 
PARAMETRIC_REPRESENTATION_CONTEXT() REPRESENTATION_CONTEXT('2D SPACE',''
  ) );
#2331 = ORIENTED_EDGE('',*,*,#2332,.T.);
#2332 = EDGE_CURVE('',#2310,#2310,#2333,.T.);
#2333 = SURFACE_CURVE('',#2334,(#2339,#2346),.PCURVE_S1.);
#2334 = CIRCLE('',#2335,12.);
#2335 = AXIS2_PLACEMENT_3D('',#2336,#2337,#2338);
#2336 = CARTESIAN_POINT('',(-26.,0.,30.));
#2337 = DIRECTION('',(-1.,0.,-4.322001154316E-16));
#2338 = DIRECTION('',(4.322001154316E-16,0.,-1.));
#2339 = PCURVE('',#2292,#2340);
#2340 = DEFINITIONAL_REPRESENTATION('',(#2341),#2345);
#2341 = LINE('',#2342,#2343);
#2342 = CARTESIAN_POINT('',(1.570796326795,0.));
#2343 = VECTOR('',#2344,1.);
#2344 = DIRECTION('',(0.,1.));
#2345 = ( GEOMETRIC_REPRESENTATION_CONTEXT(2) 
PARAMETRIC_REPRESENTATION_CONTEXT() REPRESENTATION_CONTEXT('2D SPACE',''
  ) );
#2346 = PCURVE('',#2347,#2352);
#2347 = CYLINDRICAL_SURFACE('',#2348,12.);
#2348 = AXIS2_PLACEMENT_3D('',#2349,#2350,#2351);
#2349 = CARTESIAN_POINT('',(-26.,0.,30.));
#2350 = DIRECTION('',(1.,0.,0.));
#2351 = DIRECTION('',(-0.,1.,0.));
#2352 = DEFINITIONAL_REPRESENTATION('',(#2353),#2356);
#2353 = B_SPLINE_CURVE_WITH_KNOTS('',1,(#2354,#2355),.UNSPECIFIED.,.F.,
  .F.,(2,2),(4.712388980385,10.995574287564),.PIECEWISE_BEZIER_KNOTS.);
#2354 = CARTESIAN_POINT('',(6.28318530718,0.));
#2355 = CARTESIAN_POINT('',(0.,0.));
#2356 = ( GEOMETRIC_REPRESENTATION_CONTEXT(2) 
PARAMETRIC_REPRESENTATION_CONTEXT() REPRESENTATION_CONTEXT('2D SPACE',''
  ) );
#2357 = ORIENTED_EDGE('',*,*,#2309,.F.);
#2358 = ORIENTED_EDGE('',*,*,#2277,.T.);
#2359 = ADVANCED_FACE('',(#2360),#2347,.T.);
#2360 = FACE_BOUND('',#2361,.T.);
#2361 = EDGE_LOOP('',(#2362,#2384,#2411,#2412));
#2362 = ORIENTED_EDGE('',*,*,#2363,.T.);
#2363 = EDGE_CURVE('',#2310,#2364,#2366,.T.);
#2364 = VERTEX_POINT('',#2365);
#2365 = CARTESIAN_POINT('',(-8.,12.,30.));
#2366 = SEAM_CURVE('',#2367,(#2371,#2377),.PCURVE_S1.);
#2367 = LINE('',#2368,#2369);
#2368 = CARTESIAN_POINT('',(-26.,12.,30.));
#2369 = VECTOR('',#2370,1.);
#2370 = DIRECTION('',(1.,0.,0.));
#2371 = PCURVE('',#2347,#2372);
#2372 = DEFINITIONAL_REPRESENTATION('',(#2373),#2376);
#2373 = B_SPLINE_CURVE_WITH_KNOTS('',1,(#2374,#2375),.UNSPECIFIED.,.F.,
  .F.,(2,2),(0.,18.),.PIECEWISE_BEZIER_KNOTS.);
#2374 = CARTESIAN_POINT('',(6.28318530718,0.));
#2375 = CARTESIAN_POINT('',(6.28318530718,18.));
#2376 = ( GEOMETRIC_REPRESENTATION_CONTEXT(2) 
PARAMETRIC_REPRESENTATION_CONTEXT() REPRESENTATION_CONTEXT('2D SPACE',''
  ) );
#2377 = PCURVE('',#2347,#2378);
#2378 = DEFINITIONAL_REPRESENTATION('',(#2379),#2383);
#2379 = LINE('',#2380,#2381);
#2380 = CARTESIAN_POINT('',(0.,0.));
#2381 = VECTOR('',#2382,1.);
#2382 = DIRECTION('',(0.,1.));
#2383 = ( GEOMETRIC_REPRESENTATION_CONTEXT(2) 
PARAMETRIC_REPRESENTATION_CONTEXT() REPRESENTATION_CONTEXT('2D SPACE',''
  ) );
#2384 = ORIENTED_EDGE('',*,*,#2385,.F.);
#2385 = EDGE_CURVE('',#2364,#2364,#2386,.T.);
#2386 = SURFACE_CURVE('',#2387,(#2392,#2399),.PCURVE_S1.);
#2387 = CIRCLE('',#2388,12.);
#2388 = AXIS2_PLACEMENT_3D('',#2389,#2390,#2391);
#2389 = CARTESIAN_POINT('',(-8.,0.,30.));
#2390 = DIRECTION('',(1.,0.,0.));
#2391 = DIRECTION('',(-0.,1.,0.));
#2392 = PCURVE('',#2347,#2393);
#2393 = DEFINITIONAL_REPRESENTATION('',(#2394),#2398);
#2394 = LINE('',#2395,#2396);
#2395 = CARTESIAN_POINT('',(0.,18.));
#2396 = VECTOR('',#2397,1.);
#2397 = DIRECTION('',(1.,0.));
#2398 = ( GEOMETRIC_REPRESENTATION_CONTEXT(2) 
PARAMETRIC_REPRESENTATION_CONTEXT() REPRESENTATION_CONTEXT('2D SPACE',''
  ) );
#2399 = PCURVE('',#2400,#2405);
#2400 = PLANE('',#2401);
#2401 = AXIS2_PLACEMENT_3D('',#2402,#2403,#2404);
#2402 = CARTESIAN_POINT('',(-8.,-6.837200662697E-16,30.));
#2403 = DIRECTION('',(1.,0.,0.));
#2404 = DIRECTION('',(-0.,0.,1.));
#2405 = DEFINITIONAL_REPRESENTATION('',(#2406),#2410);
#2406 = CIRCLE('',#2407,12.);
#2407 = AXIS2_PLACEMENT_2D('',#2408,#2409);
#2408 = CARTESIAN_POINT('',(0.,-6.837200662697E-16));
#2409 = DIRECTION('',(0.,-1.));
#2410 = ( GEOMETRIC_REPRESENTATION_CONTEXT(2) 
PARAMETRIC_REPRESENTATION_CONTEXT() REPRESENTATION_CONTEXT('2D SPACE',''
  ) );
#2411 = ORIENTED_EDGE('',*,*,#2363,.F.);
#2412 = ORIENTED_EDGE('',*,*,#2332,.F.);
#2413 = ADVANCED_FACE('',(#2414),#517,.F.);
#2414 = FACE_BOUND('',#2415,.F.);
#2415 = EDGE_LOOP('',(#2416));
#2416 = ORIENTED_EDGE('',*,*,#502,.T.);
#2417 = ADVANCED_FACE('',(#2418),#2400,.T.);
#2418 = FACE_BOUND('',#2419,.T.);
#2419 = EDGE_LOOP('',(#2420));
#2420 = ORIENTED_EDGE('',*,*,#2385,.T.);
#2421 = ( GEOMETRIC_REPRESENTATION_CONTEXT(3) 
GLOBAL_UNCERTAINTY_ASSIGNED_CONTEXT((#2425)) 
GLOBAL_UNIT_ASSIGNED_CONTEXT((#2422,#2423,#2424)) REPRESENTATION_CONTEXT
('Context #1','3D Context with UNIT and UNCERTAINTY') );
#2422 = ( LENGTH_UNIT() NAMED_UNIT(*) SI_UNIT(.MILLI.,.METRE.) );
#2423 = ( NAMED_UNIT(*) PLANE_ANGLE_UNIT() SI_UNIT($,.RADIAN.) );
#2424 = ( NAMED_UNIT(*) SI_UNIT($,.STERADIAN.) SOLID_ANGLE_UNIT() );
#2425 = UNCERTAINTY_MEASURE_WITH_UNIT(LENGTH_MEASURE(5.E-05),#2422,
  'distance_accuracy_value','confusion accuracy');
#2426 = CONTEXT_DEPENDENT_SHAPE_REPRESENTATION(#2427,#2429);
#2427 = ( REPRESENTATION_RELATIONSHIP('','',#439,#10) 
REPRESENTATION_RELATIONSHIP_WITH_TRANSFORMATION(#2428) 
SHAPE_REPRESENTATION_RELATIONSHIP() );
#2428 = ITEM_DEFINED_TRANSFORMATION('','',#11,#19);
#2429 = PRODUCT_DEFINITION_SHAPE('Placement','Placement of an item',
  #2430);
#2430 = NEXT_ASSEMBLY_USAGE_OCCURRENCE('2','staffa_anello','',#5,#434,$
  );
#2431 = PRODUCT_RELATED_PRODUCT_CATEGORY('part',$,(#436));
#2432 = MECHANICAL_DESIGN_GEOMETRIC_PRESENTATION_REPRESENTATION('',(
    #2433),#421);
#2433 = STYLED_ITEM('color',(#2434),#37);
#2434 = PRESENTATION_STYLE_ASSIGNMENT((#2435));
#2435 = SURFACE_STYLE_USAGE(.BOTH.,#2436);
#2436 = SURFACE_SIDE_STYLE('',(#2437));
#2437 = SURFACE_STYLE_FILL_AREA(#2438);
#2438 = FILL_AREA_STYLE('',(#2439));
#2439 = FILL_AREA_STYLE_COLOUR('',#2440);
#2440 = COLOUR_RGB('',0.498039473972,0.498039473972,0.498039473972);
#2441 = MECHANICAL_DESIGN_GEOMETRIC_PRESENTATION_REPRESENTATION('',(
    #2442),#2421);
#2442 = STYLED_ITEM('color',(#2443),#440);
#2443 = PRESENTATION_STYLE_ASSIGNMENT((#2444));
#2444 = SURFACE_STYLE_USAGE(.BOTH.,#2445);
#2445 = SURFACE_SIDE_STYLE('',(#2446));
#2446 = SURFACE_STYLE_FILL_AREA(#2447);
#2447 = FILL_AREA_STYLE('',(#2448));
#2448 = FILL_AREA_STYLE_COLOUR('',#2449);
#2449 = COLOUR_RGB('',0.854902029149,0.647058735019,0.125491010875);
ENDSEC;
END-ISO-10303-21;
