ISO-10303-21;
HEADER;
FILE_DESCRIPTION(('Open CASCADE Model'),'2;1');
FILE_NAME('Open CASCADE Shape Model','2026-09-11T10:18:19',('Author'),(
    'Open CASCADE'),'Open CASCADE STEP processor 7.9','Open CASCADE 7.9'
  ,'Unknown');
FILE_SCHEMA(('AUTOMOTIVE_DESIGN { 1 0 10303 214 1 1 1 1 }'));
ENDSEC;
DATA;
#1 = APPLICATION_PROTOCOL_DEFINITION('international standard',
  'automotive_design',2000,#2);
#2 = APPLICATION_CONTEXT(
  'core data for automotive mechanical design processes');
#3 = SHAPE_DEFINITION_REPRESENTATION(#4,#10);
#4 = PRODUCT_DEFINITION_SHAPE('','',#5);
#5 = PRODUCT_DEFINITION('design','',#6,#9);
#6 = PRODUCT_DEFINITION_FORMATION('','',#7);
#7 = PRODUCT('Open CASCADE STEP translator 7.9 2',
  'Open CASCADE STEP translator 7.9 2','',(#8));
#8 = PRODUCT_CONTEXT('',#2,'mechanical');
#9 = PRODUCT_DEFINITION_CONTEXT('part definition',#2,'design');
#10 = ADVANCED_BREP_SHAPE_REPRESENTATION('',(#11,#15),#1996);
#11 = AXIS2_PLACEMENT_3D('',#12,#13,#14);
#12 = CARTESIAN_POINT('',(0.,0.,0.));
#13 = DIRECTION('',(0.,0.,1.));
#14 = DIRECTION('',(1.,0.,-0.));
#15 = MANIFOLD_SOLID_BREP('',#16);
#16 = CLOSED_SHELL('',(#17,#103,#157,#1408,#1826,#1880,#1934,#1988,#1992
    ));
#17 = ADVANCED_FACE('',(#18),#32,.T.);
#18 = FACE_BOUND('',#19,.T.);
#19 = EDGE_LOOP('',(#20,#49,#75,#76));
#20 = ORIENTED_EDGE('',*,*,#21,.T.);
#21 = EDGE_CURVE('',#22,#24,#26,.T.);
#22 = VERTEX_POINT('',#23);
#23 = CARTESIAN_POINT('',(8.,12.,30.));
#24 = VERTEX_POINT('',#25);
#25 = CARTESIAN_POINT('',(26.,12.,30.));
#26 = SEAM_CURVE('',#27,(#31,#42),.PCURVE_S1.);
#27 = LINE('',#28,#29);
#28 = CARTESIAN_POINT('',(8.,12.,30.));
#29 = VECTOR('',#30,1.);
#30 = DIRECTION('',(1.,0.,0.));
#31 = PCURVE('',#32,#37);
#32 = CYLINDRICAL_SURFACE('',#33,12.);
#33 = AXIS2_PLACEMENT_3D('',#34,#35,#36);
#34 = CARTESIAN_POINT('',(8.,0.,30.));
#35 = DIRECTION('',(1.,0.,0.));
#36 = DIRECTION('',(-0.,1.,0.));
#37 = DEFINITIONAL_REPRESENTATION('',(#38),#41);
#38 = B_SPLINE_CURVE_WITH_KNOTS('',1,(#39,#40),.UNSPECIFIED.,.F.,.F.,(2,
    2),(0.,18.),.PIECEWISE_BEZIER_KNOTS.);
#39 = CARTESIAN_POINT('',(6.28318530718,0.));
#40 = CARTESIAN_POINT('',(6.28318530718,18.));
#41 = ( GEOMETRIC_REPRESENTATION_CONTEXT(2) 
PARAMETRIC_REPRESENTATION_CONTEXT() REPRESENTATION_CONTEXT('2D SPACE',''
  ) );
#42 = PCURVE('',#32,#43);
#43 = DEFINITIONAL_REPRESENTATION('',(#44),#48);
#44 = LINE('',#45,#46);
#45 = CARTESIAN_POINT('',(0.,0.));
#46 = VECTOR('',#47,1.);
#47 = DIRECTION('',(0.,1.));
#48 = ( GEOMETRIC_REPRESENTATION_CONTEXT(2) 
PARAMETRIC_REPRESENTATION_CONTEXT() REPRESENTATION_CONTEXT('2D SPACE',''
  ) );
#49 = ORIENTED_EDGE('',*,*,#50,.F.);
#50 = EDGE_CURVE('',#24,#24,#51,.T.);
#51 = SURFACE_CURVE('',#52,(#57,#64),.PCURVE_S1.);
#52 = CIRCLE('',#53,12.);
#53 = AXIS2_PLACEMENT_3D('',#54,#55,#56);
#54 = CARTESIAN_POINT('',(26.,0.,30.));
#55 = DIRECTION('',(1.,0.,0.));
#56 = DIRECTION('',(-0.,1.,0.));
#57 = PCURVE('',#32,#58);
#58 = DEFINITIONAL_REPRESENTATION('',(#59),#63);
#59 = LINE('',#60,#61);
#60 = CARTESIAN_POINT('',(0.,18.));
#61 = VECTOR('',#62,1.);
#62 = DIRECTION('',(1.,0.));
#63 = ( GEOMETRIC_REPRESENTATION_CONTEXT(2) 
PARAMETRIC_REPRESENTATION_CONTEXT() REPRESENTATION_CONTEXT('2D SPACE',''
  ) );
#64 = PCURVE('',#65,#70);
#65 = TOROIDAL_SURFACE('',#66,18.,12.);
#66 = AXIS2_PLACEMENT_3D('',#67,#68,#69);
#67 = CARTESIAN_POINT('',(26.,0.,48.));
#68 = DIRECTION('',(0.,-1.,-0.));
#69 = DIRECTION('',(-3.947459643112E-16,0.,-1.));
#70 = DEFINITIONAL_REPRESENTATION('',(#71),#74);
#71 = B_SPLINE_CURVE_WITH_KNOTS('',1,(#72,#73),.UNSPECIFIED.,.F.,.F.,(2,
    2),(0.,6.28318530718),.PIECEWISE_BEZIER_KNOTS.);
#72 = CARTESIAN_POINT('',(0.,10.995574287564));
#73 = CARTESIAN_POINT('',(0.,4.712388980385));
#74 = ( GEOMETRIC_REPRESENTATION_CONTEXT(2) 
PARAMETRIC_REPRESENTATION_CONTEXT() REPRESENTATION_CONTEXT('2D SPACE',''
  ) );
#75 = ORIENTED_EDGE('',*,*,#21,.F.);
#76 = ORIENTED_EDGE('',*,*,#77,.T.);
#77 = EDGE_CURVE('',#22,#22,#78,.T.);
#78 = SURFACE_CURVE('',#79,(#84,#91),.PCURVE_S1.);
#79 = CIRCLE('',#80,12.);
#80 = AXIS2_PLACEMENT_3D('',#81,#82,#83);
#81 = CARTESIAN_POINT('',(8.,0.,30.));
#82 = DIRECTION('',(1.,0.,0.));
#83 = DIRECTION('',(-0.,1.,0.));
#84 = PCURVE('',#32,#85);
#85 = DEFINITIONAL_REPRESENTATION('',(#86),#90);
#86 = LINE('',#87,#88);
#87 = CARTESIAN_POINT('',(0.,0.));
#88 = VECTOR('',#89,1.);
#89 = DIRECTION('',(1.,0.));
#90 = ( GEOMETRIC_REPRESENTATION_CONTEXT(2) 
PARAMETRIC_REPRESENTATION_CONTEXT() REPRESENTATION_CONTEXT('2D SPACE',''
  ) );
#91 = PCURVE('',#92,#97);
#92 = PLANE('',#93);
#93 = AXIS2_PLACEMENT_3D('',#94,#95,#96);
#94 = CARTESIAN_POINT('',(8.,-6.837200662697E-16,30.));
#95 = DIRECTION('',(1.,0.,0.));
#96 = DIRECTION('',(-0.,0.,1.));
#97 = DEFINITIONAL_REPRESENTATION('',(#98),#102);
#98 = CIRCLE('',#99,12.);
#99 = AXIS2_PLACEMENT_2D('',#100,#101);
#100 = CARTESIAN_POINT('',(0.,-6.837200662697E-16));
#101 = DIRECTION('',(0.,-1.));
#102 = ( GEOMETRIC_REPRESENTATION_CONTEXT(2) 
PARAMETRIC_REPRESENTATION_CONTEXT() REPRESENTATION_CONTEXT('2D SPACE',''
  ) );
#103 = ADVANCED_FACE('',(#104),#65,.T.);
#104 = FACE_BOUND('',#105,.T.);
#105 = EDGE_LOOP('',(#106,#129,#155,#156));
#106 = ORIENTED_EDGE('',*,*,#107,.T.);
#107 = EDGE_CURVE('',#24,#108,#110,.T.);
#108 = VERTEX_POINT('',#109);
#109 = CARTESIAN_POINT('',(44.,12.,48.));
#110 = SEAM_CURVE('',#111,(#116,#122),.PCURVE_S1.);
#111 = CIRCLE('',#112,18.);
#112 = AXIS2_PLACEMENT_3D('',#113,#114,#115);
#113 = CARTESIAN_POINT('',(26.,12.,48.));
#114 = DIRECTION('',(0.,-1.,-0.));
#115 = DIRECTION('',(-3.947459643112E-16,0.,-1.));
#116 = PCURVE('',#65,#117);
#117 = DEFINITIONAL_REPRESENTATION('',(#118),#121);
#118 = B_SPLINE_CURVE_WITH_KNOTS('',1,(#119,#120),.UNSPECIFIED.,.F.,.F.,
  (2,2),(0.,1.570796326795),.PIECEWISE_BEZIER_KNOTS.);
#119 = CARTESIAN_POINT('',(0.,4.712388980385));
#120 = CARTESIAN_POINT('',(1.570796326795,4.712388980385));
#121 = ( GEOMETRIC_REPRESENTATION_CONTEXT(2) 
PARAMETRIC_REPRESENTATION_CONTEXT() REPRESENTATION_CONTEXT('2D SPACE',''
  ) );
#122 = PCURVE('',#65,#123);
#123 = DEFINITIONAL_REPRESENTATION('',(#124),#128);
#124 = LINE('',#125,#126);
#125 = CARTESIAN_POINT('',(0.,10.995574287564));
#126 = VECTOR('',#127,1.);
#127 = DIRECTION('',(1.,0.));
#128 = ( GEOMETRIC_REPRESENTATION_CONTEXT(2) 
PARAMETRIC_REPRESENTATION_CONTEXT() REPRESENTATION_CONTEXT('2D SPACE',''
  ) );
#129 = ORIENTED_EDGE('',*,*,#130,.T.);
#130 = EDGE_CURVE('',#108,#108,#131,.T.);
#131 = SURFACE_CURVE('',#132,(#137,#144),.PCURVE_S1.);
#132 = CIRCLE('',#133,12.);
#133 = AXIS2_PLACEMENT_3D('',#134,#135,#136);
#134 = CARTESIAN_POINT('',(44.,0.,48.));
#135 = DIRECTION('',(4.322001154316E-16,0.,-1.));
#136 = DIRECTION('',(1.,0.,4.322001154316E-16));
#137 = PCURVE('',#65,#138);
#138 = DEFINITIONAL_REPRESENTATION('',(#139),#143);
#139 = LINE('',#140,#141);
#140 = CARTESIAN_POINT('',(1.570796326795,0.));
#141 = VECTOR('',#142,1.);
#142 = DIRECTION('',(0.,1.));
#143 = ( GEOMETRIC_REPRESENTATION_CONTEXT(2) 
PARAMETRIC_REPRESENTATION_CONTEXT() REPRESENTATION_CONTEXT('2D SPACE',''
  ) );
#144 = PCURVE('',#145,#150);
#145 = CYLINDRICAL_SURFACE('',#146,12.);
#146 = AXIS2_PLACEMENT_3D('',#147,#148,#149);
#147 = CARTESIAN_POINT('',(44.,0.,48.));
#148 = DIRECTION('',(0.,0.,1.));
#149 = DIRECTION('',(-0.,1.,0.));
#150 = DEFINITIONAL_REPRESENTATION('',(#151),#154);
#151 = B_SPLINE_CURVE_WITH_KNOTS('',1,(#152,#153),.UNSPECIFIED.,.F.,.F.,
  (2,2),(4.712388980385,10.995574287564),.PIECEWISE_BEZIER_KNOTS.);
#152 = CARTESIAN_POINT('',(6.28318530718,0.));
#153 = CARTESIAN_POINT('',(0.,0.));
#154 = ( GEOMETRIC_REPRESENTATION_CONTEXT(2) 
PARAMETRIC_REPRESENTATION_CONTEXT() REPRESENTATION_CONTEXT('2D SPACE',''
  ) );
#155 = ORIENTED_EDGE('',*,*,#107,.F.);
#156 = ORIENTED_EDGE('',*,*,#50,.T.);
#157 = ADVANCED_FACE('',(#158),#145,.T.);
#158 = FACE_BOUND('',#159,.T.);
#159 = EDGE_LOOP('',(#160,#182,#1208,#1406,#1407));
#160 = ORIENTED_EDGE('',*,*,#161,.T.);
#161 = EDGE_CURVE('',#108,#162,#164,.T.);
#162 = VERTEX_POINT('',#163);
#163 = CARTESIAN_POINT('',(44.,12.,70.));
#164 = SEAM_CURVE('',#165,(#169,#175),.PCURVE_S1.);
#165 = LINE('',#166,#167);
#166 = CARTESIAN_POINT('',(44.,12.,48.));
#167 = VECTOR('',#168,1.);
#168 = DIRECTION('',(0.,0.,1.));
#169 = PCURVE('',#145,#170);
#170 = DEFINITIONAL_REPRESENTATION('',(#171),#174);
#171 = B_SPLINE_CURVE_WITH_KNOTS('',1,(#172,#173),.UNSPECIFIED.,.F.,.F.,
  (2,2),(0.,23.476195691205),.PIECEWISE_BEZIER_KNOTS.);
#172 = CARTESIAN_POINT('',(6.28318530718,0.));
#173 = CARTESIAN_POINT('',(6.28318530718,23.476195691205));
#174 = ( GEOMETRIC_REPRESENTATION_CONTEXT(2) 
PARAMETRIC_REPRESENTATION_CONTEXT() REPRESENTATION_CONTEXT('2D SPACE',''
  ) );
#175 = PCURVE('',#145,#176);
#176 = DEFINITIONAL_REPRESENTATION('',(#177),#181);
#177 = LINE('',#178,#179);
#178 = CARTESIAN_POINT('',(0.,0.));
#179 = VECTOR('',#180,1.);
#180 = DIRECTION('',(0.,1.));
#181 = ( GEOMETRIC_REPRESENTATION_CONTEXT(2) 
PARAMETRIC_REPRESENTATION_CONTEXT() REPRESENTATION_CONTEXT('2D SPACE',''
  ) );
#182 = ORIENTED_EDGE('',*,*,#183,.T.);
#183 = EDGE_CURVE('',#162,#184,#186,.T.);
#184 = VERTEX_POINT('',#185);
#185 = CARTESIAN_POINT('',(44.000001739402,-12.,69.999997457293));
#186 = SURFACE_CURVE('',#187,(#245,#306),.PCURVE_S1.);
#187 = B_SPLINE_CURVE_WITH_KNOTS('',6,(#188,#189,#190,#191,#192,#193,
    #194,#195,#196,#197,#198,#199,#200,#201,#202,#203,#204,#205,#206,
    #207,#208,#209,#210,#211,#212,#213,#214,#215,#216,#217,#218,#219,
    #220,#221,#222,#223,#224,#225,#226,#227,#228,#229,#230,#231,#232,
    #233,#234,#235,#236,#237,#238,#239,#240,#241,#242,#243,#244),
  .UNSPECIFIED.,.F.,.F.,(7,5,5,5,5,5,5,5,5,5,5,7),(0.,0.12951795261,
    0.217528883178,0.309528724939,0.499486302444,0.688998828386,
    0.780998503867,0.86900927273,0.94102552725,0.97103383549,
    0.985037868721,1.),.UNSPECIFIED.);
#188 = CARTESIAN_POINT('',(44.000000000333,12.,70.000000007493));
#189 = CARTESIAN_POINT('',(44.813537777348,11.999999973523,
    69.98192155325));
#190 = CARTESIAN_POINT('',(45.627139502737,11.933815713696,
    69.964042233743));
#191 = CARTESIAN_POINT('',(46.433960627096,11.801427352495,
    69.946505196952));
#192 = CARTESIAN_POINT('',(47.227342479583,11.603789460764,
    69.929440431153));
#193 = CARTESIAN_POINT('',(48.000796648701,11.342646275844,
    69.912965525841));
#194 = CARTESIAN_POINT('',(49.255797476558,10.801957004203,
    69.886468931744));
#195 = CARTESIAN_POINT('',(49.751486735852,10.55511524657,69.87607054178
    ));
#196 = CARTESIAN_POINT('',(50.233144029013,10.281032041319,
    69.866027852667));
#197 = CARTESIAN_POINT('',(50.698912951758,9.980715586305,
    69.856371482882));
#198 = CARTESIAN_POINT('',(51.147037446254,9.65534110691,69.847129386238
    ));
#199 = CARTESIAN_POINT('',(52.024125028346,8.941337554698,
    69.829126258271));
#200 = CARTESIAN_POINT('',(52.451313576411,8.550498954032,
    69.820405716838));
#201 = CARTESIAN_POINT('',(52.855536752217,8.135267946719,
    69.812195107992));
#202 = CARTESIAN_POINT('',(53.235079735789,7.697343946933,
    69.804520040879));
#203 = CARTESIAN_POINT('',(53.588389005176,7.238575738538,
    69.797403187237));
#204 = CARTESIAN_POINT('',(54.58658644136,5.774849362857,69.777363022363
    ));
#205 = CARTESIAN_POINT('',(55.141613720961,4.708103754639,
    69.766321114009));
#206 = CARTESIAN_POINT('',(55.566577579566,3.578893557996,69.75792241958
    ));
#207 = CARTESIAN_POINT('',(55.853631657662,2.406975613857,
    69.752267649596));
#208 = CARTESIAN_POINT('',(55.998061810759,1.213083574154,
    69.749422594464));
#209 = CARTESIAN_POINT('',(56.001902557656,-1.171633155454,
    69.749346937475));
#210 = CARTESIAN_POINT('',(55.861981339787,-2.363182164902,
    69.752103173478));
#211 = CARTESIAN_POINT('',(55.580035268887,-3.533370921359,
    69.757656889043));
#212 = CARTESIAN_POINT('',(55.160666471086,-4.661592611453,
    69.765943817214));
#213 = CARTESIAN_POINT('',(54.611586908349,-5.728198444905,
    69.776865053042));
#214 = CARTESIAN_POINT('',(53.621725802938,-7.194204255343,
    69.796732122776));
#215 = CARTESIAN_POINT('',(53.270539655706,-7.654599661369,
    69.803803978218));
#216 = CARTESIAN_POINT('',(52.893023754368,-8.0942723125,69.811435441853
    ));
#217 = CARTESIAN_POINT('',(52.490723064695,-8.511366251095,
    69.819603993373));
#218 = CARTESIAN_POINT('',(52.065344544223,-8.904174143871,
    69.828284175887));
#219 = CARTESIAN_POINT('',(51.191564636254,-9.622221898897,
    69.846211960027));
#220 = CARTESIAN_POINT('',(50.744947977176,-9.949663070225,
    69.855418913558));
#221 = CARTESIAN_POINT('',(50.280571325917,-10.25212798352,
    69.865041968936));
#222 = CARTESIAN_POINT('',(49.800185306637,-10.52843330784,
    69.875053305588));
#223 = CARTESIAN_POINT('',(49.305641662693,-10.77756227946,
    69.885422437942));
#224 = CARTESIAN_POINT('',(48.384235131418,-11.17958652248,
    69.904865778392));
#225 = CARTESIAN_POINT('',(47.961398459345,-11.34174602587,
    69.913832974044));
#226 = CARTESIAN_POINT('',(47.531448616868,-11.48468023497,
    69.922999104032));
#227 = CARTESIAN_POINT('',(47.095477927794,-11.60800894085,
    69.932344746393));
#228 = CARTESIAN_POINT('',(46.654604049644,-11.71143532901,
    69.941849317897));
#229 = CARTESIAN_POINT('',(46.024696294873,-11.82946052655,
    69.955508678018));
#230 = CARTESIAN_POINT('',(45.838769203164,-11.86068252612,
    69.959550106883));
#231 = CARTESIAN_POINT('',(45.652271020643,-11.88839662773,
    69.963613789381));
#232 = CARTESIAN_POINT('',(45.46528442355,-11.91259007964,
    69.967698122191));
#233 = CARTESIAN_POINT('',(45.277892442243,-11.93325272866,
    69.971801469935));
#234 = CARTESIAN_POINT('',(45.002577627197,-11.95836844517,
    69.977845177712));
#235 = CARTESIAN_POINT('',(44.914906496067,-11.96558929316,
    69.97977197194));
#236 = CARTESIAN_POINT('',(44.827173542508,-11.97203879099,
    69.981702378345));
#237 = CARTESIAN_POINT('',(44.739387249819,-11.97771629001,
    69.983636226011));
#238 = CARTESIAN_POINT('',(44.651556109896,-11.98262126601,
    69.985573342626));
#239 = CARTESIAN_POINT('',(44.469809606454,-11.99116807043,
    69.989586507595));
#240 = CARTESIAN_POINT('',(44.375889270362,-11.99470051189,
    69.991662071563));
#241 = CARTESIAN_POINT('',(44.281937981402,-11.99735016423,
    69.993742215543));
#242 = CARTESIAN_POINT('',(44.187966084532,-11.99911670856,
    69.995826751239));
#243 = CARTESIAN_POINT('',(44.09398390321,-11.99999998647,
    69.997913332895));
#244 = CARTESIAN_POINT('',(44.000001739402,-12.,69.999997457293));
#245 = PCURVE('',#145,#246);
#246 = DEFINITIONAL_REPRESENTATION('',(#247),#305);
#247 = B_SPLINE_CURVE_WITH_KNOTS('',6,(#248,#249,#250,#251,#252,#253,
    #254,#255,#256,#257,#258,#259,#260,#261,#262,#263,#264,#265,#266,
    #267,#268,#269,#270,#271,#272,#273,#274,#275,#276,#277,#278,#279,
    #280,#281,#282,#283,#284,#285,#286,#287,#288,#289,#290,#291,#292,
    #293,#294,#295,#296,#297,#298,#299,#300,#301,#302,#303,#304),
  .UNSPECIFIED.,.F.,.F.,(7,5,5,5,5,5,5,5,5,5,5,7),(0.,0.12951795261,
    0.217528883178,0.309528724939,0.499486302444,0.688998828386,
    0.780998503867,0.86900927273,0.94102552725,0.97103383549,
    0.985037868721,1.),.UNSPECIFIED.);
#248 = CARTESIAN_POINT('',(6.28318530718,22.000000007493));
#249 = CARTESIAN_POINT('',(6.215390474026,21.98192155325));
#250 = CARTESIAN_POINT('',(6.147590433689,21.964042233743));
#251 = CARTESIAN_POINT('',(6.07979417051,21.946505196952));
#252 = CARTESIAN_POINT('',(6.011996626018,21.929440431153));
#253 = CARTESIAN_POINT('',(5.944191551837,21.912965525841));
#254 = CARTESIAN_POINT('',(5.830315035919,21.886468931744));
#255 = CARTESIAN_POINT('',(5.784239592716,21.87607054178));
#256 = CARTESIAN_POINT('',(5.738163794836,21.866027852667));
#257 = CARTESIAN_POINT('',(5.692086859917,21.856371482882));
#258 = CARTESIAN_POINT('',(5.646008028644,21.847129386238));
#259 = CARTESIAN_POINT('',(5.55176087649,21.829126258271));
#260 = CARTESIAN_POINT('',(5.503590996033,21.820405716838));
#261 = CARTESIAN_POINT('',(5.455420819069,21.812195107992));
#262 = CARTESIAN_POINT('',(5.407249427908,21.804520040879));
#263 = CARTESIAN_POINT('',(5.359075922624,21.797403187237));
#264 = CARTESIAN_POINT('',(5.211434911298,21.777363022363));
#265 = CARTESIAN_POINT('',(5.111933189594,21.766321114009));
#266 = CARTESIAN_POINT('',(5.012462426622,21.75792241958));
#267 = CARTESIAN_POINT('',(4.91298903338,21.752267649596));
#268 = CARTESIAN_POINT('',(4.813479407949,21.749422594464));
#269 = CARTESIAN_POINT('',(4.614752756074,21.749346937475));
#270 = CARTESIAN_POINT('',(4.515476537314,21.752103173478));
#271 = CARTESIAN_POINT('',(4.416236083605,21.757656889043));
#272 = CARTESIAN_POINT('',(4.31699824775,21.765943817214));
#273 = CARTESIAN_POINT('',(4.217729742852,21.776865053042));
#274 = CARTESIAN_POINT('',(4.070321625419,21.796732122776));
#275 = CARTESIAN_POINT('',(4.022148125038,21.803803978218));
#276 = CARTESIAN_POINT('',(3.973976734592,21.811435441853));
#277 = CARTESIAN_POINT('',(3.925806555277,21.819603993373));
#278 = CARTESIAN_POINT('',(3.877636670603,21.828284175887));
#279 = CARTESIAN_POINT('',(3.783389510829,21.846211960027));
#280 = CARTESIAN_POINT('',(3.737310676075,21.855418913558));
#281 = CARTESIAN_POINT('',(3.691233738523,21.865041968936));
#282 = CARTESIAN_POINT('',(3.645157940024,21.875053305588));
#283 = CARTESIAN_POINT('',(3.599082499402,21.885422437942));
#284 = CARTESIAN_POINT('',(3.51530810462,21.904865778392));
#285 = CARTESIAN_POINT('',(3.477608094955,21.913832974044));
#286 = CARTESIAN_POINT('',(3.439908698508,21.922999104032));
#287 = CARTESIAN_POINT('',(3.402209907868,21.932344746393));
#288 = CARTESIAN_POINT('',(3.364511706187,21.941849317897));
#289 = CARTESIAN_POINT('',(3.311105913822,21.955508678018));
#290 = CARTESIAN_POINT('',(3.295397842962,21.959550106883));
#291 = CARTESIAN_POINT('',(3.279689850212,21.963613789381));
#292 = CARTESIAN_POINT('',(3.263981930921,21.967698122191));
#293 = CARTESIAN_POINT('',(3.248274080179,21.971801469935));
#294 = CARTESIAN_POINT('',(3.225235910372,21.977845177711));
#295 = CARTESIAN_POINT('',(3.217905527892,21.97977197194));
#296 = CARTESIAN_POINT('',(3.210575145393,21.981702378345));
#297 = CARTESIAN_POINT('',(3.203244762887,21.983636226011));
#298 = CARTESIAN_POINT('',(3.195914380383,21.985573342626));
#299 = CARTESIAN_POINT('',(3.18075210094,21.989586507595));
#300 = CARTESIAN_POINT('',(3.172920218359,21.991662071563));
#301 = CARTESIAN_POINT('',(3.165088350086,21.993742215543));
#302 = CARTESIAN_POINT('',(3.157256493928,21.995826751239));
#303 = CARTESIAN_POINT('',(3.149424645564,21.997913332895));
#304 = CARTESIAN_POINT('',(3.14159279854,21.999997457293));
#305 = ( GEOMETRIC_REPRESENTATION_CONTEXT(2) 
PARAMETRIC_REPRESENTATION_CONTEXT() REPRESENTATION_CONTEXT('2D SPACE',''
  ) );
#306 = PCURVE('',#307,#1148);
#307 = B_SPLINE_SURFACE_WITH_KNOTS('',12,12,(
    (#308,#309,#310,#311,#312,#313,#314,#315,#316,#317,#318,#319,#320
      ,#321,#322,#323,#324,#325,#326,#327,#328,#329,#330,#331)
    ,(#332,#333,#334,#335,#336,#337,#338,#339,#340,#341,#342,#343,#344
      ,#345,#346,#347,#348,#349,#350,#351,#352,#353,#354,#355)
    ,(#356,#357,#358,#359,#360,#361,#362,#363,#364,#365,#366,#367,#368
      ,#369,#370,#371,#372,#373,#374,#375,#376,#377,#378,#379)
    ,(#380,#381,#382,#383,#384,#385,#386,#387,#388,#389,#390,#391,#392
      ,#393,#394,#395,#396,#397,#398,#399,#400,#401,#402,#403)
    ,(#404,#405,#406,#407,#408,#409,#410,#411,#412,#413,#414,#415,#416
      ,#417,#418,#419,#420,#421,#422,#423,#424,#425,#426,#427)
    ,(#428,#429,#430,#431,#432,#433,#434,#435,#436,#437,#438,#439,#440
      ,#441,#442,#443,#444,#445,#446,#447,#448,#449,#450,#451)
    ,(#452,#453,#454,#455,#456,#457,#458,#459,#460,#461,#462,#463,#464
      ,#465,#466,#467,#468,#469,#470,#471,#472,#473,#474,#475)
    ,(#476,#477,#478,#479,#480,#481,#482,#483,#484,#485,#486,#487,#488
      ,#489,#490,#491,#492,#493,#494,#495,#496,#497,#498,#499)
    ,(#500,#501,#502,#503,#504,#505,#506,#507,#508,#509,#510,#511,#512
      ,#513,#514,#515,#516,#517,#518,#519,#520,#521,#522,#523)
    ,(#524,#525,#526,#527,#528,#529,#530,#531,#532,#533,#534,#535,#536
      ,#537,#538,#539,#540,#541,#542,#543,#544,#545,#546,#547)
    ,(#548,#549,#550,#551,#552,#553,#554,#555,#556,#557,#558,#559,#560
      ,#561,#562,#563,#564,#565,#566,#567,#568,#569,#570,#571)
    ,(#572,#573,#574,#575,#576,#577,#578,#579,#580,#581,#582,#583,#584
      ,#585,#586,#587,#588,#589,#590,#591,#592,#593,#594,#595)
    ,(#596,#597,#598,#599,#600,#601,#602,#603,#604,#605,#606,#607,#608
      ,#609,#610,#611,#612,#613,#614,#615,#616,#617,#618,#619)
    ,(#620,#621,#622,#623,#624,#625,#626,#627,#628,#629,#630,#631,#632
      ,#633,#634,#635,#636,#637,#638,#639,#640,#641,#642,#643)
    ,(#644,#645,#646,#647,#648,#649,#650,#651,#652,#653,#654,#655,#656
      ,#657,#658,#659,#660,#661,#662,#663,#664,#665,#666,#667)
    ,(#668,#669,#670,#671,#672,#673,#674,#675,#676,#677,#678,#679,#680
      ,#681,#682,#683,#684,#685,#686,#687,#688,#689,#690,#691)
    ,(#692,#693,#694,#695,#696,#697,#698,#699,#700,#701,#702,#703,#704
      ,#705,#706,#707,#708,#709,#710,#711,#712,#713,#714,#715)
    ,(#716,#717,#718,#719,#720,#721,#722,#723,#724,#725,#726,#727,#728
      ,#729,#730,#731,#732,#733,#734,#735,#736,#737,#738,#739)
    ,(#740,#741,#742,#743,#744,#745,#746,#747,#748,#749,#750,#751,#752
      ,#753,#754,#755,#756,#757,#758,#759,#760,#761,#762,#763)
    ,(#764,#765,#766,#767,#768,#769,#770,#771,#772,#773,#774,#775,#776
      ,#777,#778,#779,#780,#781,#782,#783,#784,#785,#786,#787)
    ,(#788,#789,#790,#791,#792,#793,#794,#795,#796,#797,#798,#799,#800
      ,#801,#802,#803,#804,#805,#806,#807,#808,#809,#810,#811)
    ,(#812,#813,#814,#815,#816,#817,#818,#819,#820,#821,#822,#823,#824
      ,#825,#826,#827,#828,#829,#830,#831,#832,#833,#834,#835)
    ,(#836,#837,#838,#839,#840,#841,#842,#843,#844,#845,#846,#847,#848
      ,#849,#850,#851,#852,#853,#854,#855,#856,#857,#858,#859)
    ,(#860,#861,#862,#863,#864,#865,#866,#867,#868,#869,#870,#871,#872
      ,#873,#874,#875,#876,#877,#878,#879,#880,#881,#882,#883)
    ,(#884,#885,#886,#887,#888,#889,#890,#891,#892,#893,#894,#895,#896
      ,#897,#898,#899,#900,#901,#902,#903,#904,#905,#906,#907)
    ,(#908,#909,#910,#911,#912,#913,#914,#915,#916,#917,#918,#919,#920
      ,#921,#922,#923,#924,#925,#926,#927,#928,#929,#930,#931)
    ,(#932,#933,#934,#935,#936,#937,#938,#939,#940,#941,#942,#943,#944
      ,#945,#946,#947,#948,#949,#950,#951,#952,#953,#954,#955)
    ,(#956,#957,#958,#959,#960,#961,#962,#963,#964,#965,#966,#967,#968
      ,#969,#970,#971,#972,#973,#974,#975,#976,#977,#978,#979)
    ,(#980,#981,#982,#983,#984,#985,#986,#987,#988,#989,#990,#991,#992
      ,#993,#994,#995,#996,#997,#998,#999,#1000,#1001,#1002,#1003)
    ,(#1004,#1005,#1006,#1007,#1008,#1009,#1010,#1011,#1012,#1013,#1014
      ,#1015,#1016,#1017,#1018,#1019,#1020,#1021,#1022,#1023,#1024,#1025
      ,#1026,#1027)
    ,(#1028,#1029,#1030,#1031,#1032,#1033,#1034,#1035,#1036,#1037,#1038
      ,#1039,#1040,#1041,#1042,#1043,#1044,#1045,#1046,#1047,#1048,#1049
      ,#1050,#1051)
    ,(#1052,#1053,#1054,#1055,#1056,#1057,#1058,#1059,#1060,#1061,#1062
      ,#1063,#1064,#1065,#1066,#1067,#1068,#1069,#1070,#1071,#1072,#1073
      ,#1074,#1075)
    ,(#1076,#1077,#1078,#1079,#1080,#1081,#1082,#1083,#1084,#1085,#1086
      ,#1087,#1088,#1089,#1090,#1091,#1092,#1093,#1094,#1095,#1096,#1097
      ,#1098,#1099)
    ,(#1100,#1101,#1102,#1103,#1104,#1105,#1106,#1107,#1108,#1109,#1110
      ,#1111,#1112,#1113,#1114,#1115,#1116,#1117,#1118,#1119,#1120,#1121
      ,#1122,#1123)
    ,(#1124,#1125,#1126,#1127,#1128,#1129,#1130,#1131,#1132,#1133,#1134
      ,#1135,#1136,#1137,#1138,#1139,#1140,#1141,#1142,#1143,#1144,#1145
      ,#1146,#1147
  )),.UNSPECIFIED.,.F.,.T.,.F.,(13,11,11,13),(13,11,13),(
    -2.56786120364E-02,0.,3.230466914897,3.256145526945),(4.712388980385
    ,7.853981633974,10.995574287564),.UNSPECIFIED.);
#308 = CARTESIAN_POINT('',(43.934423685978,12.,68.525261560218));
#309 = CARTESIAN_POINT('',(47.072915063538,12.000000000008,
    68.385704137306));
#310 = CARTESIAN_POINT('',(50.211406217833,11.102763217795,
    68.246146724303));
#311 = CARTESIAN_POINT('',(53.068302114559,9.308289843498,
    68.119110839615));
#312 = CARTESIAN_POINT('',(55.361997631068,6.714971922063,
    68.017118449944));
#313 = CARTESIAN_POINT('',(56.849517802499,3.519598828157,
    67.950973778452));
#314 = CARTESIAN_POINT('',(57.365029182732,-2.031703744929E-10,
    67.928050841389));
#315 = CARTESIAN_POINT('',(56.849517802513,-3.519598827792,
    67.950973778437));
#316 = CARTESIAN_POINT('',(55.361997631044,-6.714971922327,
    68.017118449965));
#317 = CARTESIAN_POINT('',(53.06830211458,-9.308289843352,68.1191108396)
  );
#318 = CARTESIAN_POINT('',(50.211406217824,-11.10276321785,
    68.246146724311));
#319 = CARTESIAN_POINT('',(47.072915063536,-11.99999999999,
    68.385704137302));
#320 = CARTESIAN_POINT('',(40.795932308422,-12.,68.664818983137));
#321 = CARTESIAN_POINT('',(37.657441154093,-11.10276321782,
    68.804376396099));
#322 = CARTESIAN_POINT('',(34.800545257458,-9.308289843414,
    68.931412280922));
#323 = CARTESIAN_POINT('',(32.506849740809,-6.714971922223,
    69.033404670298));
#324 = CARTESIAN_POINT('',(31.019329569533,-3.519598827932,
    69.099549342256));
#325 = CARTESIAN_POINT('',(30.503818189142,-4.3031800829E-11,
    69.122472278763));
#326 = CARTESIAN_POINT('',(31.019329569551,3.519598828005,
    69.099549342227));
#327 = CARTESIAN_POINT('',(32.506849740783,6.714971922182,
    69.033404670333));
#328 = CARTESIAN_POINT('',(34.80054525748,9.308289843428,68.9314122809)
  );
#329 = CARTESIAN_POINT('',(37.657441154079,11.102763217824,
    68.804376396106));
#330 = CARTESIAN_POINT('',(40.79593230843,12.000000000001,
    68.664818983137));
#331 = CARTESIAN_POINT('',(43.934423685978,12.,68.525261560218));
#332 = CARTESIAN_POINT('',(43.941166341425,12.,68.676896389382));
#333 = CARTESIAN_POINT('',(47.079359082238,12.000000000007,
    68.530622957927));
#334 = CARTESIAN_POINT('',(50.217551599806,11.102763217798,
    68.384349536404));
#335 = CARTESIAN_POINT('',(53.074175654533,9.308289843491,
    68.251200228121));
#336 = CARTESIAN_POINT('',(55.367652918734,6.714971922076,
    68.144299584811));
#337 = CARTESIAN_POINT('',(56.85503154907,3.519598828142,68.074971813989
    ));
#338 = CARTESIAN_POINT('',(57.370493875644,-1.867550975245E-10,
    68.050945711367));
#339 = CARTESIAN_POINT('',(56.855031549081,-3.519598827806,
    68.074971813968));
#340 = CARTESIAN_POINT('',(55.367652918715,-6.714971922317,
    68.144299584841));
#341 = CARTESIAN_POINT('',(53.07417565455,-9.308289843358,
    68.251200228095));
#342 = CARTESIAN_POINT('',(50.217551599799,-11.10276321785,
    68.384349536419));
#343 = CARTESIAN_POINT('',(47.079359082236,-11.99999999999,
    68.530622957921));
#344 = CARTESIAN_POINT('',(40.802973600616,-12.,68.823169820846));
#345 = CARTESIAN_POINT('',(37.664781083011,-11.10276321782,
    68.96944324231));
#346 = CARTESIAN_POINT('',(34.808157028391,-9.308289843415,
    69.102592550786));
#347 = CARTESIAN_POINT('',(32.514679764002,-6.71497192222,
    69.209493193665));
#348 = CARTESIAN_POINT('',(31.027301133914,-3.519598827939,69.2788209652
    ));
#349 = CARTESIAN_POINT('',(30.511838807058,-3.558770825914E-11,
    69.302847066918));
#350 = CARTESIAN_POINT('',(31.02730113393,3.519598827998,69.278820965207
    ));
#351 = CARTESIAN_POINT('',(32.514679763978,6.714971922186,
    69.209493193653));
#352 = CARTESIAN_POINT('',(34.808157028412,9.308289843426,
    69.102592550799));
#353 = CARTESIAN_POINT('',(37.664781082998,11.102763217825,68.9694432423
    ));
#354 = CARTESIAN_POINT('',(40.802973600624,12.,68.82316982085));
#355 = CARTESIAN_POINT('',(43.941166341425,12.,68.676896389382));
#356 = CARTESIAN_POINT('',(43.947676640033,12.,68.823305771421));
#357 = CARTESIAN_POINT('',(47.08562504169,12.000000000006,
    68.671537423886));
#358 = CARTESIAN_POINT('',(50.223573220119,11.102763217801,
    68.519769086301));
#359 = CARTESIAN_POINT('',(53.07997485866,9.308289843484,68.381617885987
    ));
#360 = CARTESIAN_POINT('',(55.373273552804,6.714971922088,
    68.270701398788));
#361 = CARTESIAN_POINT('',(56.860536376768,3.519598828126,
    68.198769273971));
#362 = CARTESIAN_POINT('',(57.375958568555,-1.70339820556E-10,
    68.173840581346));
#363 = CARTESIAN_POINT('',(56.860536376776,-3.51959882782,
    68.198769273945));
#364 = CARTESIAN_POINT('',(55.37327355279,-6.714971922307,
    68.270701398828));
#365 = CARTESIAN_POINT('',(53.079974858673,-9.308289843363,
    68.381617885952));
#366 = CARTESIAN_POINT('',(50.223573220114,-11.10276321784,
    68.519769086321));
#367 = CARTESIAN_POINT('',(47.085625041688,-11.99999999999,
    68.671537423878));
#368 = CARTESIAN_POINT('',(40.809728238382,-12.,68.975074118968));
#369 = CARTESIAN_POINT('',(37.671780059912,-11.10276321782,
    69.12684245648));
#370 = CARTESIAN_POINT('',(34.815378421494,-9.308289843415,
    69.264993657034));
#371 = CARTESIAN_POINT('',(32.522079727119,-6.714971922216,
    69.375910143689));
#372 = CARTESIAN_POINT('',(31.034816903483,-3.519598827945,
    69.447842269424));
#373 = CARTESIAN_POINT('',(30.519394711306,-2.857492554555E-11,
    69.47277096086));
#374 = CARTESIAN_POINT('',(31.034816903497,3.519598827992,
    69.447842269459));
#375 = CARTESIAN_POINT('',(32.522079727098,6.71497192219,69.375910143639
    ));
#376 = CARTESIAN_POINT('',(34.815378421512,9.308289843424,
    69.264993657076));
#377 = CARTESIAN_POINT('',(37.6717800599,11.102763217826,69.126842456456
    ));
#378 = CARTESIAN_POINT('',(40.809728238389,12.,68.975074118976));
#379 = CARTESIAN_POINT('',(43.947676640033,12.,68.823305771421));
#380 = CARTESIAN_POINT('',(43.953954581803,12.,68.964489706337));
#381 = CARTESIAN_POINT('',(47.091712941893,12.000000000006,
    68.808447535183));
#382 = CARTESIAN_POINT('',(50.229471078773,11.102763217804,
    68.652405373995));
#383 = CARTESIAN_POINT('',(53.085699726938,9.308289843477,
    68.510363813212));
#384 = CARTESIAN_POINT('',(55.378859533277,6.7149719221,68.396323891878)
  );
#385 = CARTESIAN_POINT('',(56.866032285593,3.51959882811,68.322366158398
    ));
#386 = CARTESIAN_POINT('',(57.381423261467,-1.539245435876E-10,
    68.296735451324));
#387 = CARTESIAN_POINT('',(56.866032285598,-3.519598827834,
    68.322366158368));
#388 = CARTESIAN_POINT('',(55.378859533267,-6.714971922297,
    68.396323891924));
#389 = CARTESIAN_POINT('',(53.085699726947,-9.308289843368,
    68.51036381317));
#390 = CARTESIAN_POINT('',(50.22947107877,-11.10276321784,
    68.652405374019));
#391 = CARTESIAN_POINT('',(47.091712941891,-11.99999999999,
    68.808447535174));
#392 = CARTESIAN_POINT('',(40.816196221719,-12.,69.120531877503));
#393 = CARTESIAN_POINT('',(37.678438084796,-11.10276321782,
    69.276574038609));
#394 = CARTESIAN_POINT('',(34.822209436765,-9.308289843416,
    69.418615599668));
#395 = CARTESIAN_POINT('',(32.529049630161,-6.714971922213,
    69.532655520372));
#396 = CARTESIAN_POINT('',(31.04187687824,-3.51959882795,69.606613254926
    ));
#397 = CARTESIAN_POINT('',(30.526485901887,-2.199345268825E-11,
    69.632243960589));
#398 = CARTESIAN_POINT('',(31.041876878252,3.519598827987,
    69.606613254984));
#399 = CARTESIAN_POINT('',(32.529049630144,6.714971922193,
    69.532655520291));
#400 = CARTESIAN_POINT('',(34.822209436782,9.308289843422,
    69.418615599732));
#401 = CARTESIAN_POINT('',(37.678438084785,11.102763217826,
    69.276574038574));
#402 = CARTESIAN_POINT('',(40.816196221726,12.,69.120531877515));
#403 = CARTESIAN_POINT('',(43.953954581803,12.,68.964489706337));
#404 = CARTESIAN_POINT('',(43.960000166735,12.,69.100448194128));
#405 = CARTESIAN_POINT('',(47.097622782848,12.000000000005,
    68.941353291819));
#406 = CARTESIAN_POINT('',(50.235245175767,11.102763217807,
    68.782258399485));
#407 = CARTESIAN_POINT('',(53.091350259368,9.30828984347,68.637438009796
    ));
#408 = CARTESIAN_POINT('',(55.384410860152,6.714971922111,
    68.521167064079));
#409 = CARTESIAN_POINT('',(56.871519275544,3.519598828095,68.44576246727
    ));
#410 = CARTESIAN_POINT('',(57.386887954379,-1.375092666192E-10,
    68.419630321303));
#411 = CARTESIAN_POINT('',(56.871519275546,-3.519598827848,
    68.445762467238));
#412 = CARTESIAN_POINT('',(55.384410860147,-6.714971922287,
    68.521167064129));
#413 = CARTESIAN_POINT('',(53.091350259373,-9.308289843373,
    68.63743800975));
#414 = CARTESIAN_POINT('',(50.235245175766,-11.10276321784,
    68.782258399512));
#415 = CARTESIAN_POINT('',(47.097622782845,-11.99999999999,
    68.941353291809));
#416 = CARTESIAN_POINT('',(40.822377550628,-12.,69.259543096452));
#417 = CARTESIAN_POINT('',(37.684755157663,-11.10276321782,
    69.418637988695));
#418 = CARTESIAN_POINT('',(34.828650074206,-9.308289843417,
    69.563458378686));
#419 = CARTESIAN_POINT('',(32.535589473128,-6.714971922211,
    69.679729323712));
#420 = CARTESIAN_POINT('',(31.048481058186,-3.519598827955,
    69.755133921707));
#421 = CARTESIAN_POINT('',(30.533112378799,-1.584328968723E-11,
    69.781266066106));
#422 = CARTESIAN_POINT('',(31.048481058195,3.519598827981,
    69.755133921782));
#423 = CARTESIAN_POINT('',(32.535589473114,6.714971922197,69.67972932361
    ));
#424 = CARTESIAN_POINT('',(34.82865007422,9.30828984342,69.563458378767)
  );
#425 = CARTESIAN_POINT('',(37.684755157653,11.102763217827,
    69.418637988653));
#426 = CARTESIAN_POINT('',(40.822377550634,12.,69.259543096465));
#427 = CARTESIAN_POINT('',(43.960000166735,12.,69.100448194128));
#428 = CARTESIAN_POINT('',(43.965813394828,12.,69.231181234796));
#429 = CARTESIAN_POINT('',(47.103354564554,12.000000000004,
    69.070254693793));
#430 = CARTESIAN_POINT('',(50.240895511102,11.10276321781,
    68.909328162772));
#431 = CARTESIAN_POINT('',(53.096926455949,9.308289843463,68.76284047574
    ));
#432 = CARTESIAN_POINT('',(55.389927533431,6.714971922123,
    68.645230915391));
#433 = CARTESIAN_POINT('',(56.876997346622,3.519598828079,
    68.568958200587));
#434 = CARTESIAN_POINT('',(57.392352647291,-1.210939896507E-10,
    68.542525191281));
#435 = CARTESIAN_POINT('',(56.876997346621,-3.519598827862,
    68.568958200553));
#436 = CARTESIAN_POINT('',(55.38992753343,-6.714971922278,
    68.645230915444));
#437 = CARTESIAN_POINT('',(53.096926455951,-9.308289843379,
    68.762840475691));
#438 = CARTESIAN_POINT('',(50.240895511103,-11.10276321784,
    68.909328162801));
#439 = CARTESIAN_POINT('',(47.103354564551,-11.99999999999,
    69.070254693783));
#440 = CARTESIAN_POINT('',(40.828272225108,-12.,69.392107775814));
#441 = CARTESIAN_POINT('',(37.690731278512,-11.10276321782,
    69.55303430674));
#442 = CARTESIAN_POINT('',(34.834700333817,-9.308289843418,
    69.699521994089));
#443 = CARTESIAN_POINT('',(32.54169925602,-6.714971922208,
    69.817131553709));
#444 = CARTESIAN_POINT('',(31.05462944332,-3.51959882796,69.893404269767
    ));
#445 = CARTESIAN_POINT('',(30.539274142044,-1.012443654249E-11,
    69.919837277411));
#446 = CARTESIAN_POINT('',(31.054629443327,3.519598827976,
    69.893404269851));
#447 = CARTESIAN_POINT('',(32.541699256009,6.7149719222,69.817131553595)
  );
#448 = CARTESIAN_POINT('',(34.834700333828,9.308289843419,69.69952199418
    ));
#449 = CARTESIAN_POINT('',(37.690731278504,11.102763217827,
    69.553034306693));
#450 = CARTESIAN_POINT('',(40.828272225114,12.,69.392107775829));
#451 = CARTESIAN_POINT('',(43.965813394828,12.,69.231181234796));
#452 = CARTESIAN_POINT('',(43.971394266082,12.,69.35668882834));
#453 = CARTESIAN_POINT('',(47.108908287011,12.000000000004,
    69.195151741106));
#454 = CARTESIAN_POINT('',(50.246422084777,11.102763217813,
    69.033614663855));
#455 = CARTESIAN_POINT('',(53.102428316683,9.308289843456,
    68.886571211043));
#456 = CARTESIAN_POINT('',(55.395409553112,6.714971922135,
    68.768515445815));
#457 = CARTESIAN_POINT('',(56.882466498826,3.519598828064,
    68.691953358349));
#458 = CARTESIAN_POINT('',(57.397817340202,-1.046787126823E-10,
    68.665420061259));
#459 = CARTESIAN_POINT('',(56.882466498823,-3.519598827876,
    68.691953358315));
#460 = CARTESIAN_POINT('',(55.395409553115,-6.714971922268,
    68.768515445869));
#461 = CARTESIAN_POINT('',(53.102428316681,-9.308289843384,
    68.886571210993));
#462 = CARTESIAN_POINT('',(50.24642208478,-11.10276321784,
    69.033614663885));
#463 = CARTESIAN_POINT('',(47.108908287007,-11.99999999999,
    69.195151741096));
#464 = CARTESIAN_POINT('',(40.83388024516,-12.,69.518225915589));
#465 = CARTESIAN_POINT('',(37.696366447345,-11.10276321782,
    69.679762992743));
#466 = CARTESIAN_POINT('',(34.840360215596,-9.308289843419,
    69.826806445877));
#467 = CARTESIAN_POINT('',(32.547378978837,-6.714971922205,
    69.944862210365));
#468 = CARTESIAN_POINT('',(31.060322033643,-3.519598827964,
    70.021424299106));
#469 = CARTESIAN_POINT('',(30.544971191622,-4.836893254025E-12,
    70.047957594503));
#470 = CARTESIAN_POINT('',(31.060322033647,3.519598827972,
    70.021424299193));
#471 = CARTESIAN_POINT('',(32.54737897883,6.714971922203,69.944862210246
    ));
#472 = CARTESIAN_POINT('',(34.840360215605,9.308289843417,
    69.826806445971));
#473 = CARTESIAN_POINT('',(37.696366447338,11.102763217828,
    69.679762992694));
#474 = CARTESIAN_POINT('',(40.833880245165,12.,69.518225915604));
#475 = CARTESIAN_POINT('',(43.971394266082,12.,69.35668882834));
#476 = CARTESIAN_POINT('',(43.976742780498,12.,69.47697097476));
#477 = CARTESIAN_POINT('',(47.114283950219,12.000000000003,
    69.316044433757));
#478 = CARTESIAN_POINT('',(50.251824896793,11.102763217815,
    69.155117902735));
#479 = CARTESIAN_POINT('',(53.107855841568,9.308289843449,
    69.008630215706));
#480 = CARTESIAN_POINT('',(55.400856919196,6.714971922147,68.89102065535
    ));
#481 = CARTESIAN_POINT('',(56.887926732157,3.519598828048,
    68.814747940557));
#482 = CARTESIAN_POINT('',(57.403282033114,-8.826343571383E-11,
    68.788314931238));
#483 = CARTESIAN_POINT('',(56.887926732151,-3.51959882789,
    68.814747940523));
#484 = CARTESIAN_POINT('',(55.400856919203,-6.714971922259,
    68.891020655403));
#485 = CARTESIAN_POINT('',(53.107855841562,-9.308289843389,
    69.008630215657));
#486 = CARTESIAN_POINT('',(50.251824896797,-11.10276321783,
    69.155117902764));
#487 = CARTESIAN_POINT('',(47.114283950216,-11.99999999999,
    69.316044433747));
#488 = CARTESIAN_POINT('',(40.839201610784,-12.,69.637897515777));
#489 = CARTESIAN_POINT('',(37.701660664161,-11.10276321782,
    69.798824046705));
#490 = CARTESIAN_POINT('',(34.845629719544,-9.308289843419,
    69.94531173405));
#491 = CARTESIAN_POINT('',(32.552628641579,-6.714971922203,
    70.062921293678));
#492 = CARTESIAN_POINT('',(31.065558829154,-3.519598827968,
    70.139194009723));
#493 = CARTESIAN_POINT('',(30.550203527532,1.934017815672E-14,
    70.165627017383));
#494 = CARTESIAN_POINT('',(31.065558829155,3.519598827967,
    70.139194009808));
#495 = CARTESIAN_POINT('',(32.552628641575,6.714971922206,
    70.062921293563));
#496 = CARTESIAN_POINT('',(34.845629719551,9.308289843416,
    69.945311734141));
#497 = CARTESIAN_POINT('',(37.701660664155,11.102763217829,
    69.798824046657));
#498 = CARTESIAN_POINT('',(40.839201610788,12.,69.637897515792));
#499 = CARTESIAN_POINT('',(43.976742780498,12.,69.47697097476));
#500 = CARTESIAN_POINT('',(43.981858938075,12.,69.592027674056));
#501 = CARTESIAN_POINT('',(47.119481554179,12.000000000002,
    69.432932771747));
#502 = CARTESIAN_POINT('',(50.25710394715,11.102763217818,
    69.273837879411));
#503 = CARTESIAN_POINT('',(53.113209030604,9.308289843443,
    69.129017489728));
#504 = CARTESIAN_POINT('',(55.406269631683,6.714971922158,
    69.012746543997));
#505 = CARTESIAN_POINT('',(56.893378046615,3.519598828033,
    68.937341947209));
#506 = CARTESIAN_POINT('',(57.408746726026,-7.184815874539E-11,
    68.911209801216));
#507 = CARTESIAN_POINT('',(56.893378046606,-3.519598827904,
    68.937341947178));
#508 = CARTESIAN_POINT('',(55.406269631694,-6.714971922249,
    69.012746544047));
#509 = CARTESIAN_POINT('',(53.113209030596,-9.308289843394,
    69.129017489682));
#510 = CARTESIAN_POINT('',(50.257103947155,-11.10276321783,
    69.273837879438));
#511 = CARTESIAN_POINT('',(47.119481554175,-11.99999999999,
    69.432932771737));
#512 = CARTESIAN_POINT('',(40.844236321979,-12.,69.751122576379));
#513 = CARTESIAN_POINT('',(37.70661392896,-11.10276321782,
    69.910217468624));
#514 = CARTESIAN_POINT('',(34.850508845662,-9.30828984342,
    70.055037858608));
#515 = CARTESIAN_POINT('',(32.557448244246,-6.714971922201,
    70.171308803649));
#516 = CARTESIAN_POINT('',(31.070339829853,-3.519598827972,
    70.24671340162));
#517 = CARTESIAN_POINT('',(30.554971149774,4.444263754058E-12,
    70.27284554605));
#518 = CARTESIAN_POINT('',(31.070339829852,3.519598827964,
    70.246713401695));
#519 = CARTESIAN_POINT('',(32.557448244246,6.714971922208,
    70.171308803546));
#520 = CARTESIAN_POINT('',(34.850508845666,9.308289843415,
    70.055037858689));
#521 = CARTESIAN_POINT('',(37.706613928956,11.102763217829,
    69.910217468582));
#522 = CARTESIAN_POINT('',(40.844236321983,12.,69.751122576392));
#523 = CARTESIAN_POINT('',(43.981858938075,12.,69.592027674056));
#524 = CARTESIAN_POINT('',(43.986742738814,12.,69.701858926228));
#525 = CARTESIAN_POINT('',(47.12450109889,12.000000000002,
    69.545816755075));
#526 = CARTESIAN_POINT('',(50.262259235846,11.102763217821,
    69.389774593883));
#527 = CARTESIAN_POINT('',(53.118487883793,9.308289843436,69.24773303311
    ));
#528 = CARTESIAN_POINT('',(55.411647690573,6.71497192217,69.133693111756
    ));
#529 = CARTESIAN_POINT('',(56.898820442199,3.519598828017,
    69.059735378307));
#530 = CARTESIAN_POINT('',(57.414211418938,-5.543288177695E-11,
    69.034104671195));
#531 = CARTESIAN_POINT('',(56.898820442187,-3.519598827918,
    69.059735378278));
#532 = CARTESIAN_POINT('',(55.411647690588,-6.71497192224,
    69.133693111801));
#533 = CARTESIAN_POINT('',(53.118487883781,-9.308289843399,
    69.247733033069));
#534 = CARTESIAN_POINT('',(50.262259235853,-11.10276321783,
    69.389774593907));
#535 = CARTESIAN_POINT('',(47.124501098886,-11.99999999999,
    69.545816755066));
#536 = CARTESIAN_POINT('',(40.848984378746,-12.,69.857901097393));
#537 = CARTESIAN_POINT('',(37.711226241742,-11.10276321782,
    70.013943258502));
#538 = CARTESIAN_POINT('',(34.854997593949,-9.30828984342,
    70.155984819551));
#539 = CARTESIAN_POINT('',(32.561837786838,-6.714971922199,
    70.270024740277));
#540 = CARTESIAN_POINT('',(31.074665035741,-3.519598827975,
    70.343982474795));
#541 = CARTESIAN_POINT('',(30.559274058348,8.43787747368E-12,
    70.369613180505));
#542 = CARTESIAN_POINT('',(31.074665035737,3.51959882796,70.343982474854
    ));
#543 = CARTESIAN_POINT('',(32.561837786841,6.714971922211,
    70.270024740196));
#544 = CARTESIAN_POINT('',(34.85499759395,9.308289843414,70.155984819616
    ));
#545 = CARTESIAN_POINT('',(37.711226241739,11.102763217829,
    70.013943258467));
#546 = CARTESIAN_POINT('',(40.848984378749,12.,69.857901097405));
#547 = CARTESIAN_POINT('',(43.986742738814,12.,69.701858926228));
#548 = CARTESIAN_POINT('',(43.991394182715,12.,69.806464731276));
#549 = CARTESIAN_POINT('',(47.129342584352,12.000000000001,
    69.654696383741));
#550 = CARTESIAN_POINT('',(50.267290762884,11.102763217823,
    69.502928046152));
#551 = CARTESIAN_POINT('',(53.123692401133,9.30828984343,69.364776845851
    ));
#552 = CARTESIAN_POINT('',(55.416991095866,6.714971922181,
    69.253860358626));
#553 = CARTESIAN_POINT('',(56.90425391891,3.519598828002,69.181928233849
    ));
#554 = CARTESIAN_POINT('',(57.41967611185,-3.901760480851E-11,
    69.156999541173));
#555 = CARTESIAN_POINT('',(56.904253918896,-3.519598827932,
    69.181928233824));
#556 = CARTESIAN_POINT('',(55.416991095885,-6.71497192223,
    69.253860358664));
#557 = CARTESIAN_POINT('',(53.123692401118,-9.308289843403,
    69.364776845817));
#558 = CARTESIAN_POINT('',(50.267290762892,-11.10276321783,
    69.502928046172));
#559 = CARTESIAN_POINT('',(47.129342584348,-11.99999999999,
    69.654696383734));
#560 = CARTESIAN_POINT('',(40.853445781084,-12.,69.958233078821));
#561 = CARTESIAN_POINT('',(37.715497602507,-11.10276321782,
    70.110001416339));
#562 = CARTESIAN_POINT('',(34.859095964405,-9.308289843421,
    70.248152616879));
#563 = CARTESIAN_POINT('',(32.565797269355,-6.714971922197,
    70.359069103564));
#564 = CARTESIAN_POINT('',(31.078534446817,-3.519598827978,
    70.431001229249));
#565 = CARTESIAN_POINT('',(30.563112253255,1.200018133702E-11,
    70.455929920747));
#566 = CARTESIAN_POINT('',(31.07853444681,3.519598827957,70.431001229286
    ));
#567 = CARTESIAN_POINT('',(32.565797269362,6.714971922213,
    70.359069103512));
#568 = CARTESIAN_POINT('',(34.859095964403,9.308289843412,
    70.248152616922));
#569 = CARTESIAN_POINT('',(37.715497602506,11.10276321783,
    70.110001416314));
#570 = CARTESIAN_POINT('',(40.853445781087,12.,69.95823307883));
#571 = CARTESIAN_POINT('',(43.991394182715,12.,69.806464731276));
#572 = CARTESIAN_POINT('',(43.995813269777,12.,69.9058450892));
#573 = CARTESIAN_POINT('',(47.134006010565,12.000000000001,
    69.759571657746));
#574 = CARTESIAN_POINT('',(50.272198528262,11.102763217826,
    69.613298236217));
#575 = CARTESIAN_POINT('',(53.128822582625,9.308289843423,
    69.480148927951));
#576 = CARTESIAN_POINT('',(55.422299847562,6.714971922193,
    69.373248284608));
#577 = CARTESIAN_POINT('',(56.909678476747,3.519598827986,
    69.303920513837));
#578 = CARTESIAN_POINT('',(57.425140804761,-2.260232784007E-11,
    69.279894411151));
#579 = CARTESIAN_POINT('',(56.909678476731,-3.519598827946,
    69.303920513817));
#580 = CARTESIAN_POINT('',(55.422299847584,-6.714971922221,
    69.373248284636));
#581 = CARTESIAN_POINT('',(53.128822582607,-9.308289843408,
    69.480148927926));
#582 = CARTESIAN_POINT('',(50.272198528271,-11.10276321783,
    69.613298236231));
#583 = CARTESIAN_POINT('',(47.134006010561,-11.99999999999,
    69.75957165774));
#584 = CARTESIAN_POINT('',(40.857620528994,-12.,70.052118520663));
#585 = CARTESIAN_POINT('',(37.719428011255,-11.10276321782,
    70.198391942133));
#586 = CARTESIAN_POINT('',(34.862803957031,-9.308289843421,
    70.331541250591));
#587 = CARTESIAN_POINT('',(32.569326691796,-6.714971922196,
    70.438441893508));
#588 = CARTESIAN_POINT('',(31.081948063082,-3.519598827981,
    70.507769664982));
#589 = CARTESIAN_POINT('',(30.566485734494,1.513117534408E-11,
    70.531795766777));
#590 = CARTESIAN_POINT('',(31.081948063072,3.519598827954,70.50776966499
    ));
#591 = CARTESIAN_POINT('',(32.569326691807,6.714971922215,
    70.438441893494));
#592 = CARTESIAN_POINT('',(34.862803957025,9.308289843412,
    70.331541250606));
#593 = CARTESIAN_POINT('',(37.719428011255,11.10276321783,
    70.198391942123));
#594 = CARTESIAN_POINT('',(40.857620528996,12.,70.052118520667));
#595 = CARTESIAN_POINT('',(43.995813269777,12.,69.9058450892));
#596 = CARTESIAN_POINT('',(44.526706562214,12.,81.84504535463));
#597 = CARTESIAN_POINT('',(47.702767575966,11.999999999933,
    82.550387312082));
#598 = CARTESIAN_POINT('',(50.878828368163,11.102763218132,
    83.255729276363));
#599 = CARTESIAN_POINT('',(53.769923011022,9.308289842633,
    83.897785297542));
#600 = CARTESIAN_POINT('',(56.091075516119,6.714971923625,
    84.413269855181));
#601 = CARTESIAN_POINT('',(57.596402064592,3.519598826035,
    84.747571169278));
#602 = CARTESIAN_POINT('',(58.118084619464,2.058917132729E-09,
    84.8634306473));
#603 = CARTESIAN_POINT('',(57.596402064261,-3.519598829709,
    84.747571170011));
#604 = CARTESIAN_POINT('',(56.091075516587,-6.714971921047,
    84.413269853832));
#605 = CARTESIAN_POINT('',(53.769923010661,-9.308289844003,
    83.897785298923));
#606 = CARTESIAN_POINT('',(50.878828368316,-11.10276321762,
    83.255729275541));
#607 = CARTESIAN_POINT('',(47.702767575953,-12.00000000003,
    82.550387312357));
#608 = CARTESIAN_POINT('',(41.350645548431,-11.99999999998,
    81.139703396836));
#609 = CARTESIAN_POINT('',(38.174584756567,-11.10276321783,
    80.434361434639));
#610 = CARTESIAN_POINT('',(35.283490112423,-9.308289843474,
    79.792305406391));
#611 = CARTESIAN_POINT('',(32.962337610464,-6.714971922026,
    79.276820865774));
#612 = CARTESIAN_POINT('',(31.457011056347,-3.519598828273,
    78.942519520662));
#613 = CARTESIAN_POINT('',(30.935328509309,3.574613783643E-10,
    78.826660086255));
#614 = CARTESIAN_POINT('',(31.457011055963,3.519598827652,78.94251951619
    ));
#615 = CARTESIAN_POINT('',(32.962337610986,6.714971922422,
    79.276820871696));
#616 = CARTESIAN_POINT('',(35.283490112022,9.308289843303,
    79.792305401954));
#617 = CARTESIAN_POINT('',(38.174584756775,11.102763217875,
    80.434361436784));
#618 = CARTESIAN_POINT('',(41.350645548353,11.999999999991,
    81.139703396247));
#619 = CARTESIAN_POINT('',(44.526706562215,12.000000000002,
    81.845045354627));
#620 = CARTESIAN_POINT('',(41.574774198037,11.999999999998,
    93.84477327334));
#621 = CARTESIAN_POINT('',(44.540275797625,12.000000000289,
    95.406048014529));
#622 = CARTESIAN_POINT('',(47.505777188776,11.102763216512,
    96.967322780243));
#623 = CARTESIAN_POINT('',(50.205204462414,9.30828984682,98.388514106323
    ));
#624 = CARTESIAN_POINT('',(52.372474455852,6.714971916036,99.52953924475
    ));
#625 = CARTESIAN_POINT('',(53.778004028387,3.519598836371,100.2695157501
    ));
#626 = CARTESIAN_POINT('',(54.265101514273,-8.963309031404E-09,
    100.52597017292));
#627 = CARTESIAN_POINT('',(53.778004029786,-3.519598820383,
    100.26951574684));
#628 = CARTESIAN_POINT('',(52.372474453872,-6.71497192725,
    99.529539250715));
#629 = CARTESIAN_POINT('',(50.205204463946,-9.308289840863,
    98.388514100224));
#630 = CARTESIAN_POINT('',(47.505777188115,-11.10276321871,
    96.967322783905));
#631 = CARTESIAN_POINT('',(44.540275797691,-11.99999999984,
    95.406048013256));
#632 = CARTESIAN_POINT('',(38.609272598549,-12.00000000006,
    92.283498533822));
#633 = CARTESIAN_POINT('',(35.643771206219,-11.10276321776,
    90.722223757781));
#634 = CARTESIAN_POINT('',(32.944343937283,-9.308289843268,
    89.301032466573));
#635 = CARTESIAN_POINT('',(30.777073932143,-6.714971922796,
    88.160007245294));
#636 = CARTESIAN_POINT('',(29.371544380914,-3.519598826906,
    87.420030888669));
#637 = CARTESIAN_POINT('',(28.884446865212,-1.269147733272E-09,
    87.163576259539));
#638 = CARTESIAN_POINT('',(29.371544382429,3.519598829094,
    87.420030907079));
#639 = CARTESIAN_POINT('',(30.77707393008,6.714971921429,88.16000722092)
  );
#640 = CARTESIAN_POINT('',(32.944343938867,9.308289843826,
    89.301032484879));
#641 = CARTESIAN_POINT('',(35.643771205402,11.102763217658,
    90.72222374886));
#642 = CARTESIAN_POINT('',(38.609272598851,12.000000000031,
    92.283498536338));
#643 = CARTESIAN_POINT('',(41.574774198034,11.999999999993,
    93.844773273355));
#644 = CARTESIAN_POINT('',(35.09423421818,12.000000000003,
    104.87542090186));
#645 = CARTESIAN_POINT('',(37.59748311392,11.999999999248,
    107.22350457048));
#646 = CARTESIAN_POINT('',(40.100731855578,11.102763221246,
    109.57158821591));
#647 = CARTESIAN_POINT('',(42.379381148407,9.30828983458,111.70899318418
    ));
#648 = CARTESIAN_POINT('',(44.208824376085,6.714971938218,
    113.42504086462));
#649 = CARTESIAN_POINT('',(45.395264217262,3.519598806161,
    114.53793130401));
#650 = CARTESIAN_POINT('',(45.806435046483,2.323882211033E-08,
    114.92362584672));
#651 = CARTESIAN_POINT('',(45.39526421367,-3.519598847601,
    114.53793131229));
#652 = CARTESIAN_POINT('',(44.208824381156,-6.714971909173,
    113.42504084945));
#653 = CARTESIAN_POINT('',(42.379381144474,-9.308289849998,
    111.70899319971));
#654 = CARTESIAN_POINT('',(40.100731857314,-11.10276321553,
    109.57158820655));
#655 = CARTESIAN_POINT('',(37.597483113686,-12.00000000039,
    107.22350457379));
#656 = CARTESIAN_POINT('',(32.590985322332,-11.99999999981,
    102.52733722878));
#657 = CARTESIAN_POINT('',(30.08773658264,-11.10276321805,
    100.17925361103));
#658 = CARTESIAN_POINT('',(27.809087281273,-9.308289843658,
    98.041848549327));
#659 = CARTESIAN_POINT('',(25.979644075815,-6.714971920922,
    96.325801090091));
#660 = CARTESIAN_POINT('',(24.793204192855,-3.519598830402,
    95.212910255545));
#661 = CARTESIAN_POINT('',(24.382033423637,2.96868999116E-09,
    94.827216258112));
#662 = CARTESIAN_POINT('',(24.793204189115,3.519598825305,
    95.212910210236));
#663 = CARTESIAN_POINT('',(25.979644080886,6.714971924052,
    96.325801149967));
#664 = CARTESIAN_POINT('',(27.809087277415,9.308289842433,
    98.041848504387));
#665 = CARTESIAN_POINT('',(30.087736584594,11.10276321824,
    100.17925363299));
#666 = CARTESIAN_POINT('',(32.590985321639,11.999999999923,
    102.52733722251));
#667 = CARTESIAN_POINT('',(35.094234218187,12.000000000016,
    104.87542090182));
#668 = CARTESIAN_POINT('',(25.43847607385,11.999999999997,
    113.79528987096));
#669 = CARTESIAN_POINT('',(27.252986026973,12.000000001418,
    116.77962197556));
#670 = CARTESIAN_POINT('',(29.067495844466,11.102763211407,
    119.76395415217));
#671 = CARTESIAN_POINT('',(30.719202129242,9.308289860025,
    122.48052079278));
#672 = CARTESIAN_POINT('',(32.045295887854,6.71497189212,124.66155773898
    ));
#673 = CARTESIAN_POINT('',(32.90530112138,3.519598868941,126.07600188217
    ));
#674 = CARTESIAN_POINT('',(33.203343108838,-4.364905490021E-08,
    126.5662069071));
#675 = CARTESIAN_POINT('',(32.905301127485,-3.519598791123,
    126.07600186537));
#676 = CARTESIAN_POINT('',(32.045295879234,-6.714971946628,
    124.66155776898));
#677 = CARTESIAN_POINT('',(30.719202135943,-9.308289831109,
    122.48052076265));
#678 = CARTESIAN_POINT('',(29.067495841485,-11.10276322211,
    119.76395417015));
#679 = CARTESIAN_POINT('',(27.252986027415,-11.99999999926,
    116.77962196919));
#680 = CARTESIAN_POINT('',(23.623966120812,-12.00000000035,
    110.81095777506));
#681 = CARTESIAN_POINT('',(21.809456300641,-11.10276321732,
    107.82662554426));
#682 = CARTESIAN_POINT('',(20.157750028289,-9.308289843224,
    105.11005908615));
#683 = CARTESIAN_POINT('',(18.831656236255,-6.71497192415,
    102.92902171026));
#684 = CARTESIAN_POINT('',(17.971651067032,-3.519598824022,
    101.51457832953));
#685 = CARTESIAN_POINT('',(17.673608985617,-4.919704446882E-09,
    101.02437225976));
#686 = CARTESIAN_POINT('',(17.971651073878,3.51959883242,101.51457840975
    ));
#687 = CARTESIAN_POINT('',(18.83165622699,6.714971919102,102.92902160452
    ));
#688 = CARTESIAN_POINT('',(20.157750035307,9.308289845082,
    105.11005916542));
#689 = CARTESIAN_POINT('',(21.809456297123,11.102763217126,
    107.82662550543));
#690 = CARTESIAN_POINT('',(23.623966122017,12.000000000134,
    110.8109577863));
#691 = CARTESIAN_POINT('',(25.43847607384,11.999999999973,
    113.79528987103));
#692 = CARTESIAN_POINT('',(13.371518898717,12.000000000001,
    119.60762460442));
#693 = CARTESIAN_POINT('',(14.325300640343,11.99999999795,
    123.00654678782));
#694 = CARTESIAN_POINT('',(15.279082341453,11.102763227086,
    126.40546889754));
#695 = CARTESIAN_POINT('',(16.14728763943,9.308289819469,129.49942739414
    ));
#696 = CARTESIAN_POINT('',(16.844337745041,6.714971965572,
    131.98345808506));
#697 = CARTESIAN_POINT('',(17.296391882691,3.519598768907,
    133.59440113678));
#698 = CARTESIAN_POINT('',(17.453055525983,6.289547921024E-08,
    134.15270505546));
#699 = CARTESIAN_POINT('',(17.296391875112,-3.51959888102,
    133.59440116383));
#700 = CARTESIAN_POINT('',(16.844337755772,-6.714971887071,
    131.98345803828));
#701 = CARTESIAN_POINT('',(16.147287631074,-9.308289861096,
    129.49942743988));
#702 = CARTESIAN_POINT('',(15.279082345171,-11.10276321167,
    126.40546887072));
#703 = CARTESIAN_POINT('',(14.325300639778,-12.00000000105,
    123.00654679719));
#704 = CARTESIAN_POINT('',(12.417737157013,-11.99999999947,
    116.20870240829));
#705 = CARTESIAN_POINT('',(11.463955459173,-11.10276321862,
    112.80978037753));
#706 = CARTESIAN_POINT('',(10.595750145614,-9.308289843487,
    109.7158216158));
#707 = CARTESIAN_POINT('',(9.898700082608,-6.714971919763,
    107.23179154731));
#708 = CARTESIAN_POINT('',(9.446645861943,-3.519598833175,
    105.62084739516));
#709 = CARTESIAN_POINT('',(9.289982341166,6.592077111989E-09,
    105.06254497786));
#710 = CARTESIAN_POINT('',(9.446645851565,3.519598821966,105.6208472851)
  );
#711 = CARTESIAN_POINT('',(9.898700096621,6.714971926399,107.2317916919)
  );
#712 = CARTESIAN_POINT('',(10.595750135035,9.308289841154,
    109.71582150781));
#713 = CARTESIAN_POINT('',(11.46395546443,11.102763218785,
    112.80978043035));
#714 = CARTESIAN_POINT('',(12.41773715528,11.999999999813,
    116.20870239297));
#715 = CARTESIAN_POINT('',(13.371518898727,12.000000000035,
    119.60762460432));
#716 = CARTESIAN_POINT('',(-5.714184680983E-11,12.000000000003,
    121.62684988818));
#717 = CARTESIAN_POINT('',(2.600586412882E-09,12.000000002318,
    125.16980206833));
#718 = CARTESIAN_POINT('',(-1.222600332085E-08,11.102763207389,
    128.71275435816));
#719 = CARTESIAN_POINT('',(3.257088820874E-08,9.308289870432,
    131.93781954191));
#720 = CARTESIAN_POINT('',(-6.329553059459E-08,6.714971873294,
    134.52711241611));
#721 = CARTESIAN_POINT('',(9.342125650846E-08,3.519598894587,
    136.20631817595));
#722 = CARTESIAN_POINT('',(-1.088632259894E-07,-7.094467601898E-08,
    136.78828199719));
#723 = CARTESIAN_POINT('',(1.005250069852E-07,-3.519598768132,
    136.20631814117));
#724 = CARTESIAN_POINT('',(-7.341949270767E-08,-6.714971961825,
    134.52711247434));
#725 = CARTESIAN_POINT('',(4.047345214531E-08,-9.30828982349,
    131.9378194866));
#726 = CARTESIAN_POINT('',(-1.571345364937E-08,-11.10276322476,
    128.71275438985));
#727 = CARTESIAN_POINT('',(3.108468149549E-09,-11.99999999881,
    125.16980205759));
#728 = CARTESIAN_POINT('',(-2.571074020352E-09,-12.0000000006,
    118.08389772232));
#729 = CARTESIAN_POINT('',(8.451863209302E-09,-11.1027632169,
    114.54094534471));
#730 = CARTESIAN_POINT('',(-1.873690536058E-08,-9.308289843433,
    111.31588045503));
#731 = CARTESIAN_POINT('',(2.933410669925E-08,-6.714971924795,
    108.72658689067));
#732 = CARTESIAN_POINT('',(-3.442606555382E-08,-3.519598822321,
    107.04738234992));
#733 = CARTESIAN_POINT('',(3.069108700515E-08,-7.198681228246E-09,
    106.46541686913));
#734 = CARTESIAN_POINT('',(-2.142852295606E-08,3.519598834539,
    107.04738246953));
#735 = CARTESIAN_POINT('',(1.181667741434E-08,6.714971917611,
    108.72658673411));
#736 = CARTESIAN_POINT('',(-5.52983436819E-09,9.308289845904,
    111.31588057138));
#737 = CARTESIAN_POINT('',(1.924878034743E-09,11.102763216778,
    114.54094528811));
#738 = CARTESIAN_POINT('',(-4.878764059413E-10,12.00000000021,
    118.08389773862));
#739 = CARTESIAN_POINT('',(-6.418332532121E-11,11.999999999964,
    121.6268498883));
#740 = CARTESIAN_POINT('',(-13.37151889861,11.999999999994,
    119.60762460437));
#741 = CARTESIAN_POINT('',(-14.32530064504,11.999999997942,
    123.00654678922));
#742 = CARTESIAN_POINT('',(-15.27908231936,11.10276322708,
    126.40546889114));
#743 = CARTESIAN_POINT('',(-16.14728769827,9.308289819462,
    129.49942741018));
#744 = CARTESIAN_POINT('',(-16.8443376307,6.714971965569,131.98345805509
    ));
#745 = CARTESIAN_POINT('',(-17.29639205144,3.519598768905,
    133.59440118103));
#746 = CARTESIAN_POINT('',(-17.45305532933,6.289547921023E-08,
    134.15270500186));
#747 = CARTESIAN_POINT('',(-17.29639205672,-3.519598881018,
    133.59440121626));
#748 = CARTESIAN_POINT('',(-16.84433762309,-6.714971887068,
    131.98345799774));
#749 = CARTESIAN_POINT('',(-16.14728770423,-9.30828986109,
    129.49942746317));
#750 = CARTESIAN_POINT('',(-15.27908231676,-11.10276321167,
    126.40546886154));
#751 = CARTESIAN_POINT('',(-14.3253006454,-12.00000000104,123.0065467988
    ));
#752 = CARTESIAN_POINT('',(-12.41773715236,-11.99999999946,
    116.20870240729));
#753 = CARTESIAN_POINT('',(-11.46395547447,-11.10276321861,
    112.80978037939));
#754 = CARTESIAN_POINT('',(-10.59575011165,-9.308289843481,
    109.71582161273));
#755 = CARTESIAN_POINT('',(-9.898700135858,-6.714971919759,
    107.23179155112));
#756 = CARTESIAN_POINT('',(-9.446645799342,-3.519598833172,
    105.62084739147));
#757 = CARTESIAN_POINT('',(-9.289982397091,6.592077111988E-09,
    105.06254497937));
#758 = CARTESIAN_POINT('',(-9.446645812436,3.519598821964,105.620847287)
  );
#759 = CARTESIAN_POINT('',(-9.898700118237,6.714971926395,107.2317916873
    ));
#760 = CARTESIAN_POINT('',(-10.59575012492,9.308289841148,
    109.71582151218));
#761 = CARTESIAN_POINT('',(-11.46395546794,11.102763218781,
    112.80978042781));
#762 = CARTESIAN_POINT('',(-12.41773715438,11.999999999806,
    116.20870239363));
#763 = CARTESIAN_POINT('',(-13.37151889861,12.000000000029,
    119.60762460427));
#764 = CARTESIAN_POINT('',(-25.43847607392,12.000000000007,
    113.79528987103));
#765 = CARTESIAN_POINT('',(-27.25298602353,12.000000001428,
    116.77962197372));
#766 = CARTESIAN_POINT('',(-29.06749586062,11.102763211416,
    119.76395416062));
#767 = CARTESIAN_POINT('',(-30.71920208623,9.308289860034,
    122.48052077164));
#768 = CARTESIAN_POINT('',(-32.04529597138,6.714971892124,
    124.66155777846));
#769 = CARTESIAN_POINT('',(-32.90530099811,3.519598868944,
    126.07600182377));
#770 = CARTESIAN_POINT('',(-33.20334325248,-4.36490549002E-08,
    126.56620697815));
#771 = CARTESIAN_POINT('',(-32.90530099479,-3.519598791126,
    126.07600179556));
#772 = CARTESIAN_POINT('',(-32.0452959762,-6.714971946633,
    124.66155782321));
#773 = CARTESIAN_POINT('',(-30.71920208243,-9.308289831117,
    122.48052073138));
#774 = CARTESIAN_POINT('',(-29.06749586227,-11.10276322211,
    119.76395418253));
#775 = CARTESIAN_POINT('',(-27.25298602329,-11.99999999927,116.779621967
    ));
#776 = CARTESIAN_POINT('',(-23.62396612421,-12.00000000036,
    110.81095777648));
#777 = CARTESIAN_POINT('',(-21.8094562894,-11.10276321733,
    107.82662554142));
#778 = CARTESIAN_POINT('',(-20.15775005328,-9.308289843232,
    105.11005909127));
#779 = CARTESIAN_POINT('',(-18.8316561969,-6.714971924155,102.9290217032
    ));
#780 = CARTESIAN_POINT('',(-17.9716511135,-3.519598824025,
    101.51457833742));
#781 = CARTESIAN_POINT('',(-17.67360894386,-4.919704446882E-09,
    101.02437225423));
#782 = CARTESIAN_POINT('',(-17.97165110325,3.519598832423,
    101.51457841054));
#783 = CARTESIAN_POINT('',(-18.83165621068,6.714971919108,102.9290216082
    ));
#784 = CARTESIAN_POINT('',(-20.15775004293,9.30828984509,105.11005916096
    ));
#785 = CARTESIAN_POINT('',(-21.80945629447,11.102763217132,
    107.82662550827));
#786 = CARTESIAN_POINT('',(-23.62396612268,12.000000000144,
    110.81095778555));
#787 = CARTESIAN_POINT('',(-25.43847607392,11.999999999981,
    113.79528987111));
#788 = CARTESIAN_POINT('',(-35.09423421813,11.999999999995,
    104.8754209018));
#789 = CARTESIAN_POINT('',(-37.59748311589,11.99999999924,
    107.22350457186));
#790 = CARTESIAN_POINT('',(-40.1007318463,11.102763221238,
    109.57158820958));
#791 = CARTESIAN_POINT('',(-42.37938117307,9.308289834572,
    111.70899319994));
#792 = CARTESIAN_POINT('',(-44.20882432821,6.714971938215,
    113.42504083524));
#793 = CARTESIAN_POINT('',(-45.39526428788,3.519598806159,
    114.53793134744));
#794 = CARTESIAN_POINT('',(-45.80643496419,2.323882211032E-08,
    114.92362579376));
#795 = CARTESIAN_POINT('',(-45.39526428967,-3.519598847599,
    114.53793136452));
#796 = CARTESIAN_POINT('',(-44.2088243256,-6.714971909169,
    113.42504080871));
#797 = CARTESIAN_POINT('',(-42.37938117512,-9.308289849992,
    111.70899322328));
#798 = CARTESIAN_POINT('',(-40.1007318454,-11.10276321553,
    109.57158819719));
#799 = CARTESIAN_POINT('',(-37.59748311604,-12.00000000038,
    107.22350457545));
#800 = CARTESIAN_POINT('',(-32.59098532038,-11.99999999981,
    102.5273372277));
#801 = CARTESIAN_POINT('',(-30.08773658907,-11.10276321804,
    100.17925361329));
#802 = CARTESIAN_POINT('',(-27.8090872669,-9.308289843651,
    98.041848545128));
#803 = CARTESIAN_POINT('',(-25.97964409854,-6.714971920918,
    96.325801096108));
#804 = CARTESIAN_POINT('',(-24.79320416584,-3.519598830399,
    95.212910248513));
#805 = CARTESIAN_POINT('',(-24.38203344808,2.96868999116E-09,
    94.827216263682));
#806 = CARTESIAN_POINT('',(-24.79320417179,3.519598825303,
    95.212910208192));
#807 = CARTESIAN_POINT('',(-25.97964409055,6.714971924048,
    96.325801148352));
#808 = CARTESIAN_POINT('',(-27.80908727289,9.308289842427,
    98.041848507048));
#809 = CARTESIAN_POINT('',(-30.08773658615,11.102763218235,
    100.17925363114));
#810 = CARTESIAN_POINT('',(-32.59098532124,11.999999999915,
    102.52733722301));
#811 = CARTESIAN_POINT('',(-35.09423421813,12.000000000009,
    104.87542090176));
#812 = CARTESIAN_POINT('',(-41.57477419805,12.000000000002,
    93.844773273367));
#813 = CARTESIAN_POINT('',(-44.5402757968,12.000000000293,
    95.406048013883));
#814 = CARTESIAN_POINT('',(-47.50577719263,11.102763216515,
    96.967322783214));
#815 = CARTESIAN_POINT('',(-50.20520445215,9.308289846824,
    98.388514098938));
#816 = CARTESIAN_POINT('',(-52.37247447574,6.714971916038,99.52953925849
    ));
#817 = CARTESIAN_POINT('',(-53.77800399904,3.519598836372,
    100.26951572981));
#818 = CARTESIAN_POINT('',(-54.26510154845,-8.963309031403E-09,
    100.5259701977));
#819 = CARTESIAN_POINT('',(-53.77800399822,-3.519598820384,
    100.26951572235));
#820 = CARTESIAN_POINT('',(-52.37247447692,-6.714971927252,
    99.529539269869));
#821 = CARTESIAN_POINT('',(-50.20520445122,-9.308289840866,
    98.388514089122));
#822 = CARTESIAN_POINT('',(-47.50577719305,-11.10276321872,
    96.967322788313));
#823 = CARTESIAN_POINT('',(-44.54027579671,-11.99999999985,
    95.406048012482));
#824 = CARTESIAN_POINT('',(-38.60927259934,-12.00000000007,
    92.28349853432));
#825 = CARTESIAN_POINT('',(-35.64377120358,-11.10276321776,
    90.722223756802));
#826 = CARTESIAN_POINT('',(-32.94434394316,-9.308289843271,
    89.301032468327));
#827 = CARTESIAN_POINT('',(-30.7770739228,-6.714971922798,
    88.160007242873));
#828 = CARTESIAN_POINT('',(-29.37154439206,-3.519598826907,
    87.420030891409));
#829 = CARTESIAN_POINT('',(-28.88444685507,-1.269147733272E-09,
    87.163576257516));
#830 = CARTESIAN_POINT('',(-29.37154438963,3.519598829095,
    87.420030907563));
#831 = CARTESIAN_POINT('',(-30.77707392605,6.714971921432,
    88.160007221976));
#832 = CARTESIAN_POINT('',(-32.94434394074,9.308289843829,89.30103248349
    ));
#833 = CARTESIAN_POINT('',(-35.64377120475,11.102763217661,
    90.72222374978));
#834 = CARTESIAN_POINT('',(-38.60927259901,12.000000000035,
    92.283498536097));
#835 = CARTESIAN_POINT('',(-41.57477419805,11.999999999997,
    93.844773273386));
#836 = CARTESIAN_POINT('',(-44.52670656221,11.999999999999,
    81.845045354623));
#837 = CARTESIAN_POINT('',(-47.70276757616,11.999999999932,
    82.550387312255));
#838 = CARTESIAN_POINT('',(-50.87882836722,11.102763218131,
    83.255729275568));
#839 = CARTESIAN_POINT('',(-53.76992301351,9.308289842632,
    83.897785299524));
#840 = CARTESIAN_POINT('',(-56.09107551128,6.714971923625,84.41326985148
    ));
#841 = CARTESIAN_POINT('',(-57.59640207172,3.519598826035,
    84.747571174753));
#842 = CARTESIAN_POINT('',(-58.11808461116,2.058917132728E-09,
    84.863430640618));
#843 = CARTESIAN_POINT('',(-57.59640207191,-3.519598829708,
    84.747571176604));
#844 = CARTESIAN_POINT('',(-56.091075511,-6.714971921047,84.413269848688
    ));
#845 = CARTESIAN_POINT('',(-53.76992301373,-9.308289844003,
    83.897785301896));
#846 = CARTESIAN_POINT('',(-50.87882836712,-11.10276321762,
    83.255729274365));
#847 = CARTESIAN_POINT('',(-47.70276757618,-12.00000000003,
    82.550387312561));
#848 = CARTESIAN_POINT('',(-41.35064554824,-11.99999999998,
    81.139703396709));
#849 = CARTESIAN_POINT('',(-38.17458475718,-11.10276321783,
    80.434361434868));
#850 = CARTESIAN_POINT('',(-35.28349011105,-9.308289843474,
    79.792305406013));
#851 = CARTESIAN_POINT('',(-32.96233761262,-6.714971922025,
    79.276820866244));
#852 = CARTESIAN_POINT('',(-31.45701105376,-3.519598828272,
    78.942519520195));
#853 = CARTESIAN_POINT('',(-30.93532851165,3.574613783643E-10,
    78.826660086488));
#854 = CARTESIAN_POINT('',(-31.4570110543,3.519598827652,78.94251951634)
  );
#855 = CARTESIAN_POINT('',(-32.9623376119,6.714971922421,79.276820871216
    ));
#856 = CARTESIAN_POINT('',(-35.28349011159,9.308289843302,
    79.792305402431));
#857 = CARTESIAN_POINT('',(-38.17458475692,11.102763217874,
    80.434361436497));
#858 = CARTESIAN_POINT('',(-41.35064554831,11.99999999999,
    81.139703396321));
#859 = CARTESIAN_POINT('',(-44.52670656221,12.000000000001,
    81.845045354619));
#860 = CARTESIAN_POINT('',(-43.99581326977,12.,69.905845089157));
#861 = CARTESIAN_POINT('',(-47.13400601056,12.000000000001,
    69.759571657698));
#862 = CARTESIAN_POINT('',(-50.27219852827,11.102763217826,
    69.613298236175));
#863 = CARTESIAN_POINT('',(-53.12882258258,9.308289843423,
    69.480148927881));
#864 = CARTESIAN_POINT('',(-55.42229984762,6.714971922193,69.37324828459
    ));
#865 = CARTESIAN_POINT('',(-56.90967847664,3.519598827986,
    69.303920513726));
#866 = CARTESIAN_POINT('',(-57.42514080487,-2.260232784756E-11,
    69.279894411164));
#867 = CARTESIAN_POINT('',(-56.90967847662,-3.519598827946,
    69.303920513695));
#868 = CARTESIAN_POINT('',(-55.42229984765,-6.714971922221,
    69.373248284633));
#869 = CARTESIAN_POINT('',(-53.12882258256,-9.308289843408,
    69.480148927845));
#870 = CARTESIAN_POINT('',(-50.27219852828,-11.10276321783,
    69.613298236194));
#871 = CARTESIAN_POINT('',(-47.13400601055,-11.99999999999,
    69.759571657692));
#872 = CARTESIAN_POINT('',(-40.85762052899,-12.,70.052118520625));
#873 = CARTESIAN_POINT('',(-37.71942801124,-11.10276321782,
    70.198391942087));
#874 = CARTESIAN_POINT('',(-34.86280395704,-9.308289843421,
    70.33154125058));
#875 = CARTESIAN_POINT('',(-32.56932669178,-6.714971922196,
    70.438441893434));
#876 = CARTESIAN_POINT('',(-31.08194806309,-3.519598827981,
    70.50776966501));
#877 = CARTESIAN_POINT('',(-30.56648573448,1.513117534285E-11,
    70.531795766688));
#878 = CARTESIAN_POINT('',(-31.08194806306,3.519598827954,
    70.507769665006));
#879 = CARTESIAN_POINT('',(-32.56932669181,6.714971922215,
    70.438441893437));
#880 = CARTESIAN_POINT('',(-34.86280395701,9.308289843412,
    70.331541250582));
#881 = CARTESIAN_POINT('',(-37.71942801125,11.10276321783,
    70.198391942084));
#882 = CARTESIAN_POINT('',(-40.85762052899,12.,70.052118520628));
#883 = CARTESIAN_POINT('',(-43.99581326977,12.,69.905845089157));
#884 = CARTESIAN_POINT('',(-43.99139418271,12.,69.806464731198));
#885 = CARTESIAN_POINT('',(-47.12934258434,12.000000000001,
    69.654696383655));
#886 = CARTESIAN_POINT('',(-50.2672907629,11.102763217823,
    69.502928046075));
#887 = CARTESIAN_POINT('',(-53.12369240107,9.30828984343,69.364776845725
    ));
#888 = CARTESIAN_POINT('',(-55.41699109596,6.714971922181,
    69.253860358588));
#889 = CARTESIAN_POINT('',(-56.90425391874,3.519598828002,
    69.181928233657));
#890 = CARTESIAN_POINT('',(-57.41967611202,-3.901760482349E-11,
    69.156999541183));
#891 = CARTESIAN_POINT('',(-56.90425391872,-3.519598827932,
    69.181928233614));
#892 = CARTESIAN_POINT('',(-55.416991096,-6.71497192223,69.25386035865)
  );
#893 = CARTESIAN_POINT('',(-53.12369240104,-9.308289843403,
    69.364776845674));
#894 = CARTESIAN_POINT('',(-50.26729076291,-11.10276321783,
    69.502928046102));
#895 = CARTESIAN_POINT('',(-47.12934258433,-11.99999999999,
    69.654696383646));
#896 = CARTESIAN_POINT('',(-40.85344578108,-12.,69.958233078752));
#897 = CARTESIAN_POINT('',(-37.71549760249,-11.10276321782,
    70.110001416261));
#898 = CARTESIAN_POINT('',(-34.85909596442,-9.308289843421,
    70.248152616842));
#899 = CARTESIAN_POINT('',(-32.56579726931,-6.714971922197,
    70.359069103461));
#900 = CARTESIAN_POINT('',(-31.07853444685,-3.519598827979,
    70.431001229255));
#901 = CARTESIAN_POINT('',(-30.56311225322,1.200018133483E-11,
    70.455929920632));
#902 = CARTESIAN_POINT('',(-31.07853444682,3.519598827957,
    70.431001229276));
#903 = CARTESIAN_POINT('',(-32.56579726935,6.714971922213,
    70.359069103431));
#904 = CARTESIAN_POINT('',(-34.85909596439,9.308289843413,
    70.248152616867));
#905 = CARTESIAN_POINT('',(-37.7154976025,11.10276321783,70.110001416247
    ));
#906 = CARTESIAN_POINT('',(-40.85344578108,12.,69.958233078757));
#907 = CARTESIAN_POINT('',(-43.99139418271,12.,69.806464731198));
#908 = CARTESIAN_POINT('',(-43.98674273881,12.,69.701858926122));
#909 = CARTESIAN_POINT('',(-47.12450109887,12.000000000002,
    69.545816754958));
#910 = CARTESIAN_POINT('',(-50.26225923587,11.102763217821,
    69.389774593779));
#911 = CARTESIAN_POINT('',(-53.11848788371,9.308289843436,
    69.247733032941));
#912 = CARTESIAN_POINT('',(-55.41164769071,6.71497192217,69.133693111702
    ));
#913 = CARTESIAN_POINT('',(-56.89882044197,3.519598828017,
    69.059735378052));
#914 = CARTESIAN_POINT('',(-57.41421141918,-5.543288179941E-11,
    69.034104671201));
#915 = CARTESIAN_POINT('',(-56.89882044195,-3.519598827918,69.059735378)
  );
#916 = CARTESIAN_POINT('',(-55.41164769074,-6.71497192224,
    69.133693111777));
#917 = CARTESIAN_POINT('',(-53.11848788368,-9.308289843399,
    69.247733032878));
#918 = CARTESIAN_POINT('',(-50.26225923588,-11.10276321783,
    69.389774593812));
#919 = CARTESIAN_POINT('',(-47.12450109887,-11.99999999999,
    69.545816754948));
#920 = CARTESIAN_POINT('',(-40.84898437874,-12.,69.857901097299));
#921 = CARTESIAN_POINT('',(-37.71122624172,-11.10276321782,70.0139432584
    ));
#922 = CARTESIAN_POINT('',(-34.85499759398,-9.30828984342,
    70.155984819495));
#923 = CARTESIAN_POINT('',(-32.56183778677,-6.714971922199,
    70.270024740152));
#924 = CARTESIAN_POINT('',(-31.0746650358,-3.519598827975,
    70.343982474783));
#925 = CARTESIAN_POINT('',(-30.55927405829,8.437877470789E-12,
    70.36961318037));
#926 = CARTESIAN_POINT('',(-31.07466503576,3.51959882796,70.343982474824
    ));
#927 = CARTESIAN_POINT('',(-32.56183778682,6.714971922211,
    70.270024740097));
#928 = CARTESIAN_POINT('',(-34.85499759394,9.308289843414,
    70.155984819537));
#929 = CARTESIAN_POINT('',(-37.71122624173,11.102763217829,
    70.013943258378));
#930 = CARTESIAN_POINT('',(-40.84898437874,12.,69.857901097306));
#931 = CARTESIAN_POINT('',(-43.98674273881,12.,69.701858926122));
#932 = CARTESIAN_POINT('',(-43.98185893807,12.,69.592027673931));
#933 = CARTESIAN_POINT('',(-47.11948155416,12.000000000002,
    69.432932771609));
#934 = CARTESIAN_POINT('',(-50.25710394718,11.102763217818,
    69.273837879287));
#935 = CARTESIAN_POINT('',(-53.1132090305,9.308289843443,69.129017489529
    ));
#936 = CARTESIAN_POINT('',(-55.40626963186,6.714971922158,
    69.012746543931));
#937 = CARTESIAN_POINT('',(-56.89337804633,3.519598828033,
    68.937341946911));
#938 = CARTESIAN_POINT('',(-57.40874672633,-7.184815877534E-11,
    68.91120980122));
#939 = CARTESIAN_POINT('',(-56.89337804631,-3.519598827904,
    68.937341946852));
#940 = CARTESIAN_POINT('',(-55.40626963189,-6.714971922249,
    69.012746544017));
#941 = CARTESIAN_POINT('',(-53.11320903047,-9.308289843394,
    69.129017489458));
#942 = CARTESIAN_POINT('',(-50.25710394719,-11.10276321783,
    69.273837879324));
#943 = CARTESIAN_POINT('',(-47.11948155416,-11.99999999999,
    69.432932771598));
#944 = CARTESIAN_POINT('',(-40.84423632198,-12.,69.751122576267));
#945 = CARTESIAN_POINT('',(-37.70661392893,-11.10276321782,
    69.910217468505));
#946 = CARTESIAN_POINT('',(-34.8505088457,-9.30828984342,70.055037858538
    ));
#947 = CARTESIAN_POINT('',(-32.55744824416,-6.714971922201,
    70.171308803508));
#948 = CARTESIAN_POINT('',(-31.07033982994,-3.519598827972,
    70.246713401595));
#949 = CARTESIAN_POINT('',(-30.55497114969,4.44426375074E-12,
    70.272845545901));
#950 = CARTESIAN_POINT('',(-31.07033982989,3.519598827964,70.24671340165
    ));
#951 = CARTESIAN_POINT('',(-32.55744824421,6.714971922208,
    70.171308803435));
#952 = CARTESIAN_POINT('',(-34.85050884566,9.308289843415,
    70.055037858593));
#953 = CARTESIAN_POINT('',(-37.70661392894,11.102763217829,
    69.910217468477));
#954 = CARTESIAN_POINT('',(-40.84423632197,12.,69.751122576275));
#955 = CARTESIAN_POINT('',(-43.98185893807,12.,69.592027673931));
#956 = CARTESIAN_POINT('',(-43.97674278049,12.,69.476970974623));
#957 = CARTESIAN_POINT('',(-47.1142839502,12.000000000003,
    69.316044433607));
#958 = CARTESIAN_POINT('',(-50.25182489683,11.102763217815,
    69.155117902599));
#959 = CARTESIAN_POINT('',(-53.10785584144,9.308289843449,69.00863021549
    ));
#960 = CARTESIAN_POINT('',(-55.40085691941,6.714971922147,
    68.891020655276));
#961 = CARTESIAN_POINT('',(-56.88792673182,3.519598828048,
    68.814747940233));
#962 = CARTESIAN_POINT('',(-57.40328203348,-8.826343575127E-11,
    68.788314931239));
#963 = CARTESIAN_POINT('',(-56.88792673179,-3.51959882789,68.81474794017
    ));
#964 = CARTESIAN_POINT('',(-55.40085691945,-6.714971922259,
    68.891020655368));
#965 = CARTESIAN_POINT('',(-53.10785584141,-9.308289843389,
    69.008630215413));
#966 = CARTESIAN_POINT('',(-50.25182489684,-11.10276321783,
    69.155117902639));
#967 = CARTESIAN_POINT('',(-47.11428395019,-11.99999999999,
    69.316044433595));
#968 = CARTESIAN_POINT('',(-40.83920161078,-12.,69.637897515654));
#969 = CARTESIAN_POINT('',(-37.70166066412,-11.10276321782,
    69.798824046575));
#970 = CARTESIAN_POINT('',(-34.8456297196,-9.308289843419,
    69.945311733971));
#971 = CARTESIAN_POINT('',(-32.55262864146,-6.714971922203,
    70.062921293528));
#972 = CARTESIAN_POINT('',(-31.06555882927,-3.519598827968,
    70.13919400969));
#973 = CARTESIAN_POINT('',(-30.55020352741,1.934017467842E-14,
    70.165627017226));
#974 = CARTESIAN_POINT('',(-31.06555882922,3.519598827967,
    70.139194009754));
#975 = CARTESIAN_POINT('',(-32.55262864153,6.714971922206,
    70.062921293444));
#976 = CARTESIAN_POINT('',(-34.84562971955,9.308289843416,
    69.945311734034));
#977 = CARTESIAN_POINT('',(-37.70166066414,11.102763217829,
    69.798824046543));
#978 = CARTESIAN_POINT('',(-40.83920161078,12.,69.637897515664));
#979 = CARTESIAN_POINT('',(-43.97674278049,12.,69.476970974623));
#980 = CARTESIAN_POINT('',(-43.97139426607,12.,69.356688828199));
#981 = CARTESIAN_POINT('',(-47.10890828699,12.000000000004,
    69.195151740951));
#982 = CARTESIAN_POINT('',(-50.24642208482,11.102763217813,
    69.033614663715));
#983 = CARTESIAN_POINT('',(-53.10242831653,9.308289843456,
    68.886571210822));
#984 = CARTESIAN_POINT('',(-55.39540955336,6.714971922135,
    68.768515445737));
#985 = CARTESIAN_POINT('',(-56.88246649843,3.519598828064,
    68.691953358019));
#986 = CARTESIAN_POINT('',(-57.39781734063,-1.046787127272E-10,
    68.665420061258));
#987 = CARTESIAN_POINT('',(-56.8824664984,-3.519598827876,
    68.691953357955));
#988 = CARTESIAN_POINT('',(-55.3954095534,-6.714971922268,
    68.768515445831));
#989 = CARTESIAN_POINT('',(-53.1024283165,-9.308289843384,
    68.886571210743));
#990 = CARTESIAN_POINT('',(-50.24642208483,-11.10276321784,
    69.033614663756));
#991 = CARTESIAN_POINT('',(-47.10890828698,-11.99999999999,
    69.195151740939));
#992 = CARTESIAN_POINT('',(-40.83388024516,-12.,69.518225915462));
#993 = CARTESIAN_POINT('',(-37.6963664473,-11.10276321782,69.67976299261
    ));
#994 = CARTESIAN_POINT('',(-34.84036021567,-9.308289843419,
    69.826806445794));
#995 = CARTESIAN_POINT('',(-32.54737897869,-6.714971922205,
    69.944862210213));
#996 = CARTESIAN_POINT('',(-31.0603220338,-3.519598827964,
    70.021424299069));
#997 = CARTESIAN_POINT('',(-30.54497119147,-4.836893257395E-12,
    70.047957594345));
#998 = CARTESIAN_POINT('',(-31.06032203373,3.519598827972,
    70.021424299136));
#999 = CARTESIAN_POINT('',(-32.54737897877,6.714971922203,
    69.944862210125));
#1000 = CARTESIAN_POINT('',(-34.84036021561,9.308289843417,
    69.826806445861));
#1001 = CARTESIAN_POINT('',(-37.69636644732,11.102763217828,
    69.679762992577));
#1002 = CARTESIAN_POINT('',(-40.83388024516,12.,69.518225915472));
#1003 = CARTESIAN_POINT('',(-43.97139426607,12.,69.3566888282));
#1004 = CARTESIAN_POINT('',(-43.96581339482,12.,69.23118123466));
#1005 = CARTESIAN_POINT('',(-47.10335456453,12.000000000004,
    69.070254693643));
#1006 = CARTESIAN_POINT('',(-50.24089551115,11.10276321781,
    68.909328162635));
#1007 = CARTESIAN_POINT('',(-53.09692645578,9.308289843463,
    68.762840475525));
#1008 = CARTESIAN_POINT('',(-55.38992753372,6.714971922123,
    68.645230915313));
#1009 = CARTESIAN_POINT('',(-56.87699734617,3.519598828079,
    68.568958200269));
#1010 = CARTESIAN_POINT('',(-57.39235264778,-1.210939897031E-10,
    68.542525191276));
#1011 = CARTESIAN_POINT('',(-56.87699734614,-3.519598827862,
    68.568958200205));
#1012 = CARTESIAN_POINT('',(-55.38992753376,-6.714971922278,
    68.645230915405));
#1013 = CARTESIAN_POINT('',(-53.09692645575,-9.308289843379,
    68.762840475449));
#1014 = CARTESIAN_POINT('',(-50.24089551117,-11.10276321784,
    68.909328162675));
#1015 = CARTESIAN_POINT('',(-47.10335456452,-11.99999999999,
    69.070254693631));
#1016 = CARTESIAN_POINT('',(-40.82827222511,-12.,69.392107775691));
#1017 = CARTESIAN_POINT('',(-37.69073127846,-11.10276321782,
    69.553034306611));
#1018 = CARTESIAN_POINT('',(-34.83470033391,-9.308289843418,
    69.699521994008));
#1019 = CARTESIAN_POINT('',(-32.54169925584,-6.714971922208,
    69.817131553562));
#1020 = CARTESIAN_POINT('',(-31.05462944351,-3.51959882796,
    69.893404269731));
#1021 = CARTESIAN_POINT('',(-30.53927414186,-1.012443654548E-11,
    69.919837277258));
#1022 = CARTESIAN_POINT('',(-31.05462944344,3.519598827976,
    69.893404269795));
#1023 = CARTESIAN_POINT('',(-32.54169925594,6.7149719222,69.817131553477
    ));
#1024 = CARTESIAN_POINT('',(-34.83470033384,9.308289843419,
    69.699521994072));
#1025 = CARTESIAN_POINT('',(-37.69073127849,11.102763217827,
    69.553034306579));
#1026 = CARTESIAN_POINT('',(-40.82827222511,12.,69.3921077757));
#1027 = CARTESIAN_POINT('',(-43.96581339482,12.,69.23118123466));
#1028 = CARTESIAN_POINT('',(-43.96000016672,12.,69.100448194004));
#1029 = CARTESIAN_POINT('',(-47.09762278282,12.000000000005,
    68.941353291682));
#1030 = CARTESIAN_POINT('',(-50.23524517583,11.102763217807,
    68.78225839936));
#1031 = CARTESIAN_POINT('',(-53.09135025918,9.30828984347,
    68.637438009601));
#1032 = CARTESIAN_POINT('',(-55.38441086048,6.714971922111,
    68.521167064005));
#1033 = CARTESIAN_POINT('',(-56.87151927504,3.519598828095,
    68.445762466982));
#1034 = CARTESIAN_POINT('',(-57.38688795494,-1.37509266679E-10,
    68.419630321295));
#1035 = CARTESIAN_POINT('',(-56.87151927501,-3.519598827848,
    68.445762466923));
#1036 = CARTESIAN_POINT('',(-55.38441086052,-6.714971922287,
    68.521167064091));
#1037 = CARTESIAN_POINT('',(-53.09135025914,-9.308289843374,
    68.63743800953));
#1038 = CARTESIAN_POINT('',(-50.23524517584,-11.10276321784,
    68.782258399397));
#1039 = CARTESIAN_POINT('',(-47.09762278282,-11.99999999999,
    68.94135329167));
#1040 = CARTESIAN_POINT('',(-40.82237755063,-12.,69.25954309634));
#1041 = CARTESIAN_POINT('',(-37.6847551576,-11.10276321782,
    69.418637988577));
#1042 = CARTESIAN_POINT('',(-34.82865007432,-9.308289843417,
    69.563458378612));
#1043 = CARTESIAN_POINT('',(-32.53558947292,-6.714971922211,
    69.679729323576));
#1044 = CARTESIAN_POINT('',(-31.04848105842,-3.519598827955,
    69.755133921676));
#1045 = CARTESIAN_POINT('',(-30.53311237857,-1.584328968958E-11,
    69.781266065964));
#1046 = CARTESIAN_POINT('',(-31.04848105833,3.519598827981,
    69.755133921733));
#1047 = CARTESIAN_POINT('',(-32.53558947303,6.714971922197,
    69.679729323501));
#1048 = CARTESIAN_POINT('',(-34.82865007424,9.30828984342,69.56345837867
    ));
#1049 = CARTESIAN_POINT('',(-37.68475515763,11.102763217827,
    69.418637988548));
#1050 = CARTESIAN_POINT('',(-40.82237755063,12.,69.259543096348));
#1051 = CARTESIAN_POINT('',(-43.96000016672,12.,69.100448194004));
#1052 = CARTESIAN_POINT('',(-43.95395458179,12.,68.964489706231));
#1053 = CARTESIAN_POINT('',(-47.09171294187,12.000000000006,
    68.808447535067));
#1054 = CARTESIAN_POINT('',(-50.22947107884,11.102763217804,
    68.652405373888));
#1055 = CARTESIAN_POINT('',(-53.08569972673,9.308289843477,
    68.510363813049));
#1056 = CARTESIAN_POINT('',(-55.37885953364,6.7149719221,68.396323891813
    ));
#1057 = CARTESIAN_POINT('',(-56.86603228504,3.51959882811,
    68.322366158158));
#1058 = CARTESIAN_POINT('',(-57.38142326209,-1.53924543655E-10,
    68.296735451314));
#1059 = CARTESIAN_POINT('',(-56.866032285,-3.519598827834,
    68.322366158106));
#1060 = CARTESIAN_POINT('',(-55.37885953369,-6.714971922297,
    68.396323891888));
#1061 = CARTESIAN_POINT('',(-53.08569972669,-9.308289843368,
    68.510363812986));
#1062 = CARTESIAN_POINT('',(-50.22947107886,-11.10276321784,
    68.652405373921));
#1063 = CARTESIAN_POINT('',(-47.09171294186,-11.99999999999,
    68.808447535057));
#1064 = CARTESIAN_POINT('',(-40.81619622173,-12.,69.120531877408));
#1065 = CARTESIAN_POINT('',(-37.67843808473,-11.10276321782,
    69.276574038509));
#1066 = CARTESIAN_POINT('',(-34.8222094369,-9.308289843416,
    69.418615599607));
#1067 = CARTESIAN_POINT('',(-32.52904962992,-6.714971922213,
    69.532655520254));
#1068 = CARTESIAN_POINT('',(-31.04187687852,-3.51959882795,
    69.606613254904));
#1069 = CARTESIAN_POINT('',(-30.52648590162,-2.199345268969E-11,
    69.632243960464));
#1070 = CARTESIAN_POINT('',(-31.04187687842,3.519598827987,
    69.606613254948));
#1071 = CARTESIAN_POINT('',(-32.52904963005,6.714971922193,
    69.532655520196));
#1072 = CARTESIAN_POINT('',(-34.82220943681,9.308289843422,
    69.418615599652));
#1073 = CARTESIAN_POINT('',(-37.67843808476,11.102763217826,
    69.276574038485));
#1074 = CARTESIAN_POINT('',(-40.81619622172,12.,69.120531877416));
#1075 = CARTESIAN_POINT('',(-43.95395458179,12.,68.964489706232));
#1076 = CARTESIAN_POINT('',(-43.94767664003,12.,68.823305771343));
#1077 = CARTESIAN_POINT('',(-47.08562504166,12.000000000006,
    68.6715374238));
#1078 = CARTESIAN_POINT('',(-50.2235732202,11.102763217801,
    68.519769086221));
#1079 = CARTESIAN_POINT('',(-53.07997485843,9.308289843484,
    68.381617885869));
#1080 = CARTESIAN_POINT('',(-55.37327355321,6.714971922088,
    68.270701398737));
#1081 = CARTESIAN_POINT('',(-56.86053637616,3.519598828126,
    68.198769273798));
#1082 = CARTESIAN_POINT('',(-57.37595856924,-1.703398206309E-10,
    68.173840581333));
#1083 = CARTESIAN_POINT('',(-56.86053637612,-3.51959882782,
    68.198769273756));
#1084 = CARTESIAN_POINT('',(-55.37327355326,-6.714971922307,
    68.270701398798));
#1085 = CARTESIAN_POINT('',(-53.07997485839,-9.308289843363,
    68.381617885818));
#1086 = CARTESIAN_POINT('',(-50.22357322021,-11.10276321784,
    68.519769086248));
#1087 = CARTESIAN_POINT('',(-47.08562504166,-11.99999999999,
    68.671537423792));
#1088 = CARTESIAN_POINT('',(-40.80972823839,-12.,68.975074118898));
#1089 = CARTESIAN_POINT('',(-37.67178005983,-11.10276321782,
    69.126842456406));
#1090 = CARTESIAN_POINT('',(-34.81537842165,-9.308289843416,
    69.264993656992));
#1091 = CARTESIAN_POINT('',(-32.52207972684,-6.714971922216,
    69.375910143597));
#1092 = CARTESIAN_POINT('',(-31.03481690381,-3.519598827945,
    69.447842269416));
#1093 = CARTESIAN_POINT('',(-30.519394711,-2.857492554581E-11,
    69.472770960757));
#1094 = CARTESIAN_POINT('',(-31.0348169037,3.519598827992,
    69.447842269441));
#1095 = CARTESIAN_POINT('',(-32.52207972699,6.71497192219,
    69.375910143563));
#1096 = CARTESIAN_POINT('',(-34.81537842155,9.308289843424,
    69.26499365702));
#1097 = CARTESIAN_POINT('',(-37.67178005988,11.102763217826,
    69.12684245639));
#1098 = CARTESIAN_POINT('',(-40.80972823838,12.,68.975074118903));
#1099 = CARTESIAN_POINT('',(-43.94767664003,12.,68.823305771343));
#1100 = CARTESIAN_POINT('',(-43.94116634142,12.,68.676896389339));
#1101 = CARTESIAN_POINT('',(-47.07935908221,12.000000000007,
    68.53062295788));
#1102 = CARTESIAN_POINT('',(-50.2175515999,11.102763217798,
    68.384349536358));
#1103 = CARTESIAN_POINT('',(-53.07417565428,9.308289843491,
    68.25120022806));
#1104 = CARTESIAN_POINT('',(-55.36765291918,6.714971922076,
    68.144299584776));
#1105 = CARTESIAN_POINT('',(-56.85503154841,3.519598828142,
    68.074971813902));
#1106 = CARTESIAN_POINT('',(-57.37049387639,-1.867550976068E-10,
    68.050945711351));
#1107 = CARTESIAN_POINT('',(-56.85503154837,-3.519598827806,
    68.074971813872));
#1108 = CARTESIAN_POINT('',(-55.36765291923,-6.714971922317,
    68.144299584819));
#1109 = CARTESIAN_POINT('',(-53.07417565425,-9.308289843358,
    68.251200228025));
#1110 = CARTESIAN_POINT('',(-50.21755159991,-11.10276321785,
    68.384349536377));
#1111 = CARTESIAN_POINT('',(-47.07935908221,-11.99999999999,
    68.530622957873));
#1112 = CARTESIAN_POINT('',(-40.80297360063,-12.,68.823169820807));
#1113 = CARTESIAN_POINT('',(-37.66478108293,-11.10276321782,
    68.969443242268));
#1114 = CARTESIAN_POINT('',(-34.80815702857,-9.308289843415,
    69.102592550767));
#1115 = CARTESIAN_POINT('',(-32.51467976368,-6.71497192222,
    69.209493193604));
#1116 = CARTESIAN_POINT('',(-31.0273011343,-3.519598827939,
    69.278820965211));
#1117 = CARTESIAN_POINT('',(-30.5118388067,-3.558770825795E-11,
    69.302847066844));
#1118 = CARTESIAN_POINT('',(-31.02730113416,3.519598827998,
    69.278820965212));
#1119 = CARTESIAN_POINT('',(-32.51467976385,6.714971922186,
    69.209493193601));
#1120 = CARTESIAN_POINT('',(-34.80815702846,9.308289843426,
    69.102592550773));
#1121 = CARTESIAN_POINT('',(-37.66478108297,11.102763217825,
    68.969443242263));
#1122 = CARTESIAN_POINT('',(-40.80297360062,12.000000000001,
    68.82316982081));
#1123 = CARTESIAN_POINT('',(-43.94116634142,12.,68.676896389339));
#1124 = CARTESIAN_POINT('',(-43.93442368597,12.,68.525261560218));
#1125 = CARTESIAN_POINT('',(-47.07291506351,12.000000000008,
    68.385704137307));
#1126 = CARTESIAN_POINT('',(-50.21140621793,11.102763217795,
    68.246146724299));
#1127 = CARTESIAN_POINT('',(-53.06830211429,9.308289843498,
    68.119110839623));
#1128 = CARTESIAN_POINT('',(-55.36199763156,6.714971922063,
    68.017118449931));
#1129 = CARTESIAN_POINT('',(-56.84951780179,3.519598828157,
    67.95097377847));
#1130 = CARTESIAN_POINT('',(-57.36502918354,-2.031703745828E-10,
    67.92805084137));
#1131 = CARTESIAN_POINT('',(-56.84951780175,-3.519598827792,
    67.950973778454));
#1132 = CARTESIAN_POINT('',(-55.3619976316,-6.714971922327,
    68.017118449951));
#1133 = CARTESIAN_POINT('',(-53.06830211425,-9.308289843352,
    68.119110839608));
#1134 = CARTESIAN_POINT('',(-50.21140621795,-11.10276321785,
    68.246146724308));
#1135 = CARTESIAN_POINT('',(-47.0729150635,-11.99999999999,
    68.385704137303));
#1136 = CARTESIAN_POINT('',(-40.79593230844,-12.,68.664818983137));
#1137 = CARTESIAN_POINT('',(-37.657441154,-11.10276321782,
    68.804376396095));
#1138 = CARTESIAN_POINT('',(-34.80054525767,-9.308289843414,
    68.931412280933));
#1139 = CARTESIAN_POINT('',(-32.50684974045,-6.714971922223,
    69.033404670276));
#1140 = CARTESIAN_POINT('',(-31.01932956997,-3.519598827933,
    69.099549342289));
#1141 = CARTESIAN_POINT('',(-30.50381818874,-4.303180082609E-11,
    69.122472278725));
#1142 = CARTESIAN_POINT('',(-31.01932956982,3.519598828005,
    69.099549342261));
#1143 = CARTESIAN_POINT('',(-32.50684974064,6.714971922182,
    69.033404670311));
#1144 = CARTESIAN_POINT('',(-34.80054525754,9.308289843428,
    68.931412280911));
#1145 = CARTESIAN_POINT('',(-37.65744115405,11.102763217824,
    68.804376396103));
#1146 = CARTESIAN_POINT('',(-40.79593230843,12.000000000001,
    68.664818983137));
#1147 = CARTESIAN_POINT('',(-43.93442368597,12.,68.525261560218));
#1148 = DEFINITIONAL_REPRESENTATION('',(#1149),#1207);
#1149 = B_SPLINE_CURVE_WITH_KNOTS('',6,(#1150,#1151,#1152,#1153,#1154,
    #1155,#1156,#1157,#1158,#1159,#1160,#1161,#1162,#1163,#1164,#1165,
    #1166,#1167,#1168,#1169,#1170,#1171,#1172,#1173,#1174,#1175,#1176,
    #1177,#1178,#1179,#1180,#1181,#1182,#1183,#1184,#1185,#1186,#1187,
    #1188,#1189,#1190,#1191,#1192,#1193,#1194,#1195,#1196,#1197,#1198,
    #1199,#1200,#1201,#1202,#1203,#1204,#1205,#1206),.UNSPECIFIED.,.F.,
  .F.,(7,5,5,5,5,5,5,5,5,5,5,7),(0.,0.12951795261,0.217528883178,
    0.309528724939,0.499486302444,0.688998828386,0.780998503867,
    0.86900927273,0.94102552725,0.97103383549,0.985037868721,1.),
  .UNSPECIFIED.);
#1150 = CARTESIAN_POINT('',(1.702932934966E-10,4.712388980385));
#1151 = CARTESIAN_POINT('',(4.104759349142E-04,4.780183812844));
#1152 = CARTESIAN_POINT('',(8.073361954049E-04,4.847983853709));
#1153 = CARTESIAN_POINT('',(1.188053896448E-03,4.915780117047));
#1154 = CARTESIAN_POINT('',(1.55087411258E-03,4.983577661631));
#1155 = CARTESIAN_POINT('',(1.894471736397E-03,5.051382735805));
#1156 = CARTESIAN_POINT('',(2.437528493545E-03,5.165259251678));
#1157 = CARTESIAN_POINT('',(2.647904363997E-03,5.211334694852));
#1158 = CARTESIAN_POINT('',(2.848620950978E-03,5.257410492709));
#1159 = CARTESIAN_POINT('',(3.03944182991E-03,5.303487427615));
#1160 = CARTESIAN_POINT('',(3.220186829125E-03,5.349566258886));
#1161 = CARTESIAN_POINT('',(3.568956014703E-03,5.443813411048));
#1162 = CARTESIAN_POINT('',(3.736038282209E-03,5.491983291517));
#1163 = CARTESIAN_POINT('',(3.891783510433E-03,5.540153468496));
#1164 = CARTESIAN_POINT('',(4.03608339268E-03,5.588324859668));
#1165 = CARTESIAN_POINT('',(4.168856925733E-03,5.636498364959));
#1166 = CARTESIAN_POINT('',(4.540258761472E-03,5.784139376292));
#1167 = CARTESIAN_POINT('',(4.741153855996E-03,5.88364109798));
#1168 = CARTESIAN_POINT('',(4.891990604133E-03,5.983111860916));
#1169 = CARTESIAN_POINT('',(4.9929052247E-03,6.082585254156));
#1170 = CARTESIAN_POINT('',(5.043671981802E-03,6.182094879601));
#1171 = CARTESIAN_POINT('',(5.045022010556E-03,6.380821531504));
#1172 = CARTESIAN_POINT('',(4.995840130449E-03,6.480097750279));
#1173 = CARTESIAN_POINT('',(4.896744171673E-03,6.579338203986));
#1174 = CARTESIAN_POINT('',(4.747956600136E-03,6.678576039806));
#1175 = CARTESIAN_POINT('',(4.549341322075E-03,6.777844544688));
#1176 = CARTESIAN_POINT('',(4.181359712758E-03,6.925252662126));
#1177 = CARTESIAN_POINT('',(4.049508827802E-03,6.973426162513));
#1178 = CARTESIAN_POINT('',(3.906126823605E-03,7.021597552971));
#1179 = CARTESIAN_POINT('',(3.751293329125E-03,7.0697677323));
#1180 = CARTESIAN_POINT('',(3.585114850162E-03,7.117937616986));
#1181 = CARTESIAN_POINT('',(3.238093852823E-03,7.21218477677));
#1182 = CARTESIAN_POINT('',(3.058194154991E-03,7.258263611522));
#1183 = CARTESIAN_POINT('',(2.868207070109E-03,7.304340549063));
#1184 = CARTESIAN_POINT('',(2.668310277764E-03,7.350416347539));
#1185 = CARTESIAN_POINT('',(2.458737180605E-03,7.396491788132));
#1186 = CARTESIAN_POINT('',(2.06065403046E-03,7.48026618288));
#1187 = CARTESIAN_POINT('',(1.875236965974E-03,7.517966192533));
#1188 = CARTESIAN_POINT('',(1.683715030075E-03,7.555665588988));
#1189 = CARTESIAN_POINT('',(1.486292451264E-03,7.593364379665));
#1190 = CARTESIAN_POINT('',(1.283213095268E-03,7.631062581411));
#1191 = CARTESIAN_POINT('',(9.879007578309E-04,7.684468373894));
#1192 = CARTESIAN_POINT('',(9.001082962497E-04,7.700176444791));
#1193 = CARTESIAN_POINT('',(8.114038399236E-04,7.715884437579));
#1194 = CARTESIAN_POINT('',(7.218096896822E-04,7.731592356907));
#1195 = CARTESIAN_POINT('',(6.313496875507E-04,7.747300207677));
#1196 = CARTESIAN_POINT('',(4.97441855584E-04,7.770338377505));
#1197 = CARTESIAN_POINT('',(4.546513800899E-04,7.777668759989));
#1198 = CARTESIAN_POINT('',(4.116803772048E-04,7.784999142487));
#1199 = CARTESIAN_POINT('',(3.685315154961E-04,7.792329524988));
#1200 = CARTESIAN_POINT('',(3.252075451611E-04,7.799659907481));
#1201 = CARTESIAN_POINT('',(2.352392175185E-04,7.814822186885));
#1202 = CARTESIAN_POINT('',(1.885497304472E-04,7.822654066037));
#1203 = CARTESIAN_POINT('',(1.416957632812E-04,7.830485935545));
#1204 = CARTESIAN_POINT('',(9.468143140426E-05,7.838317797689));
#1205 = CARTESIAN_POINT('',(4.746203911593E-05,7.846149648901));
#1206 = CARTESIAN_POINT('',(-5.592036849511E-08,7.853981479755));
#1207 = ( GEOMETRIC_REPRESENTATION_CONTEXT(2) 
PARAMETRIC_REPRESENTATION_CONTEXT() REPRESENTATION_CONTEXT('2D SPACE',''
  ) );
#1208 = ORIENTED_EDGE('',*,*,#1209,.F.);
#1209 = EDGE_CURVE('',#162,#184,#1210,.T.);
#1210 = SURFACE_CURVE('',#1211,(#1274,#1340),.PCURVE_S1.);
#1211 = B_SPLINE_CURVE_WITH_KNOTS('',6,(#1212,#1213,#1214,#1215,#1216,
    #1217,#1218,#1219,#1220,#1221,#1222,#1223,#1224,#1225,#1226,#1227,
    #1228,#1229,#1230,#1231,#1232,#1233,#1234,#1235,#1236,#1237,#1238,
    #1239,#1240,#1241,#1242,#1243,#1244,#1245,#1246,#1247,#1248,#1249,
    #1250,#1251,#1252,#1253,#1254,#1255,#1256,#1257,#1258,#1259,#1260,
    #1261,#1262,#1263,#1264,#1265,#1266,#1267,#1268,#1269,#1270,#1271,
    #1272,#1273),.UNSPECIFIED.,.F.,.F.,(7,5,5,5,5,5,5,5,5,5,5,5,7),(0.,
    1.963793154676E-02,0.165665714916,0.249672676676,0.333669085888,
    0.493633908044,0.665414717143,0.749411035437,0.833417904543,
    0.941439042578,0.971446752641,0.985450428406,1.),.UNSPECIFIED.);
#1212 = CARTESIAN_POINT('',(43.999998374106,12.,70.000000618531));
#1213 = CARTESIAN_POINT('',(43.876642479648,11.999999983022,
    70.002739963465));
#1214 = CARTESIAN_POINT('',(43.753286709391,11.998478300407,
    70.005484071623));
#1215 = CARTESIAN_POINT('',(43.629954132405,11.995434948175,
    70.008222031161));
#1216 = CARTESIAN_POINT('',(43.506668651776,11.99087041001,
    70.010963163271));
#1217 = CARTESIAN_POINT('',(43.383453410883,11.984785648241,
    70.013700901557));
#1218 = CARTESIAN_POINT('',(42.344799208011,11.920642061009,
    70.036781949681));
#1219 = CARTESIAN_POINT('',(41.434350855122,11.780115890915,
    70.057014215108));
#1220 = CARTESIAN_POINT('',(40.538824223985,11.55617723271,
    70.07691515248));
#1221 = CARTESIAN_POINT('',(39.667613581486,11.2509682621,
    70.096275404791));
#1222 = CARTESIAN_POINT('',(38.829752331449,10.867848713748,
    70.114894519661));
#1223 = CARTESIAN_POINT('',(37.5758839355,10.149347633495,
    70.142758161487));
#1224 = CARTESIAN_POINT('',(37.131813237296,9.862781232357,
    70.152626352691));
#1225 = CARTESIAN_POINT('',(36.703180694776,9.552957788289,
    70.162151478481));
#1226 = CARTESIAN_POINT('',(36.291495436143,9.220924934507,
    70.171300012881));
#1227 = CARTESIAN_POINT('',(35.8981690212,8.867859249574,70.18004059177)
  );
#1228 = CARTESIAN_POINT('',(35.150906465094,8.122319034808,
    70.196646438957));
#1229 = CARTESIAN_POINT('',(34.796956843719,7.729840940423,70.2045120071
    ));
#1230 = CARTESIAN_POINT('',(34.463976819205,7.318937035102,
    70.211911595522));
#1231 = CARTESIAN_POINT('',(34.153150708312,6.89101296128,
    70.218818877928));
#1232 = CARTESIAN_POINT('',(33.865534743727,6.447573594152,
    70.225210374231));
#1233 = CARTESIAN_POINT('',(33.100280854694,5.119231050913,
    70.242216079139));
#1234 = CARTESIAN_POINT('',(32.685957460204,4.197629209563,
    70.251423275737));
#1235 = CARTESIAN_POINT('',(32.36566377569,3.236689866353,
    70.258540858999));
#1236 = CARTESIAN_POINT('',(32.143665386879,2.248376035275,
    70.263474074216));
#1237 = CARTESIAN_POINT('',(32.022508978383,1.245133964774,
    70.266166393945));
#1238 = CARTESIAN_POINT('',(31.980807154955,-0.839328937403,
    70.267093085319));
#1239 = CARTESIAN_POINT('',(32.07573330689,-1.921237806457,
    70.26498364975));
#1240 = CARTESIAN_POINT('',(32.287589810499,-2.989463898252,
    70.260275819148));
#1241 = CARTESIAN_POINT('',(32.613602386049,-4.028522165552,
    70.253031166666));
#1242 = CARTESIAN_POINT('',(33.048762769784,-5.023503957457,
    70.243360928926));
#1243 = CARTESIAN_POINT('',(33.847083735626,-6.418479775297,
    70.225620398515));
#1244 = CARTESIAN_POINT('',(34.133426688164,-6.862742294073,
    70.219257191683));
#1245 = CARTESIAN_POINT('',(34.443024214714,-7.291556175004,
    70.212377211172));
#1246 = CARTESIAN_POINT('',(34.774824401694,-7.703413507993,
    70.205003841027));
#1247 = CARTESIAN_POINT('',(35.127646963822,-8.09690524921,
    70.197163317994));
#1248 = CARTESIAN_POINT('',(35.872768298248,-8.844585793267,
    70.180605051925));
#1249 = CARTESIAN_POINT('',(36.265080540292,-9.198778200737,
    70.171887009278));
#1250 = CARTESIAN_POINT('',(36.675811874611,-9.531990502847,
    70.162759672269));
#1251 = CARTESIAN_POINT('',(37.103554111487,-9.84304207245,
    70.153254330423));
#1252 = CARTESIAN_POINT('',(37.546801122109,-10.1308809509,
    70.143404443317));
#1253 = CARTESIAN_POINT('',(38.591779820576,-10.73367027767,
    70.120182779355));
#1254 = CARTESIAN_POINT('',(39.202622559826,-11.03286604642,
    70.106608528252));
#1255 = CARTESIAN_POINT('',(39.833054949273,-11.29019649526,
    70.092598913031));
#1256 = CARTESIAN_POINT('',(40.479489833267,-11.5041249307,
    70.078233601874));
#1257 = CARTESIAN_POINT('',(41.138200403722,-11.67349687163,
    70.063595461348));
#1258 = CARTESIAN_POINT('',(41.990619999701,-11.83207179982,
    70.044652708337));
#1259 = CARTESIAN_POINT('',(42.176586750534,-11.86305297892,
    70.040520097056));
#1260 = CARTESIAN_POINT('',(42.363120441075,-11.8905256068,
    70.036374893125));
#1261 = CARTESIAN_POINT('',(42.550138399148,-11.91447701314,
    70.032218935313));
#1262 = CARTESIAN_POINT('',(42.737557598553,-11.93489712425,
    70.02805406976));
#1263 = CARTESIAN_POINT('',(43.01290577364,-11.9596564649,
    70.021935243273));
#1264 = CARTESIAN_POINT('',(43.100586187727,-11.96676379919,
    70.019986798578));
#1265 = CARTESIAN_POINT('',(43.18832742562,-11.97309970379,
    70.018037004277));
#1266 = CARTESIAN_POINT('',(43.276121003178,-11.97866354104,
    70.01608604885));
#1267 = CARTESIAN_POINT('',(43.363958427827,-11.98345479771,
    70.014134120876));
#1268 = CARTESIAN_POINT('',(43.543129454128,-11.99164801459,
    70.010152575943));
#1269 = CARTESIAN_POINT('',(43.634465743784,-11.99498853307,
    70.008121953037));
#1270 = CARTESIAN_POINT('',(43.725830705911,-11.99749420792,
    70.006091984535));
#1271 = CARTESIAN_POINT('',(43.817214827456,-11.99916475023,
    70.004062915301));
#1272 = CARTESIAN_POINT('',(43.908608443928,-12.00000001478,
    70.002032790839));
#1273 = CARTESIAN_POINT('',(44.000001739402,-12.,69.999997457293));
#1274 = PCURVE('',#145,#1275);
#1275 = DEFINITIONAL_REPRESENTATION('',(#1276),#1339);
#1276 = B_SPLINE_CURVE_WITH_KNOTS('',6,(#1277,#1278,#1279,#1280,#1281,
    #1282,#1283,#1284,#1285,#1286,#1287,#1288,#1289,#1290,#1291,#1292,
    #1293,#1294,#1295,#1296,#1297,#1298,#1299,#1300,#1301,#1302,#1303,
    #1304,#1305,#1306,#1307,#1308,#1309,#1310,#1311,#1312,#1313,#1314,
    #1315,#1316,#1317,#1318,#1319,#1320,#1321,#1322,#1323,#1324,#1325,
    #1326,#1327,#1328,#1329,#1330,#1331,#1332,#1333,#1334,#1335,#1336,
    #1337,#1338),.UNSPECIFIED.,.F.,.F.,(7,5,5,5,5,5,5,5,5,5,5,5,7),(0.,
    1.963793154676E-02,0.165665714916,0.249672676676,0.333669085888,
    0.493633908044,0.665414717143,0.749411035437,0.833417904543,
    0.941439042578,0.971446752641,0.985450428406,1.),.UNSPECIFIED.);
#1277 = CARTESIAN_POINT('',(1.354911779809E-07,22.000000618531));
#1278 = CARTESIAN_POINT('',(1.027979336272E-02,22.002739963465));
#1279 = CARTESIAN_POINT('',(2.055944090135E-02,22.005484071623));
#1280 = CARTESIAN_POINT('',(3.083911095964E-02,22.008222031161));
#1281 = CARTESIAN_POINT('',(4.111876689869E-02,22.010963163271));
#1282 = CARTESIAN_POINT('',(5.139843413741E-02,22.013700901557));
#1283 = CARTESIAN_POINT('',(0.13811784729,22.036781949681));
#1284 = CARTESIAN_POINT('',(0.214565998741,22.057014215108));
#1285 = CARTESIAN_POINT('',(0.291006044773,22.07691515248));
#1286 = CARTESIAN_POINT('',(0.367447998503,22.096275404791));
#1287 = CARTESIAN_POINT('',(0.443901822266,22.114894519661));
#1288 = CARTESIAN_POINT('',(0.564330159552,22.142758161487));
#1289 = CARTESIAN_POINT('',(0.608311163733,22.152626352691));
#1290 = CARTESIAN_POINT('',(0.652292630391,22.162151478481));
#1291 = CARTESIAN_POINT('',(0.696275198967,22.171300012881));
#1292 = CARTESIAN_POINT('',(0.740259485129,22.18004059177));
#1293 = CARTESIAN_POINT('',(0.828223790531,22.196646438957));
#1294 = CARTESIAN_POINT('',(0.872204819288,22.2045120071));
#1295 = CARTESIAN_POINT('',(0.916186386694,22.211911595522));
#1296 = CARTESIAN_POINT('',(0.960169057799,22.218818877928));
#1297 = CARTESIAN_POINT('',(1.00415337378,22.225210374231));
#1298 = CARTESIAN_POINT('',(1.131903874618,22.242216079139));
#1299 = CARTESIAN_POINT('',(1.215685996213,22.251423275737));
#1300 = CARTESIAN_POINT('',(1.299456188851,22.258540858999));
#1301 = CARTESIAN_POINT('',(1.383228534868,22.263474074216));
#1302 = CARTESIAN_POINT('',(1.467017068835,22.266166393945));
#1303 = CARTESIAN_POINT('',(1.640757069199,22.267093085319));
#1304 = CARTESIAN_POINT('',(1.730739560786,22.26498364975));
#1305 = CARTESIAN_POINT('',(1.820699649062,22.260275819148));
#1306 = CARTESIAN_POINT('',(1.910657433351,22.253031166666));
#1307 = CARTESIAN_POINT('',(2.000633059723,22.243360928926));
#1308 = CARTESIAN_POINT('',(2.134571112798,22.225620398515));
#1309 = CARTESIAN_POINT('',(2.178555433245,22.219257191683));
#1310 = CARTESIAN_POINT('',(2.222538111298,22.212377211172));
#1311 = CARTESIAN_POINT('',(2.266519687359,22.205003841027));
#1312 = CARTESIAN_POINT('',(2.310500725672,22.197163317994));
#1313 = CARTESIAN_POINT('',(2.398465049208,22.180605051925));
#1314 = CARTESIAN_POINT('',(2.442449344021,22.171887009278));
#1315 = CARTESIAN_POINT('',(2.486431920346,22.162759672269));
#1316 = CARTESIAN_POINT('',(2.530413393043,22.153254330423));
#1317 = CARTESIAN_POINT('',(2.574394400785,22.143404443317));
#1318 = CARTESIAN_POINT('',(2.674925471601,22.120182779355));
#1319 = CARTESIAN_POINT('',(2.731477189494,22.106608528252));
#1320 = CARTESIAN_POINT('',(2.788025354074,22.092598913031));
#1321 = CARTESIAN_POINT('',(2.844572289183,22.078233601874));
#1322 = CARTESIAN_POINT('',(2.901120347766,22.063595461348));
#1323 = CARTESIAN_POINT('',(2.973374008547,22.044652708337));
#1324 = CARTESIAN_POINT('',(2.989082028448,22.040520097056));
#1325 = CARTESIAN_POINT('',(3.004790003427,22.036374893125));
#1326 = CARTESIAN_POINT('',(3.020497939463,22.032218935313));
#1327 = CARTESIAN_POINT('',(3.036205842649,22.02805406976));
#1328 = CARTESIAN_POINT('',(3.059244102264,22.021935243273));
#1329 = CARTESIAN_POINT('',(3.066574485377,22.019986798578));
#1330 = CARTESIAN_POINT('',(3.073904868515,22.018037004277));
#1331 = CARTESIAN_POINT('',(3.081235251669,22.01608604885));
#1332 = CARTESIAN_POINT('',(3.088565634826,22.014134120876));
#1333 = CARTESIAN_POINT('',(3.103512156502,22.010152575943));
#1334 = CARTESIAN_POINT('',(3.111128284808,22.008121953037));
#1335 = CARTESIAN_POINT('',(3.118744417266,22.006091984535));
#1336 = CARTESIAN_POINT('',(3.126360555932,22.004062915301));
#1337 = CARTESIAN_POINT('',(3.133976690548,22.002032790839));
#1338 = CARTESIAN_POINT('',(3.14159279854,21.999997457293));
#1339 = ( GEOMETRIC_REPRESENTATION_CONTEXT(2) 
PARAMETRIC_REPRESENTATION_CONTEXT() REPRESENTATION_CONTEXT('2D SPACE',''
  ) );
#1340 = PCURVE('',#307,#1341);
#1341 = DEFINITIONAL_REPRESENTATION('',(#1342),#1405);
#1342 = B_SPLINE_CURVE_WITH_KNOTS('',6,(#1343,#1344,#1345,#1346,#1347,
    #1348,#1349,#1350,#1351,#1352,#1353,#1354,#1355,#1356,#1357,#1358,
    #1359,#1360,#1361,#1362,#1363,#1364,#1365,#1366,#1367,#1368,#1369,
    #1370,#1371,#1372,#1373,#1374,#1375,#1376,#1377,#1378,#1379,#1380,
    #1381,#1382,#1383,#1384,#1385,#1386,#1387,#1388,#1389,#1390,#1391,
    #1392,#1393,#1394,#1395,#1396,#1397,#1398,#1399,#1400,#1401,#1402,
    #1403,#1404),.UNSPECIFIED.,.F.,.F.,(7,5,5,5,5,5,5,5,5,5,5,5,7),(0.,
    1.963793154676E-02,0.165665714916,0.249672676676,0.333669085888,
    0.493633908044,0.665414717143,0.749411035437,0.833417904543,
    0.941439042578,0.971446752641,0.985450428406,1.),.UNSPECIFIED.);
#1343 = CARTESIAN_POINT('',(1.238990277735E-08,10.995574149917));
#1344 = CARTESIAN_POINT('',(-6.22701012192E-05,10.985294499069));
#1345 = CARTESIAN_POINT('',(-1.247522788744E-04,10.975014840878));
#1346 = CARTESIAN_POINT('',(-1.876556504971E-04,10.964735181004));
#1347 = CARTESIAN_POINT('',(-2.507413595825E-04,10.954455519622));
#1348 = CARTESIAN_POINT('',(-3.141311157476E-04,10.944175853723));
#1349 = CARTESIAN_POINT('',(-8.508957235732E-04,10.857456440663));
#1350 = CARTESIAN_POINT('',(-1.337687835369E-03,10.781008288686));
#1351 = CARTESIAN_POINT('',(-1.831376486564E-03,10.704568242699));
#1352 = CARTESIAN_POINT('',(-2.323660261977E-03,10.628126288972));
#1353 = CARTESIAN_POINT('',(-2.805749895381E-03,10.551672465268));
#1354 = CARTESIAN_POINT('',(-3.536604422106E-03,10.431244128034));
#1355 = CARTESIAN_POINT('',(-3.797523230175E-03,10.387263123866));
#1356 = CARTESIAN_POINT('',(-4.05094980867E-03,10.343281657211));
#1357 = CARTESIAN_POINT('',(-4.295495167229E-03,10.299299088629));
#1358 = CARTESIAN_POINT('',(-4.529914527689E-03,10.255314802458));
#1359 = CARTESIAN_POINT('',(-4.976321582219E-03,10.167350497034));
#1360 = CARTESIAN_POINT('',(-5.188316716057E-03,10.123369468266));
#1361 = CARTESIAN_POINT('',(-5.388036178174E-03,10.079387900851));
#1362 = CARTESIAN_POINT('',(-5.574578826986E-03,10.035405229742));
#1363 = CARTESIAN_POINT('',(-5.747202945736E-03,9.991420913761));
#1364 = CARTESIAN_POINT('',(-6.206399914213E-03,9.863670412933));
#1365 = CARTESIAN_POINT('',(-6.454881181802E-03,9.779888291355));
#1366 = CARTESIAN_POINT('',(-6.646459248812E-03,9.696118098738));
#1367 = CARTESIAN_POINT('',(-6.779025562353E-03,9.612345752721));
#1368 = CARTESIAN_POINT('',(-6.851361066539E-03,9.528557218744));
#1369 = CARTESIAN_POINT('',(-6.876257928894E-03,9.354817218356));
#1370 = CARTESIAN_POINT('',(-6.819581737917E-03,9.264834726754));
#1371 = CARTESIAN_POINT('',(-6.69313909152E-03,9.174874638473));
#1372 = CARTESIAN_POINT('',(-6.498260543673E-03,9.084916854206));
#1373 = CARTESIAN_POINT('',(-6.237309350448E-03,8.994941227854));
#1374 = CARTESIAN_POINT('',(-5.758276685484E-03,8.861003174789));
#1375 = CARTESIAN_POINT('',(-5.586416510186E-03,8.817018854342));
#1376 = CARTESIAN_POINT('',(-5.400607268447E-03,8.773036176286));
#1377 = CARTESIAN_POINT('',(-5.201585533698E-03,8.729054600216));
#1378 = CARTESIAN_POINT('',(-4.990247013402E-03,8.685073561892));
#1379 = CARTESIAN_POINT('',(-4.54506014593E-03,8.597109238335));
#1380 = CARTESIAN_POINT('',(-4.311204365801E-03,8.553124943512));
#1381 = CARTESIAN_POINT('',(-4.067170635576E-03,8.509142367181));
#1382 = CARTESIAN_POINT('',(-3.814198420755E-03,8.465160894486));
#1383 = CARTESIAN_POINT('',(-3.553672134485E-03,8.421179886757));
#1384 = CARTESIAN_POINT('',(-2.944318574512E-03,8.320648815983));
#1385 = CARTESIAN_POINT('',(-2.591521865835E-03,8.264097098125));
#1386 = CARTESIAN_POINT('',(-2.231904441837E-03,8.207548933575));
#1387 = CARTESIAN_POINT('',(-1.868910611943E-03,8.151001998482));
#1388 = CARTESIAN_POINT('',(-1.505987626879E-03,8.094453939804));
#1389 = CARTESIAN_POINT('',(-1.046372189542E-03,8.022200278862));
#1390 = CARTESIAN_POINT('',(-9.466992195524E-04,8.006492258924));
#1391 = CARTESIAN_POINT('',(-8.473419461593E-04,7.990784283907));
#1392 = CARTESIAN_POINT('',(-7.483655608726E-04,7.975076347835));
#1393 = CARTESIAN_POINT('',(-6.498329703267E-04,7.959368444621));
#1394 = CARTESIAN_POINT('',(-5.060580611133E-04,7.936330184987));
#1395 = CARTESIAN_POINT('',(-4.604211235294E-04,7.928999801871));
#1396 = CARTESIAN_POINT('',(-4.14900129917E-04,7.921669418734));
#1397 = CARTESIAN_POINT('',(-3.695010945427E-04,7.914339035586));
#1398 = CARTESIAN_POINT('',(-3.24229899551E-04,7.907008652441));
#1399 = CARTESIAN_POINT('',(-2.321951216398E-04,7.892062130806));
#1400 = CARTESIAN_POINT('',(-1.85463682335E-04,7.884445999025));
#1401 = CARTESIAN_POINT('',(-1.388536089286E-04,7.876829867878));
#1402 = CARTESIAN_POINT('',(-9.237040113128E-05,7.869213735435));
#1403 = CARTESIAN_POINT('',(-4.606942648618E-05,7.86159760393));
#1404 = CARTESIAN_POINT('',(-5.59203684955E-08,7.853981479755));
#1405 = ( GEOMETRIC_REPRESENTATION_CONTEXT(2) 
PARAMETRIC_REPRESENTATION_CONTEXT() REPRESENTATION_CONTEXT('2D SPACE',''
  ) );
#1406 = ORIENTED_EDGE('',*,*,#161,.F.);
#1407 = ORIENTED_EDGE('',*,*,#130,.F.);
#1408 = ADVANCED_FACE('',(#1409),#307,.T.);
#1409 = FACE_BOUND('',#1410,.T.);
#1410 = EDGE_LOOP('',(#1411,#1465,#1670,#1823,#1824,#1825));
#1411 = ORIENTED_EDGE('',*,*,#1412,.T.);
#1412 = EDGE_CURVE('',#162,#1413,#1415,.T.);
#1413 = VERTEX_POINT('',#1414);
#1414 = CARTESIAN_POINT('',(-44.,12.,70.));
#1415 = SEAM_CURVE('',#1416,(#1452,#1458),.PCURVE_S1.);
#1416 = B_SPLINE_CURVE_WITH_KNOTS('',12,(#1417,#1418,#1419,#1420,#1421,
    #1422,#1423,#1424,#1425,#1426,#1427,#1428,#1429,#1430,#1431,#1432,
    #1433,#1434,#1435,#1436,#1437,#1438,#1439,#1440,#1441,#1442,#1443,
    #1444,#1445,#1446,#1447,#1448,#1449,#1450,#1451),.UNSPECIFIED.,.F.,
  .F.,(13,11,11,13),(-2.56786120364E-02,0.,3.230466914897,3.256145526945
    ),.UNSPECIFIED.);
#1417 = CARTESIAN_POINT('',(43.934423685978,12.,68.525261560218));
#1418 = CARTESIAN_POINT('',(43.941166341425,12.,68.676896389382));
#1419 = CARTESIAN_POINT('',(43.947676640033,12.,68.823305771421));
#1420 = CARTESIAN_POINT('',(43.953954581803,12.,68.964489706337));
#1421 = CARTESIAN_POINT('',(43.960000166735,12.,69.100448194128));
#1422 = CARTESIAN_POINT('',(43.965813394828,12.,69.231181234796));
#1423 = CARTESIAN_POINT('',(43.971394266082,12.,69.35668882834));
#1424 = CARTESIAN_POINT('',(43.976742780498,12.,69.47697097476));
#1425 = CARTESIAN_POINT('',(43.981858938075,12.,69.592027674056));
#1426 = CARTESIAN_POINT('',(43.986742738814,12.,69.701858926228));
#1427 = CARTESIAN_POINT('',(43.991394182715,12.,69.806464731276));
#1428 = CARTESIAN_POINT('',(43.995813269777,12.,69.9058450892));
#1429 = CARTESIAN_POINT('',(44.526706562215,12.000000000002,
    81.845045354627));
#1430 = CARTESIAN_POINT('',(41.574774198034,11.999999999993,
    93.844773273355));
#1431 = CARTESIAN_POINT('',(35.094234218187,12.000000000016,
    104.87542090182));
#1432 = CARTESIAN_POINT('',(25.43847607384,11.999999999973,
    113.79528987103));
#1433 = CARTESIAN_POINT('',(13.371518898727,12.000000000035,
    119.60762460432));
#1434 = CARTESIAN_POINT('',(-6.418332532121E-11,11.999999999964,
    121.6268498883));
#1435 = CARTESIAN_POINT('',(-13.37151889861,12.000000000029,
    119.60762460427));
#1436 = CARTESIAN_POINT('',(-25.43847607392,11.999999999981,
    113.79528987111));
#1437 = CARTESIAN_POINT('',(-35.09423421813,12.000000000009,
    104.87542090176));
#1438 = CARTESIAN_POINT('',(-41.57477419805,11.999999999997,
    93.844773273386));
#1439 = CARTESIAN_POINT('',(-44.52670656221,12.000000000001,
    81.845045354619));
#1440 = CARTESIAN_POINT('',(-43.99581326977,12.,69.905845089157));
#1441 = CARTESIAN_POINT('',(-43.99139418271,12.,69.806464731198));
#1442 = CARTESIAN_POINT('',(-43.98674273881,12.,69.701858926122));
#1443 = CARTESIAN_POINT('',(-43.98185893807,12.,69.592027673931));
#1444 = CARTESIAN_POINT('',(-43.97674278049,12.,69.476970974623));
#1445 = CARTESIAN_POINT('',(-43.97139426607,12.,69.3566888282));
#1446 = CARTESIAN_POINT('',(-43.96581339482,12.,69.23118123466));
#1447 = CARTESIAN_POINT('',(-43.96000016672,12.,69.100448194004));
#1448 = CARTESIAN_POINT('',(-43.95395458179,12.,68.964489706232));
#1449 = CARTESIAN_POINT('',(-43.94767664003,12.,68.823305771343));
#1450 = CARTESIAN_POINT('',(-43.94116634142,12.,68.676896389339));
#1451 = CARTESIAN_POINT('',(-43.93442368597,12.,68.525261560218));
#1452 = PCURVE('',#307,#1453);
#1453 = DEFINITIONAL_REPRESENTATION('',(#1454),#1457);
#1454 = B_SPLINE_CURVE_WITH_KNOTS('',1,(#1455,#1456),.UNSPECIFIED.,.F.,
  .F.,(2,2),(-2.56786120364E-02,3.256145526945),
  .PIECEWISE_BEZIER_KNOTS.);
#1455 = CARTESIAN_POINT('',(-2.56786120364E-02,4.712388980385));
#1456 = CARTESIAN_POINT('',(3.256145526945,4.712388980385));
#1457 = ( GEOMETRIC_REPRESENTATION_CONTEXT(2) 
PARAMETRIC_REPRESENTATION_CONTEXT() REPRESENTATION_CONTEXT('2D SPACE',''
  ) );
#1458 = PCURVE('',#307,#1459);
#1459 = DEFINITIONAL_REPRESENTATION('',(#1460),#1464);
#1460 = LINE('',#1461,#1462);
#1461 = CARTESIAN_POINT('',(0.,10.995574287564));
#1462 = VECTOR('',#1463,1.);
#1463 = DIRECTION('',(1.,0.));
#1464 = ( GEOMETRIC_REPRESENTATION_CONTEXT(2) 
PARAMETRIC_REPRESENTATION_CONTEXT() REPRESENTATION_CONTEXT('2D SPACE',''
  ) );
#1465 = ORIENTED_EDGE('',*,*,#1466,.F.);
#1466 = EDGE_CURVE('',#1467,#1413,#1469,.T.);
#1467 = VERTEX_POINT('',#1468);
#1468 = CARTESIAN_POINT('',(-44.00000233038,-12.,69.9999973476));
#1469 = SURFACE_CURVE('',#1470,(#1533,#1599),.PCURVE_S1.);
#1470 = B_SPLINE_CURVE_WITH_KNOTS('',6,(#1471,#1472,#1473,#1474,#1475,
    #1476,#1477,#1478,#1479,#1480,#1481,#1482,#1483,#1484,#1485,#1486,
    #1487,#1488,#1489,#1490,#1491,#1492,#1493,#1494,#1495,#1496,#1497,
    #1498,#1499,#1500,#1501,#1502,#1503,#1504,#1505,#1506,#1507,#1508,
    #1509,#1510,#1511,#1512,#1513,#1514,#1515,#1516,#1517,#1518,#1519,
    #1520,#1521,#1522,#1523,#1524,#1525,#1526,#1527,#1528,#1529,#1530,
    #1531,#1532),.UNSPECIFIED.,.F.,.F.,(7,5,5,5,5,5,5,5,5,5,5,5,7),(0.,
    1.473645335364E-02,0.130763710588,0.218774354542,0.310773898744,
    0.492735525976,0.687957155858,0.779956569285,0.867967086121,
    0.939983155746,0.969991396843,0.983995400367,1.),.UNSPECIFIED.);
#1471 = CARTESIAN_POINT('',(-44.00000233038,-12.,69.9999973476));
#1472 = CARTESIAN_POINT('',(-44.0925663278,-11.99999998199,
    69.997944962112));
#1473 = CARTESIAN_POINT('',(-44.18513031201,-11.99914315546,
    69.995889743114));
#1474 = CARTESIAN_POINT('',(-44.27768446797,-11.99742951834,
    69.993836446139));
#1475 = CARTESIAN_POINT('',(-44.37021894568,-11.99485921962,
    69.991787533083));
#1476 = CARTESIAN_POINT('',(-44.46272386014,-11.99143255935,
    69.989743172203));
#1477 = CARTESIAN_POINT('',(-45.2832145578,-11.95343122881,
    69.971624098961));
#1478 = CARTESIAN_POINT('',(-46.00882260428,-11.86665168732,
    69.955757771495));
#1479 = CARTESIAN_POINT('',(-46.72711509761,-11.72702742783,
    69.940202558062));
#1480 = CARTESIAN_POINT('',(-47.43332894247,-11.53538653228,
    69.925049815377));
#1481 = CARTESIAN_POINT('',(-48.12282050397,-11.29307870042,
    69.910383232474));
#1482 = CARTESIAN_POINT('',(-49.29799852598,-10.78132152259,
    69.885582873512));
#1483 = CARTESIAN_POINT('',(-49.79271869384,-10.53254326589,
    69.875209238966));
#1484 = CARTESIAN_POINT('',(-50.27330050458,-10.2565786275,
    69.865193079169));
#1485 = CARTESIAN_POINT('',(-50.73789149687,-9.954443057783,
    69.855564900091));
#1486 = CARTESIAN_POINT('',(-51.18474021011,-9.627318645203,
    69.846352542757));
#1487 = CARTESIAN_POINT('',(-52.05902901717,-8.909890632894,
    69.828413175507));
#1488 = CARTESIAN_POINT('',(-52.48468594411,-8.517384459707,
    69.819726789454));
#1489 = CARTESIAN_POINT('',(-52.88728226948,-8.100575881972,
    69.81155177434));
#1490 = CARTESIAN_POINT('',(-53.26510982657,-7.661171019822,
    69.803913610431));
#1491 = CARTESIAN_POINT('',(-53.6166223342,-7.201024732365,
    69.796834841271));
#1492 = CARTESIAN_POINT('',(-54.58094504678,-5.7750230566,
    69.777479487139));
#1493 = CARTESIAN_POINT('',(-55.11333738974,-4.754371480513,
    69.76688516412));
#1494 = CARTESIAN_POINT('',(-55.5266699342,-3.676158628556,
    69.758711722499));
#1495 = CARTESIAN_POINT('',(-55.81392247085,-2.557701628079,
    69.753050107069));
#1496 = CARTESIAN_POINT('',(-55.9707648397,-1.417182201502,
    69.749960319305));
#1497 = CARTESIAN_POINT('',(-56.02488189485,0.95255142195,
    69.748894264253));
#1498 = CARTESIAN_POINT('',(-55.90242511967,2.182929497152,
    69.751306709035));
#1499 = CARTESIAN_POINT('',(-55.62877315575,3.393124409356,
    69.756694392829));
#1500 = CARTESIAN_POINT('',(-55.2086570103,4.56054658836,69.764990709828
    ));
#1501 = CARTESIAN_POINT('',(-54.65026440172,5.663623817222,
    69.776091604082));
#1502 = CARTESIAN_POINT('',(-53.64522969409,7.162661963321,
    69.796259118538));
#1503 = CARTESIAN_POINT('',(-53.29555286551,7.624204774798,
    69.803299015456));
#1504 = CARTESIAN_POINT('',(-52.91947854775,8.065111179145,
    69.810899503301));
#1505 = CARTESIAN_POINT('',(-52.51854562245,8.483520157576,
    69.819038169088));
#1506 = CARTESIAN_POINT('',(-52.09445545268,8.877718785462,
    69.827689663826));
#1507 = CARTESIAN_POINT('',(-51.22303112797,9.598623734819,
    69.845563873582));
#1508 = CARTESIAN_POINT('',(-50.77748890011,9.927525511802,
    69.854745828873));
#1509 = CARTESIAN_POINT('',(-50.31410499752,10.231509302101,
    69.864345176809));
#1510 = CARTESIAN_POINT('',(-49.83462617095,10.509386044554,
    69.874334191242));
#1511 = CARTESIAN_POINT('',(-49.34090083683,10.760132916872,
    69.884682480798));
#1512 = CARTESIAN_POINT('',(-48.4208154235,11.165171902475,
    69.904090788205));
#1513 = CARTESIAN_POINT('',(-47.99851185374,11.328715009611,
    69.913043273188));
#1514 = CARTESIAN_POINT('',(-47.56903223114,11.473056195411,
    69.922195798157));
#1515 = CARTESIAN_POINT('',(-47.13346763644,11.597811679731,
    69.931528992086));
#1516 = CARTESIAN_POINT('',(-46.69293475637,11.702680995359,
    69.941022321627));
#1517 = CARTESIAN_POINT('',(-46.06341681775,11.822767970645,
    69.954667535102));
#1518 = CARTESIAN_POINT('',(-45.87759291493,11.854598560595,
    69.958705021899));
#1519 = CARTESIAN_POINT('',(-45.69118644716,11.882923138646,
    69.962764983755));
#1520 = CARTESIAN_POINT('',(-45.50428004895,11.907728682985,
    69.966845820748));
#1521 = CARTESIAN_POINT('',(-45.3169567174,11.929004769202,
    69.970945900797));
#1522 = CARTESIAN_POINT('',(-45.04172560364,11.955021770675,
    69.976985155428));
#1523 = CARTESIAN_POINT('',(-44.95407857546,11.962529628118,
    69.978910583305));
#1524 = CARTESIAN_POINT('',(-44.86636719973,11.969266341785,
    69.980839674099));
#1525 = CARTESIAN_POINT('',(-44.77859995759,11.975231235254,
    69.982772257216));
#1526 = CARTESIAN_POINT('',(-44.69078533918,11.98042375652,
    69.984708160651));
#1527 = CARTESIAN_POINT('',(-44.50252769709,11.989894595871,
    69.988863271867));
#1528 = CARTESIAN_POINT('',(-44.4020729802,11.993936330659,
    69.991084158307));
#1529 = CARTESIAN_POINT('',(-44.30158029112,11.996968051425,
    69.99330783545));
#1530 = CARTESIAN_POINT('',(-44.20106231396,11.998989339219,
    69.995534093525));
#1531 = CARTESIAN_POINT('',(-44.10053181884,11.999999987074,
    69.997764547846));
#1532 = CARTESIAN_POINT('',(-44.00000166187,12.,70.000002638813));
#1533 = PCURVE('',#307,#1534);
#1534 = DEFINITIONAL_REPRESENTATION('',(#1535),#1598);
#1535 = B_SPLINE_CURVE_WITH_KNOTS('',6,(#1536,#1537,#1538,#1539,#1540,
    #1541,#1542,#1543,#1544,#1545,#1546,#1547,#1548,#1549,#1550,#1551,
    #1552,#1553,#1554,#1555,#1556,#1557,#1558,#1559,#1560,#1561,#1562,
    #1563,#1564,#1565,#1566,#1567,#1568,#1569,#1570,#1571,#1572,#1573,
    #1574,#1575,#1576,#1577,#1578,#1579,#1580,#1581,#1582,#1583,#1584,
    #1585,#1586,#1587,#1588,#1589,#1590,#1591,#1592,#1593,#1594,#1595,
    #1596,#1597),.UNSPECIFIED.,.F.,.F.,(7,5,5,5,5,5,5,5,5,5,5,5,7),(0.,
    1.473645335364E-02,0.130763710588,0.218774354542,0.310773898744,
    0.492735525976,0.687957155858,0.779956569285,0.867967086121,
    0.939983155746,0.969991396843,0.983995400367,1.),.UNSPECIFIED.);
#1536 = CARTESIAN_POINT('',(3.230466972709,7.853981430149));
#1537 = CARTESIAN_POINT('',(3.230420165206,7.846267780659));
#1538 = CARTESIAN_POINT('',(3.230373657562,7.838554112263));
#1539 = CARTESIAN_POINT('',(3.230327350134,7.830840433352));
#1540 = CARTESIAN_POINT('',(3.2302811952,7.82312674706));
#1541 = CARTESIAN_POINT('',(3.230235196964,7.81541305126));
#1542 = CARTESIAN_POINT('',(3.229828920719,7.746965530683));
#1543 = CARTESIAN_POINT('',(3.229480223404,7.68622838739));
#1544 = CARTESIAN_POINT('',(3.229144966872,7.625493116877));
#1545 = CARTESIAN_POINT('',(3.228824343178,7.564756447442));
#1546 = CARTESIAN_POINT('',(3.228519271641,7.50401514725));
#1547 = CARTESIAN_POINT('',(3.22801142778,7.397200835659));
#1548 = CARTESIAN_POINT('',(3.22780173137,7.351125394678));
#1549 = CARTESIAN_POINT('',(3.227601708667,7.3050495963));
#1550 = CARTESIAN_POINT('',(3.227411593535,7.258972659161));
#1551 = CARTESIAN_POINT('',(3.227231564034,7.212893824935));
#1552 = CARTESIAN_POINT('',(3.226884274608,7.118646666443));
#1553 = CARTESIAN_POINT('',(3.226717957365,7.070476782535));
#1554 = CARTESIAN_POINT('',(3.226562983896,7.022306603691));
#1555 = CARTESIAN_POINT('',(3.22641946098,6.974135213243));
#1556 = CARTESIAN_POINT('',(3.226287468457,6.925961712218));
#1557 = CARTESIAN_POINT('',(3.225928933305,6.782507328414));
#1558 = CARTESIAN_POINT('',(3.225736076967,6.687198326855));
#1559 = CARTESIAN_POINT('',(3.22558912096,6.591913949338));
#1560 = CARTESIAN_POINT('',(3.225487980717,6.496627090672));
#1561 = CARTESIAN_POINT('',(3.225432838653,6.401310646535));
#1562 = CARTESIAN_POINT('',(3.225413814838,6.203781357157));
#1563 = CARTESIAN_POINT('',(3.225456870221,6.101510323597));
#1564 = CARTESIAN_POINT('',(3.225552910015,5.999280418978));
#1565 = CARTESIAN_POINT('',(3.225701675816,5.897053164472));
#1566 = CARTESIAN_POINT('',(3.225903352364,5.794790041437));
#1567 = CARTESIAN_POINT('',(3.226276747178,5.644392186492));
#1568 = CARTESIAN_POINT('',(3.226407943912,5.596218685265));
#1569 = CARTESIAN_POINT('',(3.226550675097,5.548047290955));
#1570 = CARTESIAN_POINT('',(3.226704862068,5.499877105554));
#1571 = CARTESIAN_POINT('',(3.226870399581,5.451707213421));
#1572 = CARTESIAN_POINT('',(3.227216180585,5.357460039135));
#1573 = CARTESIAN_POINT('',(3.227395480623,5.311381197275));
#1574 = CARTESIAN_POINT('',(3.22758487611,5.265304253178));
#1575 = CARTESIAN_POINT('',(3.227784191117,5.219228449525));
#1576 = CARTESIAN_POINT('',(3.227993194366,5.173153005972));
#1577 = CARTESIAN_POINT('',(3.228390267836,5.089378600455));
#1578 = CARTESIAN_POINT('',(3.228575240273,5.051678581909));
#1579 = CARTESIAN_POINT('',(3.228766328697,5.013979179143));
#1580 = CARTESIAN_POINT('',(3.228963330491,4.976280385197));
#1581 = CARTESIAN_POINT('',(3.229166003611,4.938582183669));
#1582 = CARTESIAN_POINT('',(3.229460763972,4.885176391843));
#1583 = CARTESIAN_POINT('',(3.229548396984,4.869468318157));
#1584 = CARTESIAN_POINT('',(3.229636945021,4.853760323285));
#1585 = CARTESIAN_POINT('',(3.22972638594,4.838052402607));
#1586 = CARTESIAN_POINT('',(3.229816696061,4.822344551246));
#1587 = CARTESIAN_POINT('',(3.229950389239,4.799306380849));
#1588 = CARTESIAN_POINT('',(3.229993112186,4.79197599761));
#1589 = CARTESIAN_POINT('',(3.230036016447,4.784645614362));
#1590 = CARTESIAN_POINT('',(3.23007909937,4.777315231116));
#1591 = CARTESIAN_POINT('',(3.230122358224,4.769984847886));
#1592 = CARTESIAN_POINT('',(3.230215426809,4.754276871221));
#1593 = CARTESIAN_POINT('',(3.230265273102,4.745899292609));
#1594 = CARTESIAN_POINT('',(3.230315365246,4.737521728027));
#1595 = CARTESIAN_POINT('',(3.230365697738,4.729144176568));
#1596 = CARTESIAN_POINT('',(3.230416223397,4.720766637241));
#1597 = CARTESIAN_POINT('',(3.230466853366,4.712389108969));
#1598 = ( GEOMETRIC_REPRESENTATION_CONTEXT(2) 
PARAMETRIC_REPRESENTATION_CONTEXT() REPRESENTATION_CONTEXT('2D SPACE',''
  ) );
#1599 = PCURVE('',#1600,#1605);
#1600 = CYLINDRICAL_SURFACE('',#1601,12.);
#1601 = AXIS2_PLACEMENT_3D('',#1602,#1603,#1604);
#1602 = CARTESIAN_POINT('',(-44.,0.,70.));
#1603 = DIRECTION('',(0.,0.,-1.));
#1604 = DIRECTION('',(-1.224646799147E-16,1.,0.));
#1605 = DEFINITIONAL_REPRESENTATION('',(#1606),#1669);
#1606 = B_SPLINE_CURVE_WITH_KNOTS('',6,(#1607,#1608,#1609,#1610,#1611,
    #1612,#1613,#1614,#1615,#1616,#1617,#1618,#1619,#1620,#1621,#1622,
    #1623,#1624,#1625,#1626,#1627,#1628,#1629,#1630,#1631,#1632,#1633,
    #1634,#1635,#1636,#1637,#1638,#1639,#1640,#1641,#1642,#1643,#1644,
    #1645,#1646,#1647,#1648,#1649,#1650,#1651,#1652,#1653,#1654,#1655,
    #1656,#1657,#1658,#1659,#1660,#1661,#1662,#1663,#1664,#1665,#1666,
    #1667,#1668),.UNSPECIFIED.,.F.,.F.,(7,5,5,5,5,5,5,5,5,5,5,5,7),(0.,
    1.473645335364E-02,0.130763710588,0.218774354542,0.310773898744,
    0.492735525976,0.687957155858,0.779956569285,0.867967086121,
    0.939983155746,0.969991396843,0.983995400367,1.),.UNSPECIFIED.);
#1607 = CARTESIAN_POINT('',(3.141592847788,2.652400397096E-06));
#1608 = CARTESIAN_POINT('',(3.149306514278,2.055037888088E-03));
#1609 = CARTESIAN_POINT('',(3.157020179559,4.110256886346E-03));
#1610 = CARTESIAN_POINT('',(3.164733852087,6.163553861194E-03));
#1611 = CARTESIAN_POINT('',(3.17244753709,8.212466917019E-03));
#1612 = CARTESIAN_POINT('',(3.180161236563,1.025682779658E-02));
#1613 = CARTESIAN_POINT('',(3.248608757319,2.837590103934E-02));
#1614 = CARTESIAN_POINT('',(3.309345900268,4.42422285054E-02));
#1615 = CARTESIAN_POINT('',(3.37008117066,5.979744193767E-02));
#1616 = CARTESIAN_POINT('',(3.430817840039,7.495018462298E-02));
#1617 = CARTESIAN_POINT('',(3.49155914024,8.961676752562E-02));
#1618 = CARTESIAN_POINT('',(3.598373451875,0.114417126488));
#1619 = CARTESIAN_POINT('',(3.644448892885,0.124790761034));
#1620 = CARTESIAN_POINT('',(3.690524691285,0.134806920831));
#1621 = CARTESIAN_POINT('',(3.736601628436,0.144435099909));
#1622 = CARTESIAN_POINT('',(3.782680462664,0.153647457243));
#1623 = CARTESIAN_POINT('',(3.876927621146,0.171586824493));
#1624 = CARTESIAN_POINT('',(3.925097505043,0.180273210546));
#1625 = CARTESIAN_POINT('',(3.973267683872,0.18844822566));
#1626 = CARTESIAN_POINT('',(4.021439074308,0.196086389569));
#1627 = CARTESIAN_POINT('',(4.069612575327,0.20316515873));
#1628 = CARTESIAN_POINT('',(4.213066959125,0.222520512861));
#1629 = CARTESIAN_POINT('',(4.308375960699,0.23311483588));
#1630 = CARTESIAN_POINT('',(4.403660338249,0.241288277501));
#1631 = CARTESIAN_POINT('',(4.49894719692,0.246949892931));
#1632 = CARTESIAN_POINT('',(4.594263641046,0.250039680695));
#1633 = CARTESIAN_POINT('',(4.791792930396,0.251105735747));
#1634 = CARTESIAN_POINT('',(4.894063963939,0.248693290965));
#1635 = CARTESIAN_POINT('',(4.996293868555,0.243305607171));
#1636 = CARTESIAN_POINT('',(5.098521123098,0.235009290172));
#1637 = CARTESIAN_POINT('',(5.200784246151,0.223908395918));
#1638 = CARTESIAN_POINT('',(5.351182101092,0.203740881462));
#1639 = CARTESIAN_POINT('',(5.399355602313,0.196700984544));
#1640 = CARTESIAN_POINT('',(5.447526996612,0.189100496699));
#1641 = CARTESIAN_POINT('',(5.495697181998,0.180961830912));
#1642 = CARTESIAN_POINT('',(5.543867074119,0.172310336174));
#1643 = CARTESIAN_POINT('',(5.638114248394,0.154436126418));
#1644 = CARTESIAN_POINT('',(5.684193090255,0.145254171127));
#1645 = CARTESIAN_POINT('',(5.730270034363,0.135654823191));
#1646 = CARTESIAN_POINT('',(5.776345838039,0.125665808758));
#1647 = CARTESIAN_POINT('',(5.822421281621,0.115317519202));
#1648 = CARTESIAN_POINT('',(5.906195687173,9.590921179451E-02));
#1649 = CARTESIAN_POINT('',(5.943895705731,8.695672681236E-02));
#1650 = CARTESIAN_POINT('',(5.981595108491,7.780420184273E-02));
#1651 = CARTESIAN_POINT('',(6.019293902402,6.84710079145E-02));
#1652 = CARTESIAN_POINT('',(6.056992103869,5.897767837277E-02));
#1653 = CARTESIAN_POINT('',(6.110397895577,4.533246489802E-02));
#1654 = CARTESIAN_POINT('',(6.126105969227,4.129497810084E-02));
#1655 = CARTESIAN_POINT('',(6.141813964059,3.723501624546E-02));
#1656 = CARTESIAN_POINT('',(6.157521884701,3.315417925211E-02));
#1657 = CARTESIAN_POINT('',(6.173229736032,2.905409920306E-02));
#1658 = CARTESIAN_POINT('',(6.196267906404,2.301484457164E-02));
#1659 = CARTESIAN_POINT('',(6.203598289639,2.108941669521E-02));
#1660 = CARTESIAN_POINT('',(6.210928672886,1.916032590063E-02));
#1661 = CARTESIAN_POINT('',(6.218259056134,1.722774278379E-02));
#1662 = CARTESIAN_POINT('',(6.225589439374,1.529183934929E-02));
#1663 = CARTESIAN_POINT('',(6.241297416073,1.113672813252E-02));
#1664 = CARTESIAN_POINT('',(6.249674992047,8.915841693185E-03));
#1665 = CARTESIAN_POINT('',(6.258052557919,6.692164550043E-03));
#1666 = CARTESIAN_POINT('',(6.266430114409,4.465906474925E-03));
#1667 = CARTESIAN_POINT('',(6.274807655549,2.235452153809E-03));
#1668 = CARTESIAN_POINT('',(6.28318516869,-2.638813171529E-06));
#1669 = ( GEOMETRIC_REPRESENTATION_CONTEXT(2) 
PARAMETRIC_REPRESENTATION_CONTEXT() REPRESENTATION_CONTEXT('2D SPACE',''
  ) );
#1670 = ORIENTED_EDGE('',*,*,#1671,.T.);
#1671 = EDGE_CURVE('',#1467,#1413,#1672,.T.);
#1672 = SURFACE_CURVE('',#1673,(#1721,#1772),.PCURVE_S1.);
#1673 = B_SPLINE_CURVE_WITH_KNOTS('',6,(#1674,#1675,#1676,#1677,#1678,
    #1679,#1680,#1681,#1682,#1683,#1684,#1685,#1686,#1687,#1688,#1689,
    #1690,#1691,#1692,#1693,#1694,#1695,#1696,#1697,#1698,#1699,#1700,
    #1701,#1702,#1703,#1704,#1705,#1706,#1707,#1708,#1709,#1710,#1711,
    #1712,#1713,#1714,#1715,#1716,#1717,#1718,#1719,#1720),
  .UNSPECIFIED.,.F.,.F.,(7,5,5,5,5,5,5,5,5,7),(0.,1.855080423853E-02,
    0.16657960478,0.250586968395,0.334583781136,0.500546814048,
    0.668330903543,0.754328097629,0.842336623245,1.),.UNSPECIFIED.);
#1674 = CARTESIAN_POINT('',(-44.00000233038,-12.,69.9999973476));
#1675 = CARTESIAN_POINT('',(-43.88347651974,-12.00000002374,
    70.002598048538));
#1676 = CARTESIAN_POINT('',(-43.76694915381,-11.99864220942,
    70.005165576672));
#1677 = CARTESIAN_POINT('',(-43.65044356479,-11.99592655324,
    70.007778280797));
#1678 = CARTESIAN_POINT('',(-43.53397585748,-11.99185344078,
    70.01035240607));
#1679 = CARTESIAN_POINT('',(-43.41756820951,-11.98642363895,
    70.012942801211));
#1680 = CARTESIAN_POINT('',(-42.37297660495,-11.92549362719,
    70.036155782147));
#1681 = CARTESIAN_POINT('',(-41.44963979513,-11.78502883577,
    70.056674450343));
#1682 = CARTESIAN_POINT('',(-40.54148444261,-11.55880558485,
    70.07685604329));
#1683 = CARTESIAN_POINT('',(-39.6582980119,-11.24904644392,
    70.096482418488));
#1684 = CARTESIAN_POINT('',(-38.8094888729,-10.85925436676,
    70.115344818101));
#1685 = CARTESIAN_POINT('',(-37.54680107801,-10.13088092281,
    70.143404444296));
#1686 = CARTESIAN_POINT('',(-37.10355406864,-9.843042042434,
    70.153254331374));
#1687 = CARTESIAN_POINT('',(-36.67581183312,-9.53199047097,
    70.162759673189));
#1688 = CARTESIAN_POINT('',(-36.26508050025,-9.198778167072,
    70.171887010166));
#1689 = CARTESIAN_POINT('',(-35.87276825975,-8.844585757895,
    70.180605052779));
#1690 = CARTESIAN_POINT('',(-35.12764692858,-8.096905210595,
    70.197163318775));
#1691 = CARTESIAN_POINT('',(-34.77482436816,-7.703413467842,
    70.20500384177));
#1692 = CARTESIAN_POINT('',(-34.44302418297,-7.291556133408,
    70.212377211875));
#1693 = CARTESIAN_POINT('',(-34.13342665829,-6.86274225113,
    70.219257192345));
#1694 = CARTESIAN_POINT('',(-33.84708370769,-6.418479731108,
    70.225620399134));
#1695 = CARTESIAN_POINT('',(-33.0669239988,-5.055238647014,
    70.242957344589));
#1696 = CARTESIAN_POINT('',(-32.64320871779,-4.095879362004,
    70.252373247481));
#1697 = CARTESIAN_POINT('',(-32.32110284818,-3.094929931878,
    70.259531092409));
#1698 = CARTESIAN_POINT('',(-32.10522642969,-2.065799938812,
    70.264328258883));
#1699 = CARTESIAN_POINT('',(-31.99822950565,-1.022426563881,
    70.26670592857));
#1700 = CARTESIAN_POINT('',(-32.00182538526,1.075016844846,
    70.266626021503));
#1701 = CARTESIAN_POINT('',(-32.11481930548,2.129467624721,
    70.264115087433));
#1702 = CARTESIAN_POINT('',(-32.33904729295,3.168811519856,
    70.259132333144));
#1703 = CARTESIAN_POINT('',(-32.67168703474,4.178664015029,
    70.251740399938));
#1704 = CARTESIAN_POINT('',(-33.10787112795,5.145202335145,
    70.242047407296));
#1705 = CARTESIAN_POINT('',(-33.91258785726,6.521973059061,
    70.224164744747));
#1706 = CARTESIAN_POINT('',(-34.21048546899,6.973769496794,
    70.217544765818));
#1707 = CARTESIAN_POINT('',(-34.53258548666,7.409110354295,
    70.210386951106));
#1708 = CARTESIAN_POINT('',(-34.87774092549,7.826390250999,
    70.202716798271));
#1709 = CARTESIAN_POINT('',(-35.24466511305,8.22411415465,
    70.194562908657));
#1710 = CARTESIAN_POINT('',(-36.02825812606,8.986494862237,
    70.177149724903));
#1711 = CARTESIAN_POINT('',(-36.44590022175,9.350170914176,
    70.167868802903));
#1712 = CARTESIAN_POINT('',(-36.88332991217,9.690444280945,
    70.158148177403));
#1713 = CARTESIAN_POINT('',(-37.33890182575,10.005989540051,
    70.148024405525));
#1714 = CARTESIAN_POINT('',(-37.81085600947,10.295638761926,
    70.137536583548));
#1715 = CARTESIAN_POINT('',(-39.16879730086,11.029075491376,
    70.10736020063));
#1716 = CARTESIAN_POINT('',(-40.08699102156,11.413502499168,
    70.08695589343));
#1717 = CARTESIAN_POINT('',(-41.04093949985,11.705703068104,
    70.065756957942));
#1718 = CARTESIAN_POINT('',(-42.0191382022,11.90191960544,
    70.044018725683));
#1719 = CARTESIAN_POINT('',(-43.00964268986,11.999999871007,
    70.022007678474));
#1720 = CARTESIAN_POINT('',(-43.99999985241,12.,70.000000011208));
#1721 = PCURVE('',#307,#1722);
#1722 = DEFINITIONAL_REPRESENTATION('',(#1723),#1771);
#1723 = B_SPLINE_CURVE_WITH_KNOTS('',6,(#1724,#1725,#1726,#1727,#1728,
    #1729,#1730,#1731,#1732,#1733,#1734,#1735,#1736,#1737,#1738,#1739,
    #1740,#1741,#1742,#1743,#1744,#1745,#1746,#1747,#1748,#1749,#1750,
    #1751,#1752,#1753,#1754,#1755,#1756,#1757,#1758,#1759,#1760,#1761,
    #1762,#1763,#1764,#1765,#1766,#1767,#1768,#1769,#1770),
  .UNSPECIFIED.,.F.,.F.,(7,5,5,5,5,5,5,5,5,7),(0.,1.855080423853E-02,
    0.16657960478,0.250586968395,0.334583781136,0.500546814048,
    0.668330903543,0.754328097629,0.842336623245,1.),.UNSPECIFIED.);
#1724 = CARTESIAN_POINT('',(3.230466972709,7.853981430149));
#1725 = CARTESIAN_POINT('',(3.230525511112,7.863691955972));
#1726 = CARTESIAN_POINT('',(3.230585078231,7.873402488478));
#1727 = CARTESIAN_POINT('',(3.230643871092,7.883113023429));
#1728 = CARTESIAN_POINT('',(3.230703770441,7.8928235582));
#1729 = CARTESIAN_POINT('',(3.230763506582,7.902534096745));
#1730 = CARTESIAN_POINT('',(3.231302646802,7.989731354109));
#1731 = CARTESIAN_POINT('',(3.231795984362,8.06722702264));
#1732 = CARTESIAN_POINT('',(3.232296554844,8.144713958952));
#1733 = CARTESIAN_POINT('',(3.232795709991,8.222202854091));
#1734 = CARTESIAN_POINT('',(3.233284281806,8.299704346605));
#1735 = CARTESIAN_POINT('',(3.234020587057,8.421179891109));
#1736 = CARTESIAN_POINT('',(3.234281113343,8.465160898838));
#1737 = CARTESIAN_POINT('',(3.234534085557,8.509142371533));
#1738 = CARTESIAN_POINT('',(3.234778119287,8.553124947864));
#1739 = CARTESIAN_POINT('',(3.235011975066,8.597109242687));
#1740 = CARTESIAN_POINT('',(3.235457161932,8.685073566244));
#1741 = CARTESIAN_POINT('',(3.235668500451,8.729054604568));
#1742 = CARTESIAN_POINT('',(3.235867522185,8.773036180638));
#1743 = CARTESIAN_POINT('',(3.236053331426,8.817018858694));
#1744 = CARTESIAN_POINT('',(3.2362251916,8.861003179141));
#1745 = CARTESIAN_POINT('',(3.236693326599,8.991894233933));
#1746 = CARTESIAN_POINT('',(3.236947421042,9.0788197301));
#1747 = CARTESIAN_POINT('',(3.237140018827,9.165730505737));
#1748 = CARTESIAN_POINT('',(3.237268891514,9.252643503196));
#1749 = CARTESIAN_POINT('',(3.237332771295,9.339575620208));
#1750 = CARTESIAN_POINT('',(3.237330624508,9.514362827827));
#1751 = CARTESIAN_POINT('',(3.237263164299,9.602249470508));
#1752 = CARTESIAN_POINT('',(3.23712930041,9.69011593215));
#1753 = CARTESIAN_POINT('',(3.236930381623,9.777980071746));
#1754 = CARTESIAN_POINT('',(3.236668768396,9.86585979903));
#1755 = CARTESIAN_POINT('',(3.236185878563,9.99875142782));
#1756 = CARTESIAN_POINT('',(3.236007083765,10.04378307385));
#1757 = CARTESIAN_POINT('',(3.235813785873,10.088812944265));
#1758 = CARTESIAN_POINT('',(3.2356067968,10.13384165166));
#1759 = CARTESIAN_POINT('',(3.235387104571,10.178869834905));
#1760 = CARTESIAN_POINT('',(3.234919278884,10.269975784899));
#1761 = CARTESIAN_POINT('',(3.234670594782,10.316054696204));
#1762 = CARTESIAN_POINT('',(3.234411107185,10.362131633805));
#1763 = CARTESIAN_POINT('',(3.234142283994,10.40820737426));
#1764 = CARTESIAN_POINT('',(3.233865760319,10.454282722285));
#1765 = CARTESIAN_POINT('',(3.233077289771,10.582895350852));
#1766 = CARTESIAN_POINT('',(3.232552143739,10.665443172861));
#1767 = CARTESIAN_POINT('',(3.232018064282,10.747973237526));
#1768 = CARTESIAN_POINT('',(3.231486205003,10.830502809862));
#1769 = CARTESIAN_POINT('',(3.23096660977,10.913044439215));
#1770 = CARTESIAN_POINT('',(3.230466914791,10.995574275236));
#1771 = ( GEOMETRIC_REPRESENTATION_CONTEXT(2) 
PARAMETRIC_REPRESENTATION_CONTEXT() REPRESENTATION_CONTEXT('2D SPACE',''
  ) );
#1772 = PCURVE('',#1600,#1773);
#1773 = DEFINITIONAL_REPRESENTATION('',(#1774),#1822);
#1774 = B_SPLINE_CURVE_WITH_KNOTS('',6,(#1775,#1776,#1777,#1778,#1779,
    #1780,#1781,#1782,#1783,#1784,#1785,#1786,#1787,#1788,#1789,#1790,
    #1791,#1792,#1793,#1794,#1795,#1796,#1797,#1798,#1799,#1800,#1801,
    #1802,#1803,#1804,#1805,#1806,#1807,#1808,#1809,#1810,#1811,#1812,
    #1813,#1814,#1815,#1816,#1817,#1818,#1819,#1820,#1821),
  .UNSPECIFIED.,.F.,.F.,(7,5,5,5,5,5,5,5,5,7),(0.,1.855080423853E-02,
    0.16657960478,0.250586968395,0.334583781136,0.500546814048,
    0.668330903543,0.754328097629,0.842336623245,1.),.UNSPECIFIED.);
#1775 = CARTESIAN_POINT('',(3.141592847788,2.652400397096E-06));
#1776 = CARTESIAN_POINT('',(3.131882363569,-2.598048538057E-03));
#1777 = CARTESIAN_POINT('',(3.122171749764,-5.16557667214E-03));
#1778 = CARTESIAN_POINT('',(3.11246130256,-7.77828079724E-03));
#1779 = CARTESIAN_POINT('',(3.102750715846,-1.035240606999E-02));
#1780 = CARTESIAN_POINT('',(3.09304019053,-1.294280121114E-02));
#1781 = CARTESIAN_POINT('',(3.005842933045,-3.615578214733E-02));
#1782 = CARTESIAN_POINT('',(2.928347265071,-5.667445034293E-02));
#1783 = CARTESIAN_POINT('',(2.850860328704,-7.685604328997E-02));
#1784 = CARTESIAN_POINT('',(2.773371433563,-9.648241848823E-02));
#1785 = CARTESIAN_POINT('',(2.695869940988,-0.115344818101));
#1786 = CARTESIAN_POINT('',(2.574394396433,-0.143404444296));
#1787 = CARTESIAN_POINT('',(2.530413388691,-0.153254331374));
#1788 = CARTESIAN_POINT('',(2.486431915994,-0.162759673189));
#1789 = CARTESIAN_POINT('',(2.442449339669,-0.171887010166));
#1790 = CARTESIAN_POINT('',(2.398465044856,-0.180605052778));
#1791 = CARTESIAN_POINT('',(2.31050072132,-0.197163318775));
#1792 = CARTESIAN_POINT('',(2.266519683007,-0.20500384177));
#1793 = CARTESIAN_POINT('',(2.222538106945,-0.212377211875));
#1794 = CARTESIAN_POINT('',(2.178555428893,-0.219257192345));
#1795 = CARTESIAN_POINT('',(2.134571108446,-0.225620399134));
#1796 = CARTESIAN_POINT('',(2.003680053643,-0.242957344589));
#1797 = CARTESIAN_POINT('',(1.916754557458,-0.252373247481));
#1798 = CARTESIAN_POINT('',(1.8298437818,-0.259531092409));
#1799 = CARTESIAN_POINT('',(1.742930784344,-0.264328258883));
#1800 = CARTESIAN_POINT('',(1.655998667345,-0.26670592857));
#1801 = CARTESIAN_POINT('',(1.48121145975,-0.266626021503));
#1802 = CARTESIAN_POINT('',(1.393324817081,-0.264115087433));
#1803 = CARTESIAN_POINT('',(1.305458355441,-0.259132333144));
#1804 = CARTESIAN_POINT('',(1.217594215823,-0.251740399938));
#1805 = CARTESIAN_POINT('',(1.12971448852,-0.242047407296));
#1806 = CARTESIAN_POINT('',(0.996822859722,-0.224164744747));
#1807 = CARTESIAN_POINT('',(0.951791213692,-0.217544765818));
#1808 = CARTESIAN_POINT('',(0.906761343282,-0.210386951106));
#1809 = CARTESIAN_POINT('',(0.861732635897,-0.202716798271));
#1810 = CARTESIAN_POINT('',(0.816704452664,-0.194562908657));
#1811 = CARTESIAN_POINT('',(0.725598502691,-0.177149724903));
#1812 = CARTESIAN_POINT('',(0.679519591395,-0.167868802903));
#1813 = CARTESIAN_POINT('',(0.633442653798,-0.158148177403));
#1814 = CARTESIAN_POINT('',(0.587366913337,-0.148024405525));
#1815 = CARTESIAN_POINT('',(0.541291565293,-0.137536583548));
#1816 = CARTESIAN_POINT('',(0.412678936664,-0.10736020063));
#1817 = CARTESIAN_POINT('',(0.330131114562,-8.695589342995E-02));
#1818 = CARTESIAN_POINT('',(0.247601050049,-6.57569579419E-02));
#1819 = CARTESIAN_POINT('',(0.165071477494,-4.401872568263E-02));
#1820 = CARTESIAN_POINT('',(8.252984926714E-02,-2.200767847357E-02));
#1821 = CARTESIAN_POINT('',(1.229859414309E-08,-1.120754689055E-08));
#1822 = ( GEOMETRIC_REPRESENTATION_CONTEXT(2) 
PARAMETRIC_REPRESENTATION_CONTEXT() REPRESENTATION_CONTEXT('2D SPACE',''
  ) );
#1823 = ORIENTED_EDGE('',*,*,#1412,.F.);
#1824 = ORIENTED_EDGE('',*,*,#1209,.T.);
#1825 = ORIENTED_EDGE('',*,*,#183,.F.);
#1826 = ADVANCED_FACE('',(#1827),#1600,.T.);
#1827 = FACE_BOUND('',#1828,.T.);
#1828 = EDGE_LOOP('',(#1829,#1851,#1877,#1878,#1879));
#1829 = ORIENTED_EDGE('',*,*,#1830,.T.);
#1830 = EDGE_CURVE('',#1413,#1831,#1833,.T.);
#1831 = VERTEX_POINT('',#1832);
#1832 = CARTESIAN_POINT('',(-44.,12.,48.));
#1833 = SEAM_CURVE('',#1834,(#1838,#1844),.PCURVE_S1.);
#1834 = LINE('',#1835,#1836);
#1835 = CARTESIAN_POINT('',(-44.,12.,70.));
#1836 = VECTOR('',#1837,1.);
#1837 = DIRECTION('',(0.,0.,-1.));
#1838 = PCURVE('',#1600,#1839);
#1839 = DEFINITIONAL_REPRESENTATION('',(#1840),#1843);
#1840 = B_SPLINE_CURVE_WITH_KNOTS('',1,(#1841,#1842),.UNSPECIFIED.,.F.,
  .F.,(2,2),(-1.476195691205,22.),.PIECEWISE_BEZIER_KNOTS.);
#1841 = CARTESIAN_POINT('',(6.28318530718,-1.476195691205));
#1842 = CARTESIAN_POINT('',(6.28318530718,22.));
#1843 = ( GEOMETRIC_REPRESENTATION_CONTEXT(2) 
PARAMETRIC_REPRESENTATION_CONTEXT() REPRESENTATION_CONTEXT('2D SPACE',''
  ) );
#1844 = PCURVE('',#1600,#1845);
#1845 = DEFINITIONAL_REPRESENTATION('',(#1846),#1850);
#1846 = LINE('',#1847,#1848);
#1847 = CARTESIAN_POINT('',(0.,0.));
#1848 = VECTOR('',#1849,1.);
#1849 = DIRECTION('',(0.,1.));
#1850 = ( GEOMETRIC_REPRESENTATION_CONTEXT(2) 
PARAMETRIC_REPRESENTATION_CONTEXT() REPRESENTATION_CONTEXT('2D SPACE',''
  ) );
#1851 = ORIENTED_EDGE('',*,*,#1852,.F.);
#1852 = EDGE_CURVE('',#1831,#1831,#1853,.T.);
#1853 = SURFACE_CURVE('',#1854,(#1859,#1866),.PCURVE_S1.);
#1854 = CIRCLE('',#1855,12.);
#1855 = AXIS2_PLACEMENT_3D('',#1856,#1857,#1858);
#1856 = CARTESIAN_POINT('',(-44.,0.,48.));
#1857 = DIRECTION('',(0.,0.,-1.));
#1858 = DIRECTION('',(-1.224646799147E-16,1.,0.));
#1859 = PCURVE('',#1600,#1860);
#1860 = DEFINITIONAL_REPRESENTATION('',(#1861),#1865);
#1861 = LINE('',#1862,#1863);
#1862 = CARTESIAN_POINT('',(0.,22.));
#1863 = VECTOR('',#1864,1.);
#1864 = DIRECTION('',(1.,0.));
#1865 = ( GEOMETRIC_REPRESENTATION_CONTEXT(2) 
PARAMETRIC_REPRESENTATION_CONTEXT() REPRESENTATION_CONTEXT('2D SPACE',''
  ) );
#1866 = PCURVE('',#1867,#1872);
#1867 = TOROIDAL_SURFACE('',#1868,18.,12.);
#1868 = AXIS2_PLACEMENT_3D('',#1869,#1870,#1871);
#1869 = CARTESIAN_POINT('',(-26.,0.,48.));
#1870 = DIRECTION('',(-0.,-1.,-0.));
#1871 = DIRECTION('',(-1.,0.,3.947459643112E-16));
#1872 = DEFINITIONAL_REPRESENTATION('',(#1873),#1876);
#1873 = B_SPLINE_CURVE_WITH_KNOTS('',1,(#1874,#1875),.UNSPECIFIED.,.F.,
  .F.,(2,2),(0.,6.28318530718),.PIECEWISE_BEZIER_KNOTS.);
#1874 = CARTESIAN_POINT('',(0.,10.995574287564));
#1875 = CARTESIAN_POINT('',(0.,4.712388980385));
#1876 = ( GEOMETRIC_REPRESENTATION_CONTEXT(2) 
PARAMETRIC_REPRESENTATION_CONTEXT() REPRESENTATION_CONTEXT('2D SPACE',''
  ) );
#1877 = ORIENTED_EDGE('',*,*,#1830,.F.);
#1878 = ORIENTED_EDGE('',*,*,#1671,.F.);
#1879 = ORIENTED_EDGE('',*,*,#1466,.T.);
#1880 = ADVANCED_FACE('',(#1881),#1867,.T.);
#1881 = FACE_BOUND('',#1882,.T.);
#1882 = EDGE_LOOP('',(#1883,#1906,#1932,#1933));
#1883 = ORIENTED_EDGE('',*,*,#1884,.T.);
#1884 = EDGE_CURVE('',#1831,#1885,#1887,.T.);
#1885 = VERTEX_POINT('',#1886);
#1886 = CARTESIAN_POINT('',(-26.,12.,30.));
#1887 = SEAM_CURVE('',#1888,(#1893,#1899),.PCURVE_S1.);
#1888 = CIRCLE('',#1889,18.);
#1889 = AXIS2_PLACEMENT_3D('',#1890,#1891,#1892);
#1890 = CARTESIAN_POINT('',(-26.,12.,48.));
#1891 = DIRECTION('',(-0.,-1.,0.));
#1892 = DIRECTION('',(-1.,0.,3.947459643112E-16));
#1893 = PCURVE('',#1867,#1894);
#1894 = DEFINITIONAL_REPRESENTATION('',(#1895),#1898);
#1895 = B_SPLINE_CURVE_WITH_KNOTS('',1,(#1896,#1897),.UNSPECIFIED.,.F.,
  .F.,(2,2),(0.,1.570796326795),.PIECEWISE_BEZIER_KNOTS.);
#1896 = CARTESIAN_POINT('',(0.,4.712388980385));
#1897 = CARTESIAN_POINT('',(1.570796326795,4.712388980385));
#1898 = ( GEOMETRIC_REPRESENTATION_CONTEXT(2) 
PARAMETRIC_REPRESENTATION_CONTEXT() REPRESENTATION_CONTEXT('2D SPACE',''
  ) );
#1899 = PCURVE('',#1867,#1900);
#1900 = DEFINITIONAL_REPRESENTATION('',(#1901),#1905);
#1901 = LINE('',#1902,#1903);
#1902 = CARTESIAN_POINT('',(0.,10.995574287564));
#1903 = VECTOR('',#1904,1.);
#1904 = DIRECTION('',(1.,0.));
#1905 = ( GEOMETRIC_REPRESENTATION_CONTEXT(2) 
PARAMETRIC_REPRESENTATION_CONTEXT() REPRESENTATION_CONTEXT('2D SPACE',''
  ) );
#1906 = ORIENTED_EDGE('',*,*,#1907,.T.);
#1907 = EDGE_CURVE('',#1885,#1885,#1908,.T.);
#1908 = SURFACE_CURVE('',#1909,(#1914,#1921),.PCURVE_S1.);
#1909 = CIRCLE('',#1910,12.);
#1910 = AXIS2_PLACEMENT_3D('',#1911,#1912,#1913);
#1911 = CARTESIAN_POINT('',(-26.,0.,30.));
#1912 = DIRECTION('',(-1.,0.,-4.322001154316E-16));
#1913 = DIRECTION('',(4.322001154316E-16,0.,-1.));
#1914 = PCURVE('',#1867,#1915);
#1915 = DEFINITIONAL_REPRESENTATION('',(#1916),#1920);
#1916 = LINE('',#1917,#1918);
#1917 = CARTESIAN_POINT('',(1.570796326795,0.));
#1918 = VECTOR('',#1919,1.);
#1919 = DIRECTION('',(0.,1.));
#1920 = ( GEOMETRIC_REPRESENTATION_CONTEXT(2) 
PARAMETRIC_REPRESENTATION_CONTEXT() REPRESENTATION_CONTEXT('2D SPACE',''
  ) );
#1921 = PCURVE('',#1922,#1927);
#1922 = CYLINDRICAL_SURFACE('',#1923,12.);
#1923 = AXIS2_PLACEMENT_3D('',#1924,#1925,#1926);
#1924 = CARTESIAN_POINT('',(-26.,0.,30.));
#1925 = DIRECTION('',(1.,0.,0.));
#1926 = DIRECTION('',(-0.,1.,0.));
#1927 = DEFINITIONAL_REPRESENTATION('',(#1928),#1931);
#1928 = B_SPLINE_CURVE_WITH_KNOTS('',1,(#1929,#1930),.UNSPECIFIED.,.F.,
  .F.,(2,2),(4.712388980385,10.995574287564),.PIECEWISE_BEZIER_KNOTS.);
#1929 = CARTESIAN_POINT('',(6.28318530718,0.));
#1930 = CARTESIAN_POINT('',(0.,0.));
#1931 = ( GEOMETRIC_REPRESENTATION_CONTEXT(2) 
PARAMETRIC_REPRESENTATION_CONTEXT() REPRESENTATION_CONTEXT('2D SPACE',''
  ) );
#1932 = ORIENTED_EDGE('',*,*,#1884,.F.);
#1933 = ORIENTED_EDGE('',*,*,#1852,.T.);
#1934 = ADVANCED_FACE('',(#1935),#1922,.T.);
#1935 = FACE_BOUND('',#1936,.T.);
#1936 = EDGE_LOOP('',(#1937,#1959,#1986,#1987));
#1937 = ORIENTED_EDGE('',*,*,#1938,.T.);
#1938 = EDGE_CURVE('',#1885,#1939,#1941,.T.);
#1939 = VERTEX_POINT('',#1940);
#1940 = CARTESIAN_POINT('',(-8.,12.,30.));
#1941 = SEAM_CURVE('',#1942,(#1946,#1952),.PCURVE_S1.);
#1942 = LINE('',#1943,#1944);
#1943 = CARTESIAN_POINT('',(-26.,12.,30.));
#1944 = VECTOR('',#1945,1.);
#1945 = DIRECTION('',(1.,0.,0.));
#1946 = PCURVE('',#1922,#1947);
#1947 = DEFINITIONAL_REPRESENTATION('',(#1948),#1951);
#1948 = B_SPLINE_CURVE_WITH_KNOTS('',1,(#1949,#1950),.UNSPECIFIED.,.F.,
  .F.,(2,2),(0.,18.),.PIECEWISE_BEZIER_KNOTS.);
#1949 = CARTESIAN_POINT('',(6.28318530718,0.));
#1950 = CARTESIAN_POINT('',(6.28318530718,18.));
#1951 = ( GEOMETRIC_REPRESENTATION_CONTEXT(2) 
PARAMETRIC_REPRESENTATION_CONTEXT() REPRESENTATION_CONTEXT('2D SPACE',''
  ) );
#1952 = PCURVE('',#1922,#1953);
#1953 = DEFINITIONAL_REPRESENTATION('',(#1954),#1958);
#1954 = LINE('',#1955,#1956);
#1955 = CARTESIAN_POINT('',(0.,0.));
#1956 = VECTOR('',#1957,1.);
#1957 = DIRECTION('',(0.,1.));
#1958 = ( GEOMETRIC_REPRESENTATION_CONTEXT(2) 
PARAMETRIC_REPRESENTATION_CONTEXT() REPRESENTATION_CONTEXT('2D SPACE',''
  ) );
#1959 = ORIENTED_EDGE('',*,*,#1960,.F.);
#1960 = EDGE_CURVE('',#1939,#1939,#1961,.T.);
#1961 = SURFACE_CURVE('',#1962,(#1967,#1974),.PCURVE_S1.);
#1962 = CIRCLE('',#1963,12.);
#1963 = AXIS2_PLACEMENT_3D('',#1964,#1965,#1966);
#1964 = CARTESIAN_POINT('',(-8.,0.,30.));
#1965 = DIRECTION('',(1.,0.,0.));
#1966 = DIRECTION('',(-0.,1.,0.));
#1967 = PCURVE('',#1922,#1968);
#1968 = DEFINITIONAL_REPRESENTATION('',(#1969),#1973);
#1969 = LINE('',#1970,#1971);
#1970 = CARTESIAN_POINT('',(0.,18.));
#1971 = VECTOR('',#1972,1.);
#1972 = DIRECTION('',(1.,0.));
#1973 = ( GEOMETRIC_REPRESENTATION_CONTEXT(2) 
PARAMETRIC_REPRESENTATION_CONTEXT() REPRESENTATION_CONTEXT('2D SPACE',''
  ) );
#1974 = PCURVE('',#1975,#1980);
#1975 = PLANE('',#1976);
#1976 = AXIS2_PLACEMENT_3D('',#1977,#1978,#1979);
#1977 = CARTESIAN_POINT('',(-8.,-6.837200662697E-16,30.));
#1978 = DIRECTION('',(1.,0.,0.));
#1979 = DIRECTION('',(-0.,0.,1.));
#1980 = DEFINITIONAL_REPRESENTATION('',(#1981),#1985);
#1981 = CIRCLE('',#1982,12.);
#1982 = AXIS2_PLACEMENT_2D('',#1983,#1984);
#1983 = CARTESIAN_POINT('',(0.,-6.837200662697E-16));
#1984 = DIRECTION('',(0.,-1.));
#1985 = ( GEOMETRIC_REPRESENTATION_CONTEXT(2) 
PARAMETRIC_REPRESENTATION_CONTEXT() REPRESENTATION_CONTEXT('2D SPACE',''
  ) );
#1986 = ORIENTED_EDGE('',*,*,#1938,.F.);
#1987 = ORIENTED_EDGE('',*,*,#1907,.F.);
#1988 = ADVANCED_FACE('',(#1989),#92,.F.);
#1989 = FACE_BOUND('',#1990,.F.);
#1990 = EDGE_LOOP('',(#1991));
#1991 = ORIENTED_EDGE('',*,*,#77,.T.);
#1992 = ADVANCED_FACE('',(#1993),#1975,.T.);
#1993 = FACE_BOUND('',#1994,.T.);
#1994 = EDGE_LOOP('',(#1995));
#1995 = ORIENTED_EDGE('',*,*,#1960,.T.);
#1996 = ( GEOMETRIC_REPRESENTATION_CONTEXT(3) 
GLOBAL_UNCERTAINTY_ASSIGNED_CONTEXT((#2000)) 
GLOBAL_UNIT_ASSIGNED_CONTEXT((#1997,#1998,#1999)) REPRESENTATION_CONTEXT
('Context #1','3D Context with UNIT and UNCERTAINTY') );
#1997 = ( LENGTH_UNIT() NAMED_UNIT(*) SI_UNIT(.MILLI.,.METRE.) );
#1998 = ( NAMED_UNIT(*) PLANE_ANGLE_UNIT() SI_UNIT($,.RADIAN.) );
#1999 = ( NAMED_UNIT(*) SI_UNIT($,.STERADIAN.) SOLID_ANGLE_UNIT() );
#2000 = UNCERTAINTY_MEASURE_WITH_UNIT(LENGTH_MEASURE(5.E-05),#1997,
  'distance_accuracy_value','confusion accuracy');
#2001 = PRODUCT_RELATED_PRODUCT_CATEGORY('part',$,(#7));
ENDSEC;
END-ISO-10303-21;
